시도_코드,시도_약칭,시군구_코드,주_용도_코드,주_용도_코드_명,규모_구분,총_주차_대수_합계
47,경북,47280,01000,단독주택,10대 이하,2466
47,경북,47830,03000,제1종근린생활시설,10대 이하,652
43,충북,43740,10000,교육연구시설,10대 이하,11
29,광주,29170,12000,수련시설,10대 이하,9
48,경남,48129,04000,제2종근린생활시설,51-100대,174
46,전남,46870,Z8000,교육연구및복지시설,10대 이하,0
41,경기,41150,02000,공동주택,100대 이상,349442
47,경북,47210,13000,운동시설,100대 이상,231
29,광주,29200,30000,자원순환관련시설,21-50대,23
11,서울,11545,18000,창고시설,21-50대,71
46,전남,46170,11000,노유자시설,100대 이상,522
46,전남,46780,07000,판매시설,11-20대,20
46,전남,46900,27000,관광휴게시설,10대 이하,9
11,서울,11200,05000,문화및집회시설,21-50대,66
44,충남,44230,21000,동물및식물관련시설,10대 이하,53
11,서울,11230,Z5000,문화및집회시설,10대 이하,0
44,충남,44810,,,10대 이하,49
48,경남,48250,27000,관광휴게시설,11-20대,11
47,경북,47940,14000,업무시설,10대 이하,0
43,충북,43770,,,10대 이하,15
41,경기,41287,13000,운동시설,51-100대,438
43,충북,43760,05000,문화및집회시설,11-20대,26
41,경기,41463,14000,업무시설,100대 이상,3003
43,충북,43112,20000,자동차관련시설,51-100대,308
44,충남,44230,01000,단독주택,100대 이상,184
47,경북,47900,31000,야영장시설,11-20대,20
47,경북,47130,Z5000,문화및집회시설,21-50대,44
27,대구,27200,10000,교육연구시설,51-100대,534
51,강원,51190,Z8000,교육연구및복지시설,21-50대,22
41,경기,41250,Z5000,문화및집회시설,51-100대,85
45,전북,45750,09000,의료시설,10대 이하,10
28,인천,28177,09000,의료시설,10대 이하,30
46,전남,46840,10000,교육연구시설,11-20대,14
31,울산,31170,07000,판매시설,51-100대,188
41,경기,41500,01000,단독주택,11-20대,6720
48,경남,48240,16000,위락시설,10대 이하,87
43,충북,43111,23000,교정및군사시설,10대 이하,53
41,경기,41113,20000,자동차관련시설,10대 이하,353
41,경기,41670,05000,문화및집회시설,21-50대,132
48,경남,48310,Z9000,공공용시설,10대 이하,0
41,경기,41590,07000,판매시설,11-20대,173
28,인천,28260,15000,숙박시설,51-100대,58
41,경기,41630,16000,위락시설,10대 이하,8
46,전남,46870,05000,문화및집회시설,21-50대,49
47,경북,47840,18000,창고시설,21-50대,103
48,경남,48170,01000,단독주택,10대 이하,24251
44,충남,44790,14000,업무시설,10대 이하,43
28,인천,28245,11000,노유자시설,21-50대,378
28,인천,28185,09000,의료시설,21-50대,114
30,대전,30110,24000,방송통신시설,51-100대,92
41,경기,41670,30000,자원순환관련시설,10대 이하,54
11,서울,11650,08000,운수시설,51-100대,88
44,충남,44810,Z8000,교육연구및복지시설,21-50대,61
41,경기,41820,14000,업무시설,21-50대,309
50,제주,50130,22000,분뇨.쓰레기처리시설,11-20대,49
27,대구,27260,Z9000,공공용시설,11-20대,13
31,울산,31170,01000,단독주택,51-100대,90
51,강원,51190,14000,업무시설,21-50대,171
41,경기,41800,10000,교육연구시설,100대 이상,408
43,충북,43720,10000,교육연구시설,21-50대,59
46,전남,46810,12000,수련시설,21-50대,44
29,광주,29155,30000,자원순환관련시설,100대 이상,311
27,대구,27720,Z9000,공공용시설,10대 이하,0
51,강원,51820,23000,교정및군사시설,10대 이하,44
44,충남,44810,13000,운동시설,21-50대,54
51,강원,51790,10000,교육연구시설,21-50대,373
46,전남,46730,03000,제1종근린생활시설,51-100대,93
48,경남,48250,07000,판매시설,100대 이상,9817
50,제주,50130,06000,종교시설,100대 이상,269
43,충북,43730,Z3000,근린생활시설,10대 이하,0
51,강원,51720,09000,의료시설,100대 이상,1802
50,제주,50110,05000,문화및집회시설,21-50대,936
36,세종,36110,19000,위험물저장및처리시설,100대 이상,112
47,경북,47230,01000,단독주택,21-50대,46
51,강원,51750,26000,묘지관련시설,10대 이하,0
41,경기,41271,15000,숙박시설,11-20대,218
43,충북,43150,11000,노유자시설,10대 이하,198
27,대구,27200,06000,종교시설,21-50대,269
47,경북,47750,01000,단독주택,21-50대,92
41,경기,41465,04000,제2종근린생활시설,100대 이상,519
46,전남,46880,07000,판매시설,10대 이하,44
41,경기,41210,03000,제1종근린생활시설,10대 이하,1096
46,전남,46230,,,51-100대,122
26,부산,26500,06000,종교시설,51-100대,223
47,경북,47930,12000,수련시설,21-50대,30
48,경남,48720,,,10대 이하,11
43,충북,43720,24000,방송통신시설,10대 이하,0
44,충남,44800,06000,종교시설,51-100대,77
41,경기,41131,01000,단독주택,10대 이하,9450
41,경기,41390,14000,업무시설,51-100대,2126
41,경기,41210,02000,공동주택,21-50대,734
51,강원,51760,Z8000,교육연구및복지시설,100대 이상,150
44,충남,44210,01000,단독주택,100대 이상,600
47,경북,47730,12000,수련시설,21-50대,92
48,경남,48127,27000,관광휴게시설,10대 이하,0
45,전북,45140,11000,노유자시설,11-20대,180
30,대전,30170,11000,노유자시설,10대 이하,255
50,제주,50110,24000,방송통신시설,11-20대,16
41,경기,41190,02000,공동주택,51-100대,7726
51,강원,51730,26000,묘지관련시설,10대 이하,11
48,경남,48270,17000,공장,100대 이상,10366
27,대구,27110,04000,제2종근린생활시설,10대 이하,1814
41,경기,41670,12000,수련시설,21-50대,93
51,강원,51110,30000,자원순환관련시설,100대 이상,842
46,전남,46790,07000,판매시설,100대 이상,887
41,경기,41113,14000,업무시설,100대 이상,7259
11,서울,11110,15000,숙박시설,21-50대,215
41,경기,41500,,,100대 이상,1467
11,서울,11140,22000,분뇨.쓰레기처리시설,11-20대,20
30,대전,30140,02000,공동주택,100대 이상,102800
27,대구,27140,02000,공동주택,11-20대,2679
48,경남,48860,05000,문화및집회시설,11-20대,86
48,경남,48310,07000,판매시설,11-20대,49
48,경남,48850,16000,위락시설,10대 이하,4
26,부산,26410,20000,자동차관련시설,51-100대,230
47,경북,47280,17000,공장,100대 이상,2368
46,전남,46130,03000,제1종근린생활시설,11-20대,934
28,인천,28710,Z3000,근린생활시설,10대 이하,9
43,충북,43770,09000,의료시설,51-100대,215
41,경기,41550,01000,단독주택,11-20대,4130
28,인천,28110,07000,판매시설,21-50대,44
51,강원,51790,22000,분뇨.쓰레기처리시설,21-50대,31
47,경북,47170,14000,업무시설,100대 이상,42330
50,제주,50110,Z3000,근린생활시설,10대 이하,35
47,경북,47150,17000,공장,10대 이하,854
48,경남,48820,03000,제1종근린생활시설,21-50대,433
41,경기,41461,03000,제1종근린생활시설,100대 이상,366
46,전남,46890,29000,장례시설,21-50대,22
41,경기,41287,31000,야영장시설,10대 이하,4
48,경남,48129,26000,묘지관련시설,10대 이하,4
47,경북,47840,10000,교육연구시설,10대 이하,70
11,서울,11620,20000,자동차관련시설,51-100대,377
11,서울,11200,04000,제2종근린생활시설,11-20대,800
43,충북,43114,18000,창고시설,51-100대,60
41,경기,41590,01000,단독주택,100대 이상,53880
26,부산,26230,10000,교육연구시설,100대 이상,30811
41,경기,41285,06000,종교시설,100대 이상,516
48,경남,48170,07000,판매시설,51-100대,169
11,서울,11545,20000,자동차관련시설,21-50대,294
45,전북,45800,12000,수련시설,10대 이하,12
47,경북,47130,Z6000,판매및영업시설,10대 이하,0
45,전북,45790,01000,단독주택,21-50대,53
28,인천,28245,09000,의료시설,100대 이상,1022
47,경북,47770,10000,교육연구시설,11-20대,84
44,충남,44180,19000,위험물저장및처리시설,11-20대,12
44,충남,44133,19000,위험물저장및처리시설,100대 이상,508
27,대구,27710,30000,자원순환관련시설,21-50대,150
41,경기,41150,,,10대 이하,94
46,전남,46890,,,10대 이하,47
46,전남,46110,Z8000,교육연구및복지시설,21-50대,88
43,충북,43150,14000,업무시설,100대 이상,611
46,전남,46890,10000,교육연구시설,51-100대,83
48,경남,48310,30000,자원순환관련시설,10대 이하,48
11,서울,11650,04000,제2종근린생활시설,10대 이하,11695
27,대구,27230,Z8000,교육연구및복지시설,11-20대,19
47,경북,47850,04000,제2종근린생활시설,11-20대,260
41,경기,41650,04000,제2종근린생활시설,11-20대,690
11,서울,11440,15000,숙박시설,100대 이상,1306
31,울산,31200,02000,공동주택,51-100대,788
46,전남,46150,06000,종교시설,21-50대,355
41,경기,41630,18000,창고시설,100대 이상,309
46,전남,46130,14000,업무시설,21-50대,831
44,충남,44250,03000,제1종근린생활시설,100대 이상,156
45,전북,45140,02000,공동주택,11-20대,486
41,경기,41820,11000,노유자시설,21-50대,257
41,경기,41590,04000,제2종근린생활시설,100대 이상,3841
11,서울,11230,16000,위락시설,11-20대,12
44,충남,44770,18000,창고시설,10대 이하,60
41,경기,41250,13000,운동시설,10대 이하,2
47,경북,47170,18000,창고시설,51-100대,96
41,경기,41650,04000,제2종근린생활시설,10대 이하,7574
27,대구,27200,17000,공장,10대 이하,12
51,강원,51790,24000,방송통신시설,10대 이하,0
47,경북,47850,09000,의료시설,10대 이하,3
44,충남,44760,18000,창고시설,10대 이하,81
46,전남,46860,,,11-20대,15
46,전남,46790,23000,교정및군사시설,10대 이하,0
27,대구,27110,14000,업무시설,21-50대,960
41,경기,41570,Z8000,교육연구및복지시설,100대 이상,525
41,경기,41273,09000,의료시설,100대 이상,3042
47,경북,47170,12000,수련시설,10대 이하,0
50,제주,50110,03000,제1종근린생활시설,21-50대,2515
48,경남,48330,,,100대 이상,868
47,경북,47210,18999,기타창고시설,10대 이하,0
47,경북,47760,03000,제1종근린생활시설,10대 이하,187
46,전남,46130,01000,단독주택,51-100대,54
27,대구,27230,01000,단독주택,10대 이하,23720
48,경남,48121,18000,창고시설,10대 이하,544
46,전남,46230,Z8000,교육연구및복지시설,10대 이하,8
46,전남,46230,13000,운동시설,10대 이하,30
11,서울,11410,09000,의료시설,51-100대,132
45,전북,45740,,,21-50대,36
44,충남,44180,33000,"국방,군사시설",10대 이하,0
41,경기,41390,11000,노유자시설,10대 이하,386
47,경북,47150,29000,장례시설,11-20대,11
27,대구,27260,16000,위락시설,11-20대,39
11,서울,11410,06000,종교시설,51-100대,447
41,경기,41800,31000,야영장시설,10대 이하,0
41,경기,41550,07000,판매시설,10대 이하,22
51,강원,51750,03000,제1종근린생활시설,10대 이하,588
47,경북,47900,15000,숙박시설,11-20대,51
43,충북,43114,20000,자동차관련시설,10대 이하,140
11,서울,11110,14000,업무시설,11-20대,646
47,경북,47930,03000,제1종근린생활시설,21-50대,434
43,충북,43730,04000,제2종근린생활시설,10대 이하,714
45,전북,45113,18000,창고시설,11-20대,316
11,서울,11230,02000,공동주택,11-20대,3101
46,전남,46910,18000,창고시설,51-100대,149
48,경남,48330,24000,방송통신시설,51-100대,65
48,경남,48740,12000,수련시설,21-50대,43
51,강원,51780,17000,공장,10대 이하,235
51,강원,51230,21000,동물및식물관련시설,100대 이상,108
43,충북,43770,15000,숙박시설,10대 이하,256
45,전북,45750,10000,교육연구시설,100대 이상,693
46,전남,46150,13000,운동시설,11-20대,35
43,충북,43114,17000,공장,11-20대,1779
43,충북,43740,10000,교육연구시설,11-20대,52
29,광주,29110,05000,문화및집회시설,10대 이하,68
41,경기,41630,07000,판매시설,100대 이상,2571
41,경기,41115,07000,판매시설,11-20대,50
31,울산,31710,05000,문화및집회시설,11-20대,136
26,부산,26290,09000,의료시설,100대 이상,1535
43,충북,43111,11000,노유자시설,21-50대,127
47,경북,47760,02000,공동주택,11-20대,149
48,경남,48330,09000,의료시설,11-20대,119
29,광주,29170,02005,부대시설,10대 이하,0
41,경기,41390,25000,발전시설,11-20대,24
51,강원,51790,17000,공장,11-20대,97
41,경기,41271,21000,동물및식물관련시설,100대 이상,177
46,전남,46900,01000,단독주택,100대 이상,205
47,경북,47130,14000,업무시설,21-50대,1426
46,전남,46820,09000,의료시설,10대 이하,10
28,인천,28720,09000,의료시설,21-50대,43
27,대구,27170,02000,공동주택,10대 이하,3698
27,대구,27290,20000,자동차관련시설,51-100대,643
11,서울,11200,10000,교육연구시설,10대 이하,86
41,경기,41590,25000,발전시설,21-50대,45
41,경기,41190,14000,업무시설,11-20대,415
43,충북,43760,13000,운동시설,21-50대,30
43,충북,43111,14000,업무시설,10대 이하,158
48,경남,48860,17000,공장,51-100대,72
11,서울,11545,Z3000,근린생활시설,10대 이하,30
48,경남,48720,31000,야영장시설,11-20대,12
51,강원,51730,10000,교육연구시설,21-50대,286
43,충북,43150,15000,숙박시설,100대 이상,926
11,서울,11110,01000,단독주택,100대 이상,102
44,충남,44210,03000,제1종근린생활시설,21-50대,892
28,인천,28177,14000,업무시설,10대 이하,973
41,경기,41630,Z8000,교육연구및복지시설,10대 이하,6
30,대전,30230,05000,문화및집회시설,51-100대,94
11,서울,11380,05000,문화및집회시설,21-50대,75
46,전남,46230,05000,문화및집회시설,10대 이하,44
46,전남,46170,,,100대 이상,1240
11,서울,11500,05000,문화및집회시설,10대 이하,10
45,전북,45740,30000,자원순환관련시설,21-50대,56
46,전남,46910,05000,문화및집회시설,51-100대,60
41,경기,41271,02000,공동주택,11-20대,2271
44,충남,44790,04000,제2종근린생활시설,11-20대,152
41,경기,41410,11000,노유자시설,11-20대,41
46,전남,46860,03000,제1종근린생활시설,11-20대,172
47,경북,47113,09000,의료시설,100대 이상,2613
46,전남,46150,04000,제2종근린생활시설,100대 이상,363
44,충남,44200,10000,교육연구시설,11-20대,229
31,울산,31140,03000,제1종근린생활시설,11-20대,1263
41,경기,41463,10000,교육연구시설,10대 이하,339
41,경기,41171,20000,자동차관련시설,10대 이하,58
46,전남,46900,11000,노유자시설,51-100대,55
11,서울,11215,30000,자원순환관련시설,21-50대,23
43,충북,43745,18000,창고시설,100대 이상,286
26,부산,26170,03000,제1종근린생활시설,11-20대,99
46,전남,46150,Z8000,교육연구및복지시설,10대 이하,0
28,인천,28200,03000,제1종근린생활시설,10대 이하,2195
11,서울,11560,05000,문화및집회시설,21-50대,36
46,전남,46840,01000,단독주택,21-50대,68
45,전북,45130,22000,분뇨.쓰레기처리시설,10대 이하,56
44,충남,44200,06000,종교시설,100대 이상,213
47,경북,47111,05000,문화및집회시설,51-100대,185
47,경북,47840,26000,묘지관련시설,11-20대,20
41,경기,41550,13000,운동시설,21-50대,297
48,경남,48310,22000,분뇨.쓰레기처리시설,10대 이하,24
41,경기,41131,05000,문화및집회시설,11-20대,45
45,전북,45210,13000,운동시설,10대 이하,16
41,경기,41281,22000,분뇨.쓰레기처리시설,51-100대,114
48,경남,48880,14000,업무시설,10대 이하,77
41,경기,41150,22000,분뇨.쓰레기처리시설,21-50대,78
46,전남,46830,16000,위락시설,10대 이하,21
11,서울,11740,05000,문화및집회시설,10대 이하,8
43,충북,43150,01000,단독주택,10대 이하,6374
46,전남,46880,04000,제2종근린생활시설,21-50대,175
51,강원,51150,12000,수련시설,11-20대,63
11,서울,11545,03000,제1종근린생활시설,10대 이하,1252
11,서울,11170,08000,운수시설,10대 이하,9
11,서울,11740,04000,제2종근린생활시설,51-100대,238
48,경남,48270,29000,장례시설,10대 이하,9
26,부산,26500,15000,숙박시설,100대 이상,142
46,전남,46780,04000,제2종근린생활시설,51-100대,88
47,경북,47190,01001,단독주택,10대 이하,8
41,경기,41650,12100,생활권수련시설,10대 이하,0
46,전남,46880,03000,제1종근린생활시설,100대 이상,370
48,경남,48870,05000,문화및집회시설,10대 이하,7
43,충북,43113,22000,분뇨.쓰레기처리시설,100대 이상,329
46,전남,46150,02000,공동주택,51-100대,1655
44,충남,44760,04000,제2종근린생활시설,11-20대,79
27,대구,27260,18000,창고시설,10대 이하,45
11,서울,11290,10000,교육연구시설,51-100대,1003
48,경남,48121,Z9000,공공용시설,10대 이하,0
46,전남,46730,07000,판매시설,21-50대,106
31,울산,31200,14000,업무시설,51-100대,455
41,경기,41171,15000,숙박시설,21-50대,131
41,경기,41310,13000,운동시설,11-20대,15
41,경기,41670,,,21-50대,23
31,울산,31140,24000,방송통신시설,10대 이하,0
41,경기,41131,11000,노유자시설,21-50대,120
28,인천,28200,14000,업무시설,11-20대,634
41,경기,41550,03000,제1종근린생활시설,21-50대,819
43,충북,43130,18000,창고시설,21-50대,125
28,인천,28237,01000,단독주택,10대 이하,3576
45,전북,45130,02000,공동주택,51-100대,2063
41,경기,41465,27000,관광휴게시설,10대 이하,0
46,전남,46170,20000,자동차관련시설,10대 이하,79
26,부산,26260,02000,공동주택,21-50대,2335
41,경기,41670,11000,노유자시설,100대 이상,965
48,경남,48740,26000,묘지관련시설,51-100대,96
47,경북,47920,02000,공동주택,100대 이상,820
47,경북,47900,24000,방송통신시설,10대 이하,2
11,서울,11620,,,10대 이하,2
11,서울,11305,24000,방송통신시설,100대 이상,159
41,경기,41113,04000,제2종근린생활시설,51-100대,139
46,전남,46230,15000,숙박시설,21-50대,314
44,충남,44150,26000,묘지관련시설,100대 이상,885
26,부산,26110,20000,자동차관련시설,10대 이하,19
46,전남,46130,08000,운수시설,51-100대,213
48,경남,48890,18000,창고시설,11-20대,54
44,충남,44131,08000,운수시설,100대 이상,325
43,충북,43750,29000,장례시설,100대 이상,133
46,전남,46170,21000,동물및식물관련시설,10대 이하,60
45,전북,45111,Z5000,문화및집회시설,100대 이상,360
26,부산,26140,04000,제2종근린생활시설,21-50대,251
11,서울,11380,04000,제2종근린생활시설,10대 이하,3502
46,전남,46840,13000,운동시설,51-100대,74
41,경기,41281,24000,방송통신시설,21-50대,43
48,경남,48860,16000,위락시설,10대 이하,9
50,제주,50110,04001,일반음식점,10대 이하,0
28,인천,28110,17000,공장,21-50대,301
43,충북,43111,06000,종교시설,100대 이상,120
29,광주,29200,16000,위락시설,11-20대,35
45,전북,45790,27000,관광휴게시설,100대 이상,230
48,경남,48170,18000,창고시설,10대 이하,543
41,경기,41273,Z3000,근린생활시설,11-20대,47
46,전남,46710,03000,제1종근린생활시설,11-20대,332
41,경기,41190,06000,종교시설,11-20대,541
45,전북,45740,30000,자원순환관련시설,10대 이하,11
43,충북,43770,13000,운동시설,10대 이하,28
50,제주,50130,15000,숙박시설,51-100대,3368
11,서울,11650,13000,운동시설,10대 이하,0
28,인천,28185,09000,의료시설,100대 이상,457
11,서울,11215,Z3000,근린생활시설,11-20대,52
41,경기,41461,06000,종교시설,10대 이하,280
41,경기,41590,18000,창고시설,51-100대,1492
51,강원,51800,10000,교육연구시설,10대 이하,43
29,광주,29155,19000,위험물저장및처리시설,11-20대,12
46,전남,46880,25000,발전시설,10대 이하,3
29,광주,29140,20000,자동차관련시설,100대 이상,4138
44,충남,44825,17000,공장,21-50대,143
11,서울,11560,13000,운동시설,51-100대,227
48,경남,48840,03000,제1종근린생활시설,100대 이상,109
51,강원,51810,02000,공동주택,21-50대,124
11,서울,11590,07000,판매시설,11-20대,15
41,경기,41150,07000,판매시설,100대 이상,6048
45,전북,45140,18000,창고시설,10대 이하,295
41,경기,41171,Z9000,공공용시설,10대 이하,0
41,경기,41220,23000,교정및군사시설,100대 이상,1687
43,충북,43720,24000,방송통신시설,21-50대,70
48,경남,48840,20000,자동차관련시설,10대 이하,2
44,충남,44131,30000,자원순환관련시설,11-20대,15
41,경기,41430,05000,문화및집회시설,51-100대,88
47,경북,47170,06000,종교시설,21-50대,196
11,서울,11260,17000,공장,51-100대,81
41,경기,41670,,,100대 이상,771
41,경기,41287,06000,종교시설,10대 이하,82
11,서울,11380,20000,자동차관련시설,100대 이상,1864
46,전남,46870,Z8000,교육연구및복지시설,11-20대,26
41,경기,41115,01000,단독주택,21-50대,45
44,충남,44270,10000,교육연구시설,100대 이상,1604
47,경북,47230,14000,업무시설,51-100대,588
47,경북,47820,25000,발전시설,10대 이하,2
43,충북,43720,09000,의료시설,21-50대,23
36,세종,36110,20000,자동차관련시설,51-100대,455
29,광주,29110,04000,제2종근린생활시설,100대 이상,358
43,충북,43130,01000,단독주택,10대 이하,10866
26,부산,26470,06000,종교시설,11-20대,109
45,전북,45710,33000,"국방,군사시설",10대 이하,0
36,세종,36110,05000,문화및집회시설,100대 이상,1836
43,충북,43730,14000,업무시설,100대 이상,240
51,강원,51800,11000,노유자시설,10대 이하,20
30,대전,30230,18000,창고시설,10대 이하,564
47,경북,47170,12000,수련시설,100대 이상,2580
46,전남,46780,10000,교육연구시설,51-100대,108
51,강원,51170,30000,자원순환관련시설,21-50대,35
48,경남,48890,31000,야영장시설,51-100대,76
26,부산,26380,12000,수련시설,100대 이상,160
11,서울,11290,03000,제1종근린생활시설,51-100대,421
43,충북,43150,27000,관광휴게시설,10대 이하,5
26,부산,26410,06000,종교시설,10대 이하,154
44,충남,44800,09000,의료시설,11-20대,11
27,대구,27110,14000,업무시설,10대 이하,98
50,제주,50130,07000,판매시설,21-50대,126
30,대전,30230,24000,방송통신시설,10대 이하,0
31,울산,31110,Z3000,근린생활시설,21-50대,21
41,경기,41480,31000,야영장시설,21-50대,47
45,전북,45113,05000,문화및집회시설,11-20대,28
45,전북,45750,25000,발전시설,10대 이하,0
46,전남,46810,15000,숙박시설,11-20대,26
43,충북,43113,20000,자동차관련시설,51-100대,731
31,울산,31200,30000,자원순환관련시설,10대 이하,16
11,서울,11560,10000,교육연구시설,21-50대,561
41,경기,41390,19000,위험물저장및처리시설,11-20대,117
45,전북,45800,03000,제1종근린생활시설,11-20대,382
30,대전,30200,17000,공장,10대 이하,1103
48,경남,48125,14000,업무시설,51-100대,402
44,충남,44760,23000,교정및군사시설,10대 이하,0
11,서울,11380,31000,야영장시설,10대 이하,2
41,경기,41210,14000,업무시설,100대 이상,4483
26,부산,26440,10000,교육연구시설,11-20대,159
48,경남,48880,13000,운동시설,21-50대,70
41,경기,41390,07000,판매시설,11-20대,69
27,대구,27140,05000,문화및집회시설,21-50대,89
11,서울,11410,09000,의료시설,21-50대,128
44,충남,44710,14000,업무시설,21-50대,22
41,경기,41360,21000,동물및식물관련시설,10대 이하,120
51,강원,51130,18000,창고시설,11-20대,389
48,경남,48220,31000,야영장시설,10대 이하,0
47,경북,47770,13000,운동시설,10대 이하,0
26,부산,26500,Z6000,판매및영업시설,10대 이하,0
45,전북,45790,07000,판매시설,11-20대,20
28,인천,28140,14000,업무시설,10대 이하,18
41,경기,41133,14000,업무시설,21-50대,961
41,경기,41650,06000,종교시설,10대 이하,280
47,경북,47230,Z6000,판매및영업시설,10대 이하,0
41,경기,41281,05000,문화및집회시설,100대 이상,1377
47,경북,47210,10000,교육연구시설,21-50대,507
26,부산,26530,20000,자동차관련시설,21-50대,235
46,전남,46150,20000,자동차관련시설,100대 이상,732
48,경남,48730,20000,자동차관련시설,21-50대,21
41,경기,41150,06000,종교시설,21-50대,547
26,부산,26230,24000,방송통신시설,10대 이하,0
47,경북,47840,23000,교정및군사시설,10대 이하,5
48,경남,48330,17000,공장,21-50대,4627
36,세종,36110,27000,관광휴게시설,10대 이하,7
46,전남,46730,01000,단독주택,11-20대,90
51,강원,51760,15000,숙박시설,100대 이상,115060
48,경남,48240,14000,업무시설,100대 이상,1262
45,전북,45130,19000,위험물저장및처리시설,11-20대,64
26,부산,26380,06000,종교시설,10대 이하,136
41,경기,41820,Z8000,교육연구및복지시설,21-50대,26
41,경기,41290,Z8000,교육연구및복지시설,51-100대,67
47,경북,47130,01000,단독주택,10대 이하,21809
46,전남,46720,03000,제1종근린생활시설,21-50대,212
11,서울,11680,05000,문화및집회시설,51-100대,564
48,경남,48820,26000,묘지관련시설,10대 이하,0
46,전남,46900,31000,야영장시설,10대 이하,0
48,경남,48250,12000,수련시설,21-50대,202
45,전북,45210,20000,자동차관련시설,21-50대,78
51,강원,51190,Z3000,근린생활시설,10대 이하,2
26,부산,26530,,,10대 이하,34
41,경기,41570,21000,동물및식물관련시설,100대 이상,170
48,경남,48270,06000,종교시설,10대 이하,115
48,경남,48170,11000,노유자시설,21-50대,131
47,경북,47170,15000,숙박시설,10대 이하,309
11,서울,11290,Z6000,판매및영업시설,100대 이상,706
41,경기,41173,05000,문화및집회시설,11-20대,59
47,경북,47280,05000,문화및집회시설,10대 이하,52
46,전남,46110,13000,운동시설,100대 이상,315
45,전북,45790,21000,동물및식물관련시설,21-50대,35
48,경남,48127,Z3000,근린생활시설,10대 이하,25
45,전북,45111,04000,제2종근린생활시설,100대 이상,386
41,경기,41271,05000,문화및집회시설,21-50대,162
41,경기,41390,02000,공동주택,10대 이하,8417
11,서울,11290,03000,제1종근린생활시설,10대 이하,2223
41,경기,41450,29000,장례시설,51-100대,54
11,서울,11500,30000,자원순환관련시설,11-20대,50
51,강원,51790,02000,공동주택,10대 이하,104
41,경기,41281,04000,제2종근린생활시설,51-100대,1290
48,경남,48860,18000,창고시설,10대 이하,134
46,전남,46710,10000,교육연구시설,100대 이상,1767
26,부산,26170,17000,공장,21-50대,21
48,경남,48240,07000,판매시설,21-50대,49
43,충북,43730,12000,수련시설,21-50대,35
27,대구,27110,Z8000,교육연구및복지시설,10대 이하,8
27,대구,27260,07000,판매시설,21-50대,161
48,경남,48123,20000,자동차관련시설,21-50대,142
45,전북,45111,15000,숙박시설,100대 이상,651
47,경북,47290,17000,공장,100대 이상,48711
51,강원,51730,21000,동물및식물관련시설,10대 이하,19
11,서울,11410,03000,제1종근린생활시설,51-100대,168
30,대전,30140,14000,업무시설,51-100대,1032
41,경기,41463,20000,자동차관련시설,10대 이하,177
48,경남,48740,05000,문화및집회시설,10대 이하,31
41,경기,41135,13000,운동시설,21-50대,88
41,경기,41285,26000,묘지관련시설,10대 이하,0
27,대구,27290,03000,제1종근린생활시설,11-20대,1527
41,경기,41360,08000,운수시설,100대 이상,130
26,부산,26500,15000,숙박시설,21-50대,104
28,인천,28245,13000,운동시설,21-50대,136
29,광주,29155,02003,다세대주택,10대 이하,0
47,경북,47190,02000,공동주택,51-100대,2971
48,경남,48740,15000,숙박시설,10대 이하,84
28,인천,28260,06000,종교시설,100대 이상,227
41,경기,41220,11000,노유자시설,21-50대,228
29,광주,29200,15000,숙박시설,10대 이하,184
11,서울,11320,31000,야영장시설,10대 이하,0
44,충남,44210,25000,발전시설,21-50대,72
51,강원,51720,07000,판매시설,10대 이하,11
29,광주,29140,18000,창고시설,21-50대,176
41,경기,41650,20000,자동차관련시설,10대 이하,307
45,전북,45720,Z8000,교육연구및복지시설,11-20대,19
51,강원,51130,16000,위락시설,100대 이상,106
41,경기,41800,18000,창고시설,10대 이하,105
43,충북,43150,15000,숙박시설,51-100대,72
45,전북,45720,02000,공동주택,100대 이상,4438
31,울산,31710,01000,단독주택,51-100대,251
41,경기,41830,03000,제1종근린생활시설,10대 이하,2003
48,경남,48170,30000,자원순환관련시설,21-50대,138
41,경기,41171,,,100대 이상,287
41,경기,41135,17000,공장,51-100대,95
48,경남,48121,08000,운수시설,10대 이하,17
41,경기,41650,30000,자원순환관련시설,21-50대,119
47,경북,47190,02003,다세대주택,10대 이하,0
45,전북,45113,03000,제1종근린생활시설,10대 이하,3581
47,경북,47230,23000,교정및군사시설,11-20대,24
45,전북,45180,22000,분뇨.쓰레기처리시설,11-20대,36
46,전남,46130,12000,수련시설,21-50대,21
41,경기,41310,20000,자동차관련시설,10대 이하,53
46,전남,46840,08000,운수시설,10대 이하,0
41,경기,41450,14000,업무시설,51-100대,734
47,경북,47820,11000,노유자시설,11-20대,11
41,경기,41670,11000,노유자시설,10대 이하,104
27,대구,27290,10000,교육연구시설,51-100대,1615
47,경북,47900,10000,교육연구시설,51-100대,285
48,경남,48220,15000,숙박시설,11-20대,573
46,전남,46130,27000,관광휴게시설,10대 이하,0
41,경기,41630,14000,업무시설,11-20대,133
30,대전,30200,10000,교육연구시설,10대 이하,412
51,강원,51190,15000,숙박시설,100대 이상,4504
48,경남,48720,03000,제1종근린생활시설,11-20대,280
46,전남,46900,05000,문화및집회시설,100대 이상,140
48,경남,48240,14000,업무시설,11-20대,173
30,대전,30170,09000,의료시설,11-20대,43
41,경기,41287,12000,수련시설,11-20대,13
45,전북,45210,01000,단독주택,21-50대,59
41,경기,41465,17000,공장,21-50대,49
41,경기,41287,03000,제1종근린생활시설,100대 이상,571
26,부산,26440,18000,창고시설,51-100대,712
46,전남,46790,18000,창고시설,51-100대,185
28,인천,28200,03000,제1종근린생활시설,21-50대,2496
48,경남,48220,07000,판매시설,51-100대,92
26,부산,26710,10000,교육연구시설,11-20대,168
47,경북,47930,02000,공동주택,51-100대,624
26,부산,26410,14000,업무시설,21-50대,1508
51,강원,51720,27000,관광휴게시설,100대 이상,5121
45,전북,45210,Z5000,문화및집회시설,10대 이하,6
11,서울,11215,27000,관광휴게시설,10대 이하,0
47,경북,47190,10000,교육연구시설,11-20대,290
44,충남,44810,11000,노유자시설,11-20대,40
11,서울,11560,20000,자동차관련시설,51-100대,96
47,경북,47280,19000,위험물저장및처리시설,10대 이하,18
46,전남,46880,,,10대 이하,10
44,충남,44180,08000,운수시설,51-100대,57
46,전남,46150,06000,종교시설,51-100대,70
44,충남,44770,16000,위락시설,10대 이하,2
44,충남,44825,29000,장례시설,51-100대,56
46,전남,46130,22000,분뇨.쓰레기처리시설,21-50대,24
11,서울,11740,14000,업무시설,11-20대,721
47,경북,47280,29000,장례시설,10대 이하,0
47,경북,47820,Z8000,교육연구및복지시설,10대 이하,0
43,충북,43113,15000,숙박시설,11-20대,219
26,부산,26350,05000,문화및집회시설,11-20대,28
48,경남,48840,07000,판매시설,11-20대,20
41,경기,41117,03000,제1종근린생활시설,10대 이하,774
41,경기,41480,11000,노유자시설,100대 이상,1102
43,충북,43112,11000,노유자시설,21-50대,209
50,제주,50130,Z8000,교육연구및복지시설,21-50대,45
46,전남,46860,Z5000,문화및집회시설,10대 이하,0
26,부산,26200,10000,교육연구시설,100대 이상,13033
45,전북,45210,22000,분뇨.쓰레기처리시설,21-50대,60
50,제주,50130,07000,판매시설,11-20대,36
45,전북,45190,16000,위락시설,21-50대,51
51,강원,51760,22000,분뇨.쓰레기처리시설,11-20대,13
11,서울,11440,Z8000,교육연구및복지시설,10대 이하,8
45,전북,45180,18000,창고시설,11-20대,87
44,충남,44250,22000,분뇨.쓰레기처리시설,10대 이하,6
26,부산,26440,20000,자동차관련시설,10대 이하,163
45,전북,45790,14000,업무시설,21-50대,214
11,서울,11290,06000,종교시설,11-20대,497
26,부산,26440,06000,종교시설,51-100대,100
47,경북,47920,,,10대 이하,2
31,울산,31200,13000,운동시설,51-100대,297
26,부산,26290,Z9000,공공용시설,10대 이하,0
41,경기,41131,14000,업무시설,51-100대,1067
26,부산,26530,07000,판매시설,10대 이하,26
51,강원,51170,06000,종교시설,10대 이하,82
46,전남,46170,02000,공동주택,10대 이하,284
44,충남,44710,07000,판매시설,100대 이상,163
43,충북,43113,06000,종교시설,21-50대,354
43,충북,43730,17000,공장,10대 이하,873
43,충북,43111,05000,문화및집회시설,51-100대,83
31,울산,31170,07000,판매시설,11-20대,13
29,광주,29200,16000,위락시설,51-100대,63
41,경기,41610,29000,장례시설,51-100대,100
48,경남,48870,17000,공장,51-100대,168
51,강원,51760,07000,판매시설,11-20대,36
28,인천,28237,Z3000,근린생활시설,51-100대,71
51,강원,51790,23000,교정및군사시설,11-20대,34
30,대전,30140,14000,업무시설,100대 이상,2626
11,서울,11650,10000,교육연구시설,100대 이상,10570
29,광주,29200,24000,방송통신시설,100대 이상,456
47,경북,47750,21000,동물및식물관련시설,10대 이하,0
41,경기,41220,18000,창고시설,100대 이상,26801
26,부산,26290,05000,문화및집회시설,10대 이하,22
28,인천,28245,Z6000,판매및영업시설,51-100대,81
27,대구,27290,04000,제2종근린생활시설,10대 이하,5250
48,경남,48121,15000,숙박시설,51-100대,231
27,대구,27170,14000,업무시설,100대 이상,128
41,경기,41550,27000,관광휴게시설,100대 이상,12900
47,경북,47111,16000,위락시설,10대 이하,191
11,서울,11500,09000,의료시설,10대 이하,31
31,울산,31140,20000,자동차관련시설,21-50대,206
41,경기,41220,30000,자원순환관련시설,51-100대,262
41,경기,41461,20000,자동차관련시설,21-50대,309
46,전남,46820,31000,야영장시설,11-20대,168
41,경기,41463,10000,교육연구시설,11-20대,501
44,충남,44180,Z3000,근린생활시설,10대 이하,131
11,서울,11230,10000,교육연구시설,21-50대,461
44,충남,44710,05000,문화및집회시설,10대 이하,9
51,강원,51110,11000,노유자시설,10대 이하,348
36,세종,36110,23000,교정및군사시설,100대 이상,118
31,울산,31110,24000,방송통신시설,21-50대,46
26,부산,26470,10000,교육연구시설,11-20대,65
11,서울,11440,05000,문화및집회시설,10대 이하,13
26,부산,26290,09000,의료시설,11-20대,47
26,부산,26530,05000,문화및집회시설,11-20대,37
43,충북,43150,Z8000,교육연구및복지시설,10대 이하,0
41,경기,41500,22000,분뇨.쓰레기처리시설,10대 이하,60
43,충북,43740,01000,단독주택,10대 이하,1049
46,전남,46170,14000,업무시설,10대 이하,60
41,경기,41480,17000,공장,21-50대,9551
30,대전,30230,,,100대 이상,1700
41,경기,41463,10000,교육연구시설,51-100대,2482
47,경북,47113,11000,노유자시설,10대 이하,218
46,전남,46860,,,51-100대,68
27,대구,27260,01000,단독주택,10대 이하,19468
46,전남,46110,05000,문화및집회시설,10대 이하,29
47,경북,47900,13000,운동시설,10대 이하,20
29,광주,29140,20000,자동차관련시설,51-100대,1261
11,서울,11170,Z8000,교육연구및복지시설,51-100대,227
48,경남,48740,04000,제2종근린생활시설,21-50대,142
48,경남,48250,11000,노유자시설,11-20대,116
44,충남,44710,22000,분뇨.쓰레기처리시설,21-50대,157
30,대전,30170,24000,방송통신시설,21-50대,48
41,경기,41500,10000,교육연구시설,21-50대,1105
46,전남,46130,18000,창고시설,21-50대,287
41,경기,41800,06000,종교시설,51-100대,66
44,충남,44131,07000,판매시설,11-20대,28
45,전북,45111,Z6000,판매및영업시설,21-50대,31
50,제주,50130,13000,운동시설,100대 이상,11826
11,서울,11410,08000,운수시설,10대 이하,0
43,충북,43114,10000,교육연구시설,11-20대,174
11,서울,11680,06000,종교시설,11-20대,299
44,충남,44230,09000,의료시설,11-20대,73
46,전남,46890,23000,교정및군사시설,10대 이하,8
30,대전,30200,Z5000,문화및집회시설,10대 이하,8
51,강원,51730,33000,"국방,군사시설",10대 이하,0
47,경북,47113,02003,다세대주택,10대 이하,0
46,전남,46780,17000,공장,51-100대,145
47,경북,47130,Z9000,공공용시설,10대 이하,0
43,충북,43770,30000,자원순환관련시설,11-20대,60
51,강원,51820,10000,교육연구시설,51-100대,199
47,경북,47190,02000,공동주택,10대 이하,3887
47,경북,47280,24000,방송통신시설,10대 이하,6
51,강원,51170,16000,위락시설,11-20대,29
44,충남,44825,02000,공동주택,21-50대,545
47,경북,47830,03000,제1종근린생활시설,21-50대,553
48,경남,48740,19000,위험물저장및처리시설,10대 이하,40
41,경기,41650,01000,단독주택,51-100대,119
51,강원,51190,30000,자원순환관련시설,10대 이하,5
27,대구,27140,13000,운동시설,10대 이하,0
27,대구,27200,20000,자동차관련시설,51-100대,208
27,대구,27720,Z8000,교육연구및복지시설,10대 이하,27
30,대전,30110,,,10대 이하,88
51,강원,51110,31000,야영장시설,21-50대,108
44,충남,44810,25000,발전시설,10대 이하,0
41,경기,41410,17000,공장,100대 이상,11746
11,서울,11650,03000,제1종근린생활시설,11-20대,1201
51,강원,51150,30000,자원순환관련시설,11-20대,28
46,전남,46830,04000,제2종근린생활시설,100대 이상,228
26,부산,26500,20000,자동차관련시설,51-100대,391
46,전남,46890,18000,창고시설,51-100대,55
41,경기,41500,02000,공동주택,51-100대,1033
48,경남,48250,06000,종교시설,11-20대,357
48,경남,48850,29000,장례시설,10대 이하,0
28,인천,28260,13000,운동시설,21-50대,202
44,충남,44131,14000,업무시설,51-100대,1104
28,인천,28710,16000,위락시설,10대 이하,8
51,강원,51150,Z8000,교육연구및복지시설,10대 이하,29
41,경기,41115,07000,판매시설,100대 이상,2043
47,경북,47130,06000,종교시설,10대 이하,414
31,울산,31170,17000,공장,10대 이하,19
11,서울,11230,07000,판매시설,100대 이상,3699
11,서울,11380,01000,단독주택,10대 이하,7987
45,전북,45720,22000,분뇨.쓰레기처리시설,11-20대,40
46,전남,46170,Z3000,근린생활시설,10대 이하,4
43,충북,43800,04000,제2종근린생활시설,21-50대,26
41,경기,41285,20000,자동차관련시설,11-20대,217
45,전북,45140,01000,단독주택,21-50대,119
11,서울,11170,15000,숙박시설,11-20대,38
28,인천,28710,11000,노유자시설,21-50대,284
27,대구,27710,02000,공동주택,100대 이상,175692
43,충북,43130,05000,문화및집회시설,11-20대,65
44,충남,44150,05000,문화및집회시설,11-20대,74
46,전남,46810,10000,교육연구시설,21-50대,1413
11,서울,11410,04000,제2종근린생활시설,11-20대,658
48,경남,48730,14000,업무시설,21-50대,273
44,충남,44810,11000,노유자시설,21-50대,92
41,경기,41115,13000,운동시설,100대 이상,2097
47,경북,47150,02000,공동주택,10대 이하,467
47,경북,47900,09000,의료시설,10대 이하,7
48,경남,48870,29000,장례시설,11-20대,20
46,전남,46870,21000,동물및식물관련시설,11-20대,50
47,경북,47770,05000,문화및집회시설,10대 이하,22
47,경북,47170,03000,제1종근린생활시설,10대 이하,2015
51,강원,51230,17000,공장,100대 이상,16786
41,경기,41113,11000,노유자시설,51-100대,57
51,강원,51800,16000,위락시설,11-20대,12
26,부산,26290,04000,제2종근린생활시설,100대 이상,101
11,서울,11380,04000,제2종근린생활시설,21-50대,297
51,강원,51830,12000,수련시설,10대 이하,10
28,인천,28720,13000,운동시설,21-50대,26
48,경남,48170,Z5000,문화및집회시설,21-50대,58
47,경북,47280,26000,묘지관련시설,11-20대,16
29,광주,29155,18000,창고시설,10대 이하,130
41,경기,41281,19000,위험물저장및처리시설,21-50대,21
28,인천,28185,20000,자동차관련시설,51-100대,139
51,강원,51720,10000,교육연구시설,11-20대,360
29,광주,29155,12000,수련시설,10대 이하,3
45,전북,45140,Z3000,근린생활시설,21-50대,37
51,강원,51770,08000,운수시설,10대 이하,10
47,경북,47840,15000,숙박시설,21-50대,123
47,경북,47850,22000,분뇨.쓰레기처리시설,11-20대,29
43,충북,43740,14000,업무시설,100대 이상,312
48,경남,48270,22000,분뇨.쓰레기처리시설,11-20대,20
26,부산,26170,06000,종교시설,21-50대,68
50,제주,50110,07000,판매시설,11-20대,47
41,경기,41670,21000,동물및식물관련시설,11-20대,59
29,광주,29170,15000,숙박시설,11-20대,182
45,전북,45740,Z9000,공공용시설,10대 이하,0
51,강원,51790,15000,숙박시설,51-100대,54
45,전북,45710,20000,자동차관련시설,11-20대,109
11,서울,11620,14000,업무시설,10대 이하,1747
11,서울,11440,10000,교육연구시설,11-20대,278
41,경기,41290,14000,업무시설,100대 이상,5684
50,제주,50130,30000,자원순환관련시설,51-100대,82
41,경기,41190,,,21-50대,57
48,경남,48240,04000,제2종근린생활시설,10대 이하,3039
48,경남,48850,17000,공장,21-50대,161
46,전남,46810,01000,단독주택,10대 이하,855
28,인천,28260,24000,방송통신시설,100대 이상,337
26,부산,26110,06000,종교시설,10대 이하,40
46,전남,46170,17000,공장,51-100대,1450
27,대구,27260,14000,업무시설,11-20대,489
27,대구,27720,23000,교정및군사시설,10대 이하,0
43,충북,43740,13000,운동시설,100대 이상,411
46,전남,46150,02000,공동주택,21-50대,905
44,충남,44800,21000,동물및식물관련시설,10대 이하,20
31,울산,31110,04000,제2종근린생활시설,11-20대,355
47,경북,47190,13000,운동시설,51-100대,660
48,경남,48220,27000,관광휴게시설,100대 이상,349
45,전북,45140,01000,단독주택,10대 이하,8460
26,부산,26320,09000,의료시설,51-100대,482
51,강원,51750,Z8000,교육연구및복지시설,10대 이하,7
41,경기,41273,07000,판매시설,51-100대,268
46,전남,46780,11000,노유자시설,11-20대,11
45,전북,45800,06000,종교시설,11-20대,81
26,부산,26230,27000,관광휴게시설,51-100대,94
51,강원,51810,05000,문화및집회시설,11-20대,44
45,전북,45750,05000,문화및집회시설,21-50대,25
43,충북,43111,06000,종교시설,10대 이하,172
48,경남,48270,04202,성당,10대 이하,0
27,대구,27170,14000,업무시설,21-50대,331
48,경남,48250,04000,제2종근린생활시설,100대 이상,8676
28,인천,28177,05000,문화및집회시설,100대 이상,131
44,충남,44270,04000,제2종근린생활시설,21-50대,1125
29,광주,29155,04000,제2종근린생활시설,51-100대,184
11,서울,11215,20000,자동차관련시설,11-20대,13
46,전남,46890,29000,장례시설,10대 이하,0
41,경기,41630,04000,제2종근린생활시설,11-20대,1560
41,경기,41190,03000,제1종근린생활시설,100대 이상,3317
48,경남,48310,31000,야영장시설,10대 이하,13
47,경북,47210,07000,판매시설,100대 이상,406
48,경남,48123,13000,운동시설,10대 이하,2
51,강원,51810,15000,숙박시설,10대 이하,114
47,경북,47770,,,10대 이하,45
36,세종,36110,14000,업무시설,11-20대,250
51,강원,51110,04000,제2종근린생활시설,21-50대,1304
46,전남,46790,22000,분뇨.쓰레기처리시설,10대 이하,15
45,전북,45190,,,11-20대,14
43,충북,43750,20000,자동차관련시설,100대 이상,336
46,전남,46720,20000,자동차관련시설,100대 이상,116
51,강원,51790,Z3000,근린생활시설,10대 이하,0
48,경남,48170,02000,공동주택,100대 이상,136434
41,경기,41463,12000,수련시설,10대 이하,4
47,경북,47250,02000,공동주택,100대 이상,17386
26,부산,26380,16000,위락시설,11-20대,90
48,경남,48270,05000,문화및집회시설,11-20대,72
46,전남,46830,03000,제1종근린생활시설,51-100대,154
48,경남,48123,05000,문화및집회시설,51-100대,157
41,경기,41273,25000,발전시설,100대 이상,917
44,충남,44760,01000,단독주택,11-20대,321
44,충남,44133,08000,운수시설,51-100대,166
44,충남,44770,13000,운동시설,11-20대,13
11,서울,11650,20000,자동차관련시설,100대 이상,5142
41,경기,41610,21000,동물및식물관련시설,10대 이하,324
45,전북,45111,11000,노유자시설,21-50대,219
26,부산,26290,12000,수련시설,100대 이상,567
41,경기,41113,24000,방송통신시설,10대 이하,6
43,충북,43114,05000,문화및집회시설,11-20대,28
50,제주,50130,JY,,10대 이하,3
44,충남,44270,27000,관광휴게시설,100대 이상,647
29,광주,29170,,,11-20대,125
51,강원,51780,30000,자원순환관련시설,21-50대,32
47,경북,47150,01000,단독주택,11-20대,3677
30,대전,30140,,,100대 이상,3913
44,충남,44825,01000,단독주택,11-20대,475
46,전남,46710,13000,운동시설,51-100대,365
27,대구,27170,13000,운동시설,10대 이하,0
51,강원,51790,21000,동물및식물관련시설,10대 이하,18
28,인천,28177,03000,제1종근린생활시설,10대 이하,1418
47,경북,47111,18000,창고시설,10대 이하,433
41,경기,41135,22000,분뇨.쓰레기처리시설,100대 이상,631
44,충남,44790,04000,제2종근린생활시설,21-50대,139
45,전북,45790,13000,운동시설,11-20대,30
45,전북,45790,10000,교육연구시설,100대 이상,5063
31,울산,31140,17000,공장,10대 이하,604
51,강원,51810,18000,창고시설,10대 이하,199
45,전북,45210,18000,창고시설,11-20대,264
51,강원,51130,11000,노유자시설,51-100대,245
11,서울,11680,06000,종교시설,100대 이상,1146
41,경기,41117,05000,문화및집회시설,100대 이상,457
41,경기,41670,12000,수련시설,10대 이하,16
41,경기,41480,JY,,10대 이하,2
41,경기,41113,06000,종교시설,51-100대,484
41,경기,41360,31000,야영장시설,11-20대,20
46,전남,46890,03000,제1종근린생활시설,21-50대,232
11,서울,11545,03000,제1종근린생활시설,100대 이상,125
45,전북,45770,13000,운동시설,21-50대,69
26,부산,26710,06000,종교시설,11-20대,142
44,충남,44133,03000,제1종근린생활시설,100대 이상,1975
47,경북,47290,Z8000,교육연구및복지시설,21-50대,84
11,서울,11650,24000,방송통신시설,10대 이하,4
45,전북,45790,09000,의료시설,10대 이하,3
11,서울,11740,04000,제2종근린생활시설,100대 이상,766
27,대구,27260,10000,교육연구시설,11-20대,365
41,경기,41113,05000,문화및집회시설,10대 이하,67
26,부산,26350,07000,판매시설,100대 이상,25673
28,인천,28237,11000,노유자시설,21-50대,283
44,충남,44180,,,11-20대,12
29,광주,29200,11000,노유자시설,10대 이하,535
51,강원,51750,21000,동물및식물관련시설,51-100대,79
41,경기,41290,05000,문화및집회시설,21-50대,53
44,충남,44800,01000,단독주택,10대 이하,4012
47,경북,47850,18000,창고시설,11-20대,241
48,경남,48240,01000,단독주택,21-50대,419
44,충남,44770,11000,노유자시설,11-20대,52
48,경남,48123,07000,판매시설,100대 이상,5038
28,인천,28720,25000,발전시설,21-50대,37
41,경기,41285,19000,위험물저장및처리시설,10대 이하,126
50,제주,50110,09000,의료시설,51-100대,278
48,경남,48820,20000,자동차관련시설,11-20대,44
31,울산,31710,27000,관광휴게시설,10대 이하,16
26,부산,26500,14000,업무시설,51-100대,1661
41,경기,41220,09000,의료시설,100대 이상,1389
47,경북,47730,05000,문화및집회시설,51-100대,144
44,충남,44131,14000,업무시설,10대 이하,126
28,인천,28710,31000,야영장시설,10대 이하,85
51,강원,51800,12000,수련시설,11-20대,33
51,강원,51170,31000,야영장시설,10대 이하,3
46,전남,46870,16000,위락시설,10대 이하,20
29,광주,29140,09000,의료시설,11-20대,107
11,서울,11620,20000,자동차관련시설,10대 이하,7
47,경북,47940,20000,자동차관련시설,11-20대,11
27,대구,27230,Z6000,판매및영업시설,11-20대,19
41,경기,41550,06000,종교시설,21-50대,406
41,경기,41310,06000,종교시설,11-20대,198
44,충남,44150,06000,종교시설,51-100대,186
51,강원,51810,31000,야영장시설,100대 이상,124
43,충북,43150,07000,판매시설,100대 이상,648
48,경남,48270,06107,제실,10대 이하,0
41,경기,41630,06000,종교시설,100대 이상,863
51,강원,51170,23000,교정및군사시설,11-20대,15
11,서울,11530,10000,교육연구시설,10대 이하,178
11,서울,11470,19000,위험물저장및처리시설,10대 이하,90
46,전남,46880,06000,종교시설,11-20대,52
29,광주,29200,03000,제1종근린생활시설,100대 이상,1341
41,경기,41630,21000,동물및식물관련시설,21-50대,30
41,경기,41210,13000,운동시설,10대 이하,9
48,경남,48840,11000,노유자시설,11-20대,62
45,전북,45180,12000,수련시설,21-50대,100
27,대구,27110,08000,운수시설,10대 이하,4
43,충북,43770,18000,창고시설,11-20대,103
44,충남,44790,03000,제1종근린생활시설,51-100대,551
44,충남,44770,02000,공동주택,10대 이하,510
26,부산,26710,12000,수련시설,21-50대,33
45,전북,45180,13000,운동시설,51-100대,74
11,서울,11560,,,51-100대,189
41,경기,41430,18000,창고시설,100대 이상,382
28,인천,28245,Z3000,근린생활시설,51-100대,65
44,충남,44760,19000,위험물저장및처리시설,10대 이하,15
41,경기,41461,01000,단독주택,11-20대,5820
26,부산,26140,18000,창고시설,100대 이상,2013
11,서울,11590,20000,자동차관련시설,10대 이하,4
51,강원,51760,21000,동물및식물관련시설,100대 이상,674
27,대구,27720,05000,문화및집회시설,51-100대,190
44,충남,44200,18000,창고시설,10대 이하,1079
41,경기,41830,17000,공장,10대 이하,182
48,경남,48720,27000,관광휴게시설,11-20대,11
11,서울,11305,13000,운동시설,11-20대,16
48,경남,48121,03000,제1종근린생활시설,100대 이상,119
41,경기,41650,27000,관광휴게시설,11-20대,18
45,전북,45180,09000,의료시설,51-100대,326
41,경기,41360,18000,창고시설,10대 이하,1177
28,인천,28200,17000,공장,11-20대,6919
41,경기,41590,Z6000,판매및영업시설,100대 이상,298
45,전북,45140,14000,업무시설,10대 이하,30
47,경북,47920,01000,단독주택,11-20대,117
41,경기,41190,04000,제2종근린생활시설,21-50대,3019
45,전북,45130,30000,자원순환관련시설,10대 이하,65
47,경북,47820,02000,공동주택,100대 이상,1600
51,강원,51790,11000,노유자시설,10대 이하,56
28,인천,28245,10000,교육연구시설,51-100대,586
28,인천,28237,04000,제2종근린생활시설,51-100대,421
41,경기,41171,18000,창고시설,10대 이하,9
26,부산,26440,33000,"국방,군사시설",11-20대,12
27,대구,27260,02000,공동주택,11-20대,1389
11,서울,11290,09000,의료시설,51-100대,134
26,부산,26230,04000,제2종근린생활시설,51-100대,388
26,부산,26290,13000,운동시설,11-20대,33
43,충북,43113,21000,동물및식물관련시설,21-50대,24
46,전남,46720,23000,교정및군사시설,10대 이하,0
41,경기,41171,15000,숙박시설,10대 이하,239
11,서울,11260,22000,분뇨.쓰레기처리시설,21-50대,45
50,제주,50130,Z3000,근린생활시설,21-50대,23
41,경기,41171,20000,자동차관련시설,100대 이상,1180
51,강원,51150,20000,자동차관련시설,100대 이상,1057
11,서울,11560,Z6000,판매및영업시설,100대 이상,619
48,경남,48860,02000,공동주택,51-100대,511
48,경남,48129,06000,종교시설,51-100대,58
41,경기,41410,17000,공장,51-100대,1330
41,경기,41210,10000,교육연구시설,21-50대,1226
45,전북,45790,01000,단독주택,11-20대,364
41,경기,41281,07000,판매시설,21-50대,139
51,강원,51760,,,21-50대,45
28,인천,28245,03000,제1종근린생활시설,21-50대,1080
45,전북,45710,10000,교육연구시설,51-100대,601
41,경기,41461,Z8000,교육연구및복지시설,11-20대,18
31,울산,31200,11000,노유자시설,11-20대,73
41,경기,41271,13000,운동시설,21-50대,230
41,경기,41360,23000,교정및군사시설,10대 이하,66
41,경기,41820,05000,문화및집회시설,100대 이상,2713
51,강원,51830,24000,방송통신시설,10대 이하,0
43,충북,43750,19000,위험물저장및처리시설,11-20대,16
41,경기,41271,11000,노유자시설,11-20대,91
48,경남,48890,03000,제1종근린생활시설,11-20대,285
11,서울,11545,09000,의료시설,51-100대,279
51,강원,51830,22000,분뇨.쓰레기처리시설,100대 이상,102
45,전북,45130,17000,공장,21-50대,5542
46,전남,46820,06000,종교시설,10대 이하,56
48,경남,48270,30000,자원순환관련시설,10대 이하,85
41,경기,41287,06000,종교시설,11-20대,254
44,충남,44710,07000,판매시설,51-100대,53
46,전남,46130,01001,단독주택,10대 이하,6
46,전남,46170,10000,교육연구시설,21-50대,741
41,경기,41150,02000,공동주택,10대 이하,6132
26,부산,26440,08000,운수시설,51-100대,399
41,경기,41390,Z3000,근린생활시설,21-50대,74
44,충남,44180,29000,장례시설,10대 이하,0
44,충남,44710,10000,교육연구시설,51-100대,868
41,경기,41135,14000,업무시설,51-100대,3576
46,전남,46840,17000,공장,100대 이상,759
11,서울,11620,01000,단독주택,10대 이하,21347
26,부산,26380,01000,단독주택,10대 이하,1222
47,경북,47920,17000,공장,11-20대,150
43,충북,43111,10000,교육연구시설,21-50대,761
51,강원,51720,30000,자원순환관련시설,10대 이하,29
44,충남,44133,07000,판매시설,21-50대,195
41,경기,41500,30000,자원순환관련시설,100대 이상,155
11,서울,11710,17000,공장,21-50대,97
51,강원,51730,c,,10대 이하,0
43,충북,43113,09000,의료시설,21-50대,436
46,전남,46910,16000,위락시설,10대 이하,0
44,충남,44230,30000,자원순환관련시설,10대 이하,49
47,경북,47930,09000,의료시설,100대 이상,1219
50,제주,50130,,,10대 이하,47
26,부산,26470,,,10대 이하,34
41,경기,41360,24000,방송통신시설,21-50대,186
44,충남,44230,22000,분뇨.쓰레기처리시설,10대 이하,80
46,전남,46130,19000,위험물저장및처리시설,10대 이하,143
41,경기,41465,14000,업무시설,11-20대,109
46,전남,46130,05000,문화및집회시설,100대 이상,4009
27,대구,27720,17000,공장,51-100대,266
46,전남,46230,12000,수련시설,10대 이하,0
41,경기,41630,Z6000,판매및영업시설,10대 이하,0
41,경기,41273,,,10대 이하,30
47,경북,47210,09000,의료시설,21-50대,215
51,강원,51230,18000,창고시설,51-100대,69
41,경기,41250,12000,수련시설,11-20대,13
47,경북,47920,19000,위험물저장및처리시설,11-20대,42
43,충북,43720,14000,업무시설,100대 이상,140
43,충북,43760,17000,공장,21-50대,720
51,강원,51170,18000,창고시설,100대 이상,150
29,광주,29170,Z6000,판매및영업시설,21-50대,40
41,경기,41250,09000,의료시설,10대 이하,4
47,경북,47290,21000,동물및식물관련시설,10대 이하,14
41,경기,41250,33000,"국방,군사시설",10대 이하,0
41,경기,41190,09000,의료시설,11-20대,112
26,부산,26410,14000,업무시설,10대 이하,241
36,세종,36110,30000,자원순환관련시설,21-50대,226
41,경기,41220,29000,장례시설,21-50대,69
45,전북,45113,15000,숙박시설,10대 이하,817
41,경기,41461,20000,자동차관련시설,51-100대,330
41,경기,41800,22000,분뇨.쓰레기처리시설,10대 이하,10
45,전북,45740,18000,창고시설,21-50대,51
46,전남,46770,10000,교육연구시설,21-50대,72
28,인천,28200,15000,숙박시설,11-20대,251
28,인천,28245,11000,노유자시설,11-20대,75
44,충남,44825,09000,의료시설,10대 이하,0
30,대전,30200,16000,위락시설,51-100대,71
46,전남,46860,14000,업무시설,51-100대,254
41,경기,41570,17000,공장,11-20대,8377
11,서울,11380,09000,의료시설,51-100대,217
11,서울,11380,04000,제2종근린생활시설,11-20대,615
47,경북,47840,21000,동물및식물관련시설,10대 이하,30
46,전남,46730,21000,동물및식물관련시설,10대 이하,17
48,경남,48220,15000,숙박시설,21-50대,398
44,충남,44270,02000,공동주택,100대 이상,159472
41,경기,41670,24000,방송통신시설,51-100대,51
44,충남,44200,09000,의료시설,100대 이상,357
45,전북,45111,04000,제2종근린생활시설,10대 이하,6378
41,경기,41650,17000,공장,21-50대,3707
47,경북,47111,04000,제2종근린생활시설,51-100대,130
11,서울,11320,10000,교육연구시설,100대 이상,3745
41,경기,41480,20000,자동차관련시설,10대 이하,731
44,충남,44230,33000,"국방,군사시설",10대 이하,0
43,충북,43750,14000,업무시설,21-50대,250
44,충남,44131,07000,판매시설,21-50대,77
26,부산,26290,Z5000,문화및집회시설,21-50대,31
50,제주,50110,22000,분뇨.쓰레기처리시설,10대 이하,40
11,서울,11380,16000,위락시설,10대 이하,0
51,강원,51150,16000,위락시설,10대 이하,38
31,울산,31710,10000,교육연구시설,51-100대,1935
41,경기,41670,01000,단독주택,11-20대,3538
43,충북,43740,03000,제1종근린생활시설,10대 이하,307
43,충북,43720,04000,제2종근린생활시설,11-20대,37
26,부산,26710,20000,자동차관련시설,10대 이하,89
44,충남,44230,05000,문화및집회시설,10대 이하,28
41,경기,41461,22000,분뇨.쓰레기처리시설,51-100대,51
45,전북,45140,05000,문화및집회시설,100대 이상,1381
47,경북,47130,,,10대 이하,94
47,경북,47150,08000,운수시설,21-50대,40
29,광주,29155,20000,자동차관련시설,51-100대,424
11,서울,11545,06000,종교시설,10대 이하,115
41,경기,41271,10000,교육연구시설,10대 이하,70
48,경남,48820,10000,교육연구시설,100대 이상,196
11,서울,11410,10000,교육연구시설,21-50대,789
51,강원,51210,14000,업무시설,100대 이상,415
41,경기,41220,29000,장례시설,51-100대,73
41,경기,41273,06000,종교시설,10대 이하,188
51,강원,51810,05000,문화및집회시설,21-50대,49
47,경북,47930,03000,제1종근린생활시설,11-20대,111
30,대전,30230,01000,단독주택,11-20대,1642
47,경북,47920,17000,공장,10대 이하,143
47,경북,47170,10000,교육연구시설,100대 이상,3513
41,경기,41370,30000,자원순환관련시설,10대 이하,25
51,강원,51820,14000,업무시설,100대 이상,124
43,충북,43114,29000,장례시설,10대 이하,3
11,서울,11380,02000,공동주택,10대 이하,37578
11,서울,11530,06000,종교시설,51-100대,256
47,경북,47920,14000,업무시설,51-100대,58
48,경남,48870,14000,업무시설,11-20대,82
26,부산,26530,Z8000,교육연구및복지시설,10대 이하,0
46,전남,46150,24000,방송통신시설,10대 이하,11
41,경기,41450,11000,노유자시설,100대 이상,144
48,경남,48870,02000,공동주택,21-50대,504
51,강원,51820,02000,공동주택,10대 이하,68
46,전남,46230,10000,교육연구시설,100대 이상,3639
45,전북,45113,04000,제2종근린생활시설,11-20대,1555
41,경기,41500,06000,종교시설,11-20대,187
46,전남,46110,07000,판매시설,11-20대,65
51,강원,51130,09000,의료시설,21-50대,344
51,강원,51130,12000,수련시설,21-50대,28
44,충남,44180,05000,문화및집회시설,10대 이하,19
46,전남,46910,18000,창고시설,10대 이하,250
45,전북,45140,06000,종교시설,21-50대,560
11,서울,11560,09000,의료시설,51-100대,616
44,충남,44250,27000,관광휴게시설,100대 이상,142
47,경북,47230,05000,문화및집회시설,21-50대,202
45,전북,45130,10000,교육연구시설,21-50대,1431
51,강원,51150,14000,업무시설,100대 이상,1829
41,경기,41135,09000,의료시설,21-50대,175
11,서울,11500,01000,단독주택,21-50대,100
41,경기,41220,15000,숙박시설,10대 이하,923
41,경기,41150,06000,종교시설,100대 이상,405
41,경기,41150,20000,자동차관련시설,100대 이상,1825
41,경기,41650,06000,종교시설,11-20대,180
11,서울,11215,01003,다가구주택,10대 이하,11
48,경남,48740,14000,업무시설,10대 이하,23
51,강원,51150,17000,공장,100대 이상,1050
41,경기,41281,17000,공장,10대 이하,452
26,부산,26410,08000,운수시설,10대 이하,0
31,울산,31170,Z3000,근린생활시설,100대 이상,287
41,경기,41820,04000,제2종근린생활시설,10대 이하,3536
36,세종,36110,03000,제1종근린생활시설,51-100대,4716
30,대전,30170,05000,문화및집회시설,11-20대,25
41,경기,41210,17000,공장,10대 이하,48
48,경남,48270,02000,공동주택,51-100대,898
29,광주,29200,02000,공동주택,10대 이하,306
41,경기,41173,20000,자동차관련시설,100대 이상,4729
41,경기,41570,15000,숙박시설,100대 이상,552
26,부산,26290,17000,공장,51-100대,67
11,서울,11620,Z8000,교육연구및복지시설,51-100대,335
50,제주,50130,17000,공장,21-50대,347
31,울산,31140,15000,숙박시설,11-20대,258
41,경기,41271,09000,의료시설,21-50대,250
46,전남,46130,14000,업무시설,10대 이하,137
46,전남,46790,07000,판매시설,10대 이하,15
47,경북,47920,06000,종교시설,11-20대,50
29,광주,29200,11000,노유자시설,21-50대,224
11,서울,11200,06000,종교시설,21-50대,446
41,경기,41650,13000,운동시설,51-100대,607
41,경기,41281,01001,단독주택,10대 이하,0
41,경기,41111,Z5000,문화및집회시설,10대 이하,0
41,경기,41650,30000,자원순환관련시설,100대 이상,196
47,경북,47113,14000,업무시설,21-50대,402
51,강원,51110,06000,종교시설,100대 이상,238
47,경북,47290,Z3000,근린생활시설,10대 이하,0
29,광주,29110,17000,공장,51-100대,68
44,충남,44800,05000,문화및집회시설,10대 이하,56
26,부산,26440,01000,단독주택,21-50대,90
48,경남,48127,20000,자동차관련시설,21-50대,80
44,충남,44810,02000,공동주택,10대 이하,757
28,인천,28260,21000,동물및식물관련시설,10대 이하,33
41,경기,41370,09000,의료시설,100대 이상,141
48,경남,48730,13000,운동시설,51-100대,264
46,전남,46790,16000,위락시설,10대 이하,5
46,전남,46800,09000,의료시설,11-20대,13
28,인천,28237,01000,단독주택,11-20대,20
29,광주,29110,16000,위락시설,11-20대,19
46,전남,46800,14000,업무시설,10대 이하,14
48,경남,48123,30000,자원순환관련시설,10대 이하,10
26,부산,26710,02000,공동주택,11-20대,1339
46,전남,46150,13000,운동시설,21-50대,297
47,경북,47840,17000,공장,10대 이하,3791
47,경북,47170,Z8000,교육연구및복지시설,51-100대,145
44,충남,44760,27000,관광휴게시설,21-50대,46
41,경기,41480,13000,운동시설,21-50대,293
47,경북,47930,02000,공동주택,11-20대,1218
51,강원,51230,19000,위험물저장및처리시설,10대 이하,28
45,전북,45790,02000,공동주택,100대 이상,3181
48,경남,48121,22000,분뇨.쓰레기처리시설,21-50대,25
48,경남,48730,06000,종교시설,10대 이하,90
41,경기,41820,02000,공동주택,21-50대,1371
46,전남,46230,09000,의료시설,100대 이상,104
44,충남,44800,14000,업무시설,51-100대,328
41,경기,41273,03000,제1종근린생활시설,11-20대,473
47,경북,47750,14000,업무시설,51-100대,216
48,경남,48250,20000,자동차관련시설,21-50대,721
45,전북,45111,20000,자동차관련시설,11-20대,157
31,울산,31710,04000,제2종근린생활시설,21-50대,1481
46,전남,46730,02000,공동주택,51-100대,308
41,경기,41220,31000,야영장시설,21-50대,55
41,경기,41630,23000,교정및군사시설,100대 이상,5310
44,충남,44760,06000,종교시설,51-100대,202
43,충북,43800,25000,발전시설,10대 이하,0
47,경북,47113,13000,운동시설,10대 이하,82
28,인천,28110,Z3000,근린생활시설,51-100대,62
46,전남,46720,06000,종교시설,11-20대,17
47,경북,47290,22000,분뇨.쓰레기처리시설,10대 이하,99
45,전북,45190,19000,위험물저장및처리시설,11-20대,37
43,충북,43720,Z8000,교육연구및복지시설,10대 이하,0
27,대구,27230,23000,교정및군사시설,10대 이하,12
46,전남,46790,09000,의료시설,51-100대,589
11,서울,11590,09000,의료시설,100대 이상,1847
31,울산,31140,03000,제1종근린생활시설,100대 이상,438
51,강원,51810,10000,교육연구시설,10대 이하,83
26,부산,26410,07000,판매시설,10대 이하,15
31,울산,31200,01000,단독주택,21-50대,240
41,경기,41150,01000,단독주택,11-20대,209
48,경남,48250,12000,수련시설,100대 이상,420
46,전남,46730,01000,단독주택,10대 이하,1139
41,경기,41370,22000,분뇨.쓰레기처리시설,10대 이하,24
41,경기,41450,05000,문화및집회시설,100대 이상,16876
47,경북,47840,02000,공동주택,11-20대,202
48,경남,48170,19000,위험물저장및처리시설,11-20대,33
41,경기,41111,10000,교육연구시설,100대 이상,14906
11,서울,11545,Z8000,교육연구및복지시설,10대 이하,0
28,인천,28200,18000,창고시설,10대 이하,126
26,부산,26230,01001,단독주택,10대 이하,0
47,경북,47210,03000,제1종근린생활시설,51-100대,499
41,경기,41273,04000,제2종근린생활시설,51-100대,1995
48,경남,48123,01000,단독주택,21-50대,44
31,울산,31110,Z8000,교육연구및복지시설,21-50대,71
27,대구,27230,02000,공동주택,100대 이상,256898
47,경북,47290,03000,제1종근린생활시설,11-20대,819
47,경북,47930,23000,교정및군사시설,10대 이하,0
47,경북,47900,14000,업무시설,10대 이하,24
47,경북,47840,15000,숙박시설,10대 이하,85
45,전북,45800,07000,판매시설,21-50대,57
41,경기,41461,14000,업무시설,51-100대,717
11,서울,11260,09000,의료시설,11-20대,66
46,전남,46880,01000,단독주택,11-20대,264
45,전북,45130,02000,공동주택,21-50대,1321
51,강원,51170,08000,운수시설,10대 이하,22
44,충남,44710,02000,공동주택,11-20대,325
46,전남,46790,18000,창고시설,21-50대,239
41,경기,41820,10000,교육연구시설,11-20대,407
41,경기,41250,13000,운동시설,11-20대,33
41,경기,41273,12000,수련시설,10대 이하,7
11,서울,11110,07000,판매시설,10대 이하,1
46,전남,46870,17000,공장,10대 이하,404
51,강원,51730,12000,수련시설,51-100대,72
31,울산,31140,10000,교육연구시설,21-50대,1703
41,경기,41171,09000,의료시설,100대 이상,715
28,인천,28185,10000,교육연구시설,51-100대,3252
48,경남,48310,33000,"국방,군사시설",100대 이상,118
47,경북,47111,02000,공동주택,100대 이상,100699
44,충남,44270,07000,판매시설,10대 이하,12
48,경남,48820,20000,자동차관련시설,10대 이하,32
28,인천,28237,06000,종교시설,51-100대,693
11,서울,11650,10000,교육연구시설,51-100대,1430
46,전남,46910,13000,운동시설,51-100대,74
26,부산,26200,04000,제2종근린생활시설,10대 이하,808
45,전북,45770,03000,제1종근린생활시설,100대 이상,117
28,인천,28710,Z8000,교육연구및복지시설,21-50대,86
28,인천,28237,Z3000,근린생활시설,10대 이하,77
30,대전,30110,06000,종교시설,10대 이하,223
48,경남,48270,01002,다중주택,10대 이하,0
11,서울,11350,03000,제1종근린생활시설,51-100대,319
41,경기,41820,06000,종교시설,11-20대,132
11,서울,11170,10000,교육연구시설,11-20대,167
47,경북,47840,21000,동물및식물관련시설,11-20대,27
48,경남,48220,13000,운동시설,10대 이하,8
41,경기,41800,15000,숙박시설,51-100대,55
29,광주,29140,Z8000,교육연구및복지시설,51-100대,82
45,전북,45140,09000,의료시설,21-50대,252
26,부산,26710,04000,제2종근린생활시설,21-50대,1552
46,전남,46860,14000,업무시설,100대 이상,276
11,서울,11350,Z3000,근린생활시설,11-20대,79
29,광주,29200,26000,묘지관련시설,10대 이하,0
11,서울,11350,10000,교육연구시설,10대 이하,160
46,전남,46880,15000,숙박시설,11-20대,54
31,울산,31140,22000,분뇨.쓰레기처리시설,21-50대,267
41,경기,41150,Z6000,판매및영업시설,10대 이하,0
11,서울,11620,09000,의료시설,11-20대,13
48,경남,48250,04000,제2종근린생활시설,11-20대,2269
27,대구,27290,06000,종교시설,10대 이하,194
44,충남,44210,16000,위락시설,51-100대,96
46,전남,46890,03001,소매점,10대 이하,0
44,충남,44131,04000,제2종근린생활시설,10대 이하,6347
48,경남,48880,06000,종교시설,21-50대,91
41,경기,41113,04000,제2종근린생활시설,11-20대,1134
11,서울,11545,05000,문화및집회시설,10대 이하,14
41,경기,41610,,,10대 이하,57
44,충남,44710,,,10대 이하,43
26,부산,26350,20000,자동차관련시설,51-100대,463
47,경북,47290,24000,방송통신시설,11-20대,18
45,전북,45113,Z8000,교육연구및복지시설,11-20대,65
51,강원,51190,02000,공동주택,100대 이상,14080
41,경기,41133,20000,자동차관련시설,11-20대,29
48,경남,48127,08000,운수시설,100대 이상,296
44,충남,44800,08000,운수시설,21-50대,49
11,서울,11740,24000,방송통신시설,100대 이상,103
48,경남,48123,01000,단독주택,11-20대,122
51,강원,51810,13000,운동시설,21-50대,128
11,서울,11560,12000,수련시설,21-50대,28
51,강원,51770,Z5000,문화및집회시설,10대 이하,0
27,대구,27140,01000,단독주택,100대 이상,438
48,경남,48240,04000,제2종근린생활시설,100대 이상,2784
44,충남,44133,,,10대 이하,26
26,부산,26200,14000,업무시설,21-50대,319
46,전남,46890,01000,단독주택,21-50대,21
41,경기,41390,02000,공동주택,21-50대,2836
50,제주,50130,25000,발전시설,100대 이상,1024
47,경북,47150,05000,문화및집회시설,100대 이상,236
26,부산,26230,01000,단독주택,51-100대,61
27,대구,27230,17000,공장,10대 이하,3675
44,충남,44131,02000,공동주택,11-20대,1037
51,강원,51230,02000,공동주택,51-100대,721
11,서울,11440,,,11-20대,12
47,경북,47820,30000,자원순환관련시설,10대 이하,10
41,경기,41610,07000,판매시설,11-20대,20
47,경북,47113,21000,동물및식물관련시설,10대 이하,32
41,경기,41630,08000,운수시설,21-50대,45
31,울산,31710,09000,의료시설,10대 이하,22
51,강원,51750,14000,업무시설,11-20대,43
48,경남,48310,11000,노유자시설,10대 이하,229
46,전남,46150,17000,공장,11-20대,769
31,울산,31170,07000,판매시설,21-50대,50
46,전남,46840,14000,업무시설,21-50대,452
11,서울,11305,20000,자동차관련시설,10대 이하,17
45,전북,45790,05000,문화및집회시설,21-50대,127
26,부산,26230,13000,운동시설,51-100대,151
26,부산,26380,17000,공장,10대 이하,3101
51,강원,51720,13000,운동시설,100대 이상,65787
46,전남,46150,27000,관광휴게시설,10대 이하,8
26,부산,26260,04000,제2종근린생활시설,11-20대,353
11,서울,11380,20000,자동차관련시설,21-50대,40
26,부산,26320,04000,제2종근린생활시설,10대 이하,1832
44,충남,44810,15000,숙박시설,21-50대,233
26,부산,26410,13000,운동시설,10대 이하,18
11,서울,11170,01000,단독주택,21-50대,136
47,경북,47850,13000,운동시설,11-20대,116
41,경기,41111,04000,제2종근린생활시설,21-50대,678
11,서울,11470,20000,자동차관련시설,100대 이상,3883
44,충남,44760,13000,운동시설,21-50대,65
47,경북,47830,27000,관광휴게시설,100대 이상,3096
28,인천,28185,Z8000,교육연구및복지시설,21-50대,58
31,울산,31170,18000,창고시설,11-20대,16
29,광주,29170,15000,숙박시설,21-50대,275
51,강원,51130,05000,문화및집회시설,10대 이하,27
44,충남,44710,25000,발전시설,10대 이하,0
47,경북,47280,27000,관광휴게시설,10대 이하,0
11,서울,11470,21000,동물및식물관련시설,10대 이하,0
41,경기,41820,10000,교육연구시설,100대 이상,850
29,광주,29110,20000,자동차관련시설,11-20대,14
11,서울,11620,06000,종교시설,21-50대,609
11,서울,11500,14000,업무시설,10대 이하,576
48,경남,48250,02000,공동주택,11-20대,5488
11,서울,11170,18000,창고시설,10대 이하,45
47,경북,47730,11000,노유자시설,21-50대,70
47,경북,47190,06000,종교시설,11-20대,327
46,전남,46830,04000,제2종근린생활시설,11-20대,95
11,서울,11170,Z8000,교육연구및복지시설,21-50대,159
26,부산,26710,25000,발전시설,100대 이상,30510
41,경기,41117,15000,숙박시설,100대 이상,138
47,경북,47850,21000,동물및식물관련시설,10대 이하,64
41,경기,41670,17000,공장,100대 이상,14527
26,부산,26200,04000,제2종근린생활시설,11-20대,148
51,강원,51830,01000,단독주택,10대 이하,3459
27,대구,27140,20000,자동차관련시설,51-100대,739
27,대구,27230,Z6000,판매및영업시설,100대 이상,612
44,충남,44133,10000,교육연구시설,100대 이상,10721
26,부산,26320,13000,운동시설,21-50대,127
46,전남,46110,21000,동물및식물관련시설,10대 이하,7
45,전북,45113,06000,종교시설,100대 이상,446
51,강원,51830,31000,야영장시설,11-20대,13
51,강원,51810,15000,숙박시설,21-50대,211
41,경기,41290,10000,교육연구시설,51-100대,396
44,충남,44790,31000,야영장시설,10대 이하,0
47,경북,47150,15000,숙박시설,100대 이상,423
26,부산,26380,14000,업무시설,11-20대,798
11,서울,11545,14000,업무시설,10대 이하,246
51,강원,51720,Z6000,판매및영업시설,10대 이하,7
46,전남,46720,JY,,10대 이하,0
44,충남,44770,17000,공장,10대 이하,407
29,광주,29110,03000,제1종근린생활시설,21-50대,264
44,충남,44760,17000,공장,11-20대,133
47,경북,47830,17000,공장,21-50대,2189
28,인천,28185,27000,관광휴게시설,21-50대,154
45,전북,45720,07000,판매시설,100대 이상,111
45,전북,45190,27000,관광휴게시설,51-100대,583
26,부산,26170,16000,위락시설,10대 이하,2
47,경북,47230,17000,공장,10대 이하,4567
29,광주,29170,02000,공동주택,100대 이상,577511
43,충북,43112,04000,제2종근린생활시설,10대 이하,4709
51,강원,51110,20000,자동차관련시설,11-20대,108
28,인천,28720,11000,노유자시설,11-20대,73
28,인천,28260,,,21-50대,175
30,대전,30140,15000,숙박시설,10대 이하,579
45,전북,45770,22000,분뇨.쓰레기처리시설,11-20대,11
41,경기,41115,20000,자동차관련시설,10대 이하,33
46,전남,46900,27000,관광휴게시설,11-20대,39
45,전북,45720,02000,공동주택,21-50대,178
41,경기,41290,21000,동물및식물관련시설,11-20대,43
30,대전,30170,20000,자동차관련시설,21-50대,589
44,충남,44770,17000,공장,51-100대,718
43,충북,43130,25000,발전시설,10대 이하,0
44,충남,44133,Z9000,공공용시설,10대 이하,0
41,경기,41220,03000,제1종근린생활시설,21-50대,3570
48,경남,48310,22000,분뇨.쓰레기처리시설,21-50대,29
41,경기,41480,27000,관광휴게시설,10대 이하,24
30,대전,30200,09000,의료시설,100대 이상,425
27,대구,27720,06000,종교시설,51-100대,73
46,전남,46870,01000,단독주택,11-20대,247
41,경기,41480,10000,교육연구시설,21-50대,387
41,경기,41131,13000,운동시설,100대 이상,164
11,서울,11230,10000,교육연구시설,51-100대,1116
46,전남,46840,05000,문화및집회시설,10대 이하,37
26,부산,26170,16000,위락시설,21-50대,98
47,경북,47190,27000,관광휴게시설,100대 이상,5524
43,충북,43800,14000,업무시설,10대 이하,38
41,경기,41220,17000,공장,21-50대,11501
47,경북,47820,15000,숙박시설,11-20대,170
51,강원,51170,24000,방송통신시설,10대 이하,2
43,충북,43113,30000,자원순환관련시설,100대 이상,156
41,경기,41500,05000,문화및집회시설,100대 이상,1663
44,충남,44760,15000,숙박시설,21-50대,44
43,충북,43750,10000,교육연구시설,10대 이하,67
41,경기,41630,13000,운동시설,10대 이하,165
41,경기,41117,07000,판매시설,10대 이하,0
51,강원,51790,,,100대 이상,128
41,경기,41650,17000,공장,51-100대,1851
44,충남,44150,14000,업무시설,100대 이상,3707
41,경기,41450,05000,문화및집회시설,51-100대,72
11,서울,11260,05000,문화및집회시설,10대 이하,10
47,경북,47750,Z8000,교육연구및복지시설,10대 이하,0
46,전남,46890,17000,공장,100대 이상,105
26,부산,26290,14000,업무시설,11-20대,479
48,경남,48820,18000,창고시설,21-50대,47
46,전남,46800,18000,창고시설,21-50대,82
51,강원,51110,Z5000,문화및집회시설,10대 이하,6
51,강원,51810,03000,제1종근린생활시설,11-20대,197
45,전북,45130,03000,제1종근린생활시설,10대 이하,3329
45,전북,45140,01000,단독주택,100대 이상,107
46,전남,46820,19000,위험물저장및처리시설,10대 이하,28
46,전남,46870,30000,자원순환관련시설,11-20대,11
11,서울,11440,15000,숙박시설,51-100대,142
48,경남,48840,12000,수련시설,10대 이하,14
45,전북,45790,10000,교육연구시설,51-100대,627
46,전남,46830,,,10대 이하,3
41,경기,41287,26000,묘지관련시설,10대 이하,11
41,경기,41150,25000,발전시설,100대 이상,131
30,대전,30110,10000,교육연구시설,11-20대,150
51,강원,51810,19000,위험물저장및처리시설,10대 이하,20
28,인천,28245,10000,교육연구시설,11-20대,121
41,경기,41283,04000,제2종근린생활시설,10대 이하,0
31,울산,31110,14000,업무시설,10대 이하,67
45,전북,45800,11000,노유자시설,10대 이하,89
51,강원,51730,18000,창고시설,21-50대,45
41,경기,41150,14000,업무시설,21-50대,3562
51,강원,51130,12000,수련시설,100대 이상,799
47,경북,47900,03000,제1종근린생활시설,100대 이상,175
28,인천,28237,,,21-50대,26
11,서울,11740,,,21-50대,40
44,충남,44710,,,100대 이상,544
43,충북,43770,02000,공동주택,11-20대,759
45,전북,45140,30000,자원순환관련시설,21-50대,40
26,부산,26530,10000,교육연구시설,100대 이상,14784
11,서울,11560,06000,종교시설,11-20대,235
41,경기,41283,,,10대 이하,0
41,경기,41173,18000,창고시설,21-50대,32
41,경기,41287,07000,판매시설,10대 이하,21
46,전남,46840,23000,교정및군사시설,10대 이하,0
26,부산,26530,06000,종교시설,11-20대,54
51,강원,51190,10000,교육연구시설,100대 이상,508
48,경남,48125,17000,공장,11-20대,458
26,부산,26380,15000,숙박시설,11-20대,59
41,경기,41390,08000,운수시설,10대 이하,0
41,경기,41430,18000,창고시설,51-100대,172
11,서울,11650,05000,문화및집회시설,51-100대,171
44,충남,44270,02000,공동주택,10대 이하,1482
26,부산,26470,16000,위락시설,10대 이하,17
30,대전,30200,03000,제1종근린생활시설,51-100대,927
28,인천,28110,16000,위락시설,10대 이하,16
28,인천,28245,08000,운수시설,10대 이하,0
41,경기,41650,02000,공동주택,100대 이상,35378
46,전남,46720,18000,창고시설,21-50대,33
26,부산,26200,11000,노유자시설,21-50대,21
50,제주,50110,01003,다가구주택,10대 이하,3
45,전북,45180,01000,단독주택,10대 이하,3533
46,전남,46110,26000,묘지관련시설,10대 이하,1
41,경기,41650,15000,숙박시설,51-100대,91
44,충남,44825,18000,창고시설,10대 이하,52
44,충남,44790,16000,위락시설,10대 이하,0
41,경기,41360,01000,단독주택,21-50대,380
47,경북,47840,02000,공동주택,51-100대,303
11,서울,11305,05000,문화및집회시설,10대 이하,4
26,부산,26200,02000,공동주택,11-20대,536
44,충남,44133,02000,공동주택,11-20대,1387
11,서울,11320,17000,공장,11-20대,48
44,충남,44810,14000,업무시설,10대 이하,69
47,경북,47820,05000,문화및집회시설,10대 이하,13
44,충남,44200,30000,자원순환관련시설,10대 이하,181
28,인천,28177,18000,창고시설,10대 이하,33
41,경기,41430,05000,문화및집회시설,11-20대,54
44,충남,44710,01000,단독주택,21-50대,30
11,서울,11305,04000,제2종근린생활시설,10대 이하,2620
51,강원,51830,17000,공장,10대 이하,196
27,대구,27230,21000,동물및식물관련시설,100대 이상,735
26,부산,26140,14000,업무시설,100대 이상,672
48,경남,48820,23000,교정및군사시설,10대 이하,0
26,부산,26350,20000,자동차관련시설,100대 이상,2600
31,울산,31140,15000,숙박시설,21-50대,569
41,경기,41273,10000,교육연구시설,21-50대,1468
41,경기,41113,,,100대 이상,149
46,전남,46110,10000,교육연구시설,21-50대,1142
44,충남,44790,Z3000,근린생활시설,10대 이하,0
26,부산,26320,03000,제1종근린생활시설,21-50대,971
51,강원,51190,Z5000,문화및집회시설,10대 이하,0
50,제주,50110,16000,위락시설,21-50대,52
44,충남,44131,11000,노유자시설,100대 이상,150
41,경기,41115,13000,운동시설,21-50대,90
11,서울,11215,15000,숙박시설,51-100대,57
46,전남,46150,30000,자원순환관련시설,100대 이상,153
47,경북,47280,18999,기타창고시설,10대 이하,0
41,경기,41610,01000,단독주택,21-50대,214
46,전남,46830,20000,자동차관련시설,11-20대,12
31,울산,31200,07000,판매시설,51-100대,314
41,경기,41150,31000,야영장시설,11-20대,24
41,경기,41281,18000,창고시설,100대 이상,2130
46,전남,46110,20000,자동차관련시설,21-50대,301
51,강원,51790,12000,수련시설,21-50대,25
29,광주,29170,04000,제2종근린생활시설,10대 이하,7416
45,전북,45740,10000,교육연구시설,10대 이하,32
31,울산,31140,09000,의료시설,100대 이상,1209
11,서울,11740,20000,자동차관련시설,100대 이상,1879
30,대전,30200,02007,기숙사,10대 이하,0
41,경기,41117,08000,운수시설,10대 이하,6
51,강원,51760,13000,운동시설,11-20대,119
46,전남,46720,09000,의료시설,10대 이하,13
47,경북,47830,22000,분뇨.쓰레기처리시설,11-20대,129
27,대구,27230,16000,위락시설,10대 이하,37
41,경기,41281,09000,의료시설,11-20대,46
41,경기,41113,17000,공장,51-100대,1203
28,인천,28177,05000,문화및집회시설,10대 이하,1
27,대구,27290,17000,공장,21-50대,4878
41,경기,41465,18000,창고시설,11-20대,53
28,인천,28110,18000,창고시설,21-50대,936
26,부산,26260,20000,자동차관련시설,100대 이상,1405
41,경기,41281,04000,제2종근린생활시설,21-50대,2080
28,인천,28245,22000,분뇨.쓰레기처리시설,10대 이하,0
48,경남,48270,21000,동물및식물관련시설,10대 이하,32
41,경기,41570,18000,창고시설,100대 이상,3561
41,경기,41461,30000,자원순환관련시설,21-50대,156
50,제주,50130,08000,운수시설,10대 이하,14
48,경남,48880,11000,노유자시설,10대 이하,54
26,부산,26530,03000,제1종근린생활시설,51-100대,496
46,전남,46830,07000,판매시설,10대 이하,12
44,충남,44200,11000,노유자시설,10대 이하,437
28,인천,28200,17000,공장,21-50대,7640
36,세종,36110,04000,제2종근린생활시설,11-20대,858
44,충남,44180,15000,숙박시설,51-100대,354
47,경북,47280,15000,숙박시설,10대 이하,232
48,경남,48330,12000,수련시설,21-50대,22
45,전북,45710,17000,공장,21-50대,2875
11,서울,11545,23000,교정및군사시설,10대 이하,0
46,전남,46130,01000,단독주택,100대 이상,313
45,전북,45710,14000,업무시설,51-100대,631
11,서울,11110,14000,업무시설,51-100대,3284
41,경기,41210,08000,운수시설,100대 이상,4242
31,울산,31170,15000,숙박시설,11-20대,134
11,서울,11500,04000,제2종근린생활시설,100대 이상,995
45,전북,45113,,,51-100대,67
43,충북,43130,Z5000,문화및집회시설,11-20대,12
48,경남,48880,11000,노유자시설,21-50대,24
47,경북,47280,13000,운동시설,11-20대,18
48,경남,48270,23000,교정및군사시설,10대 이하,0
48,경남,48310,09000,의료시설,10대 이하,8
44,충남,44210,10000,교육연구시설,100대 이상,9669
51,강원,51830,06000,종교시설,10대 이하,39
41,경기,41463,02000,공동주택,11-20대,1998
47,경북,47730,16000,위락시설,10대 이하,37
41,경기,41410,05000,문화및집회시설,100대 이상,322
45,전북,45710,14000,업무시설,21-50대,428
46,전남,46830,02000,공동주택,100대 이상,26493
43,충북,43760,,,51-100대,66
48,경남,48720,22000,분뇨.쓰레기처리시설,10대 이하,3
41,경기,41570,Z9000,공공용시설,10대 이하,2
43,충북,43114,30000,자원순환관련시설,21-50대,25
30,대전,30230,20000,자동차관련시설,10대 이하,241
43,충북,43112,30000,자원순환관련시설,10대 이하,31
27,대구,27710,,,21-50대,42
46,전남,46820,11000,노유자시설,21-50대,44
48,경남,48123,18000,창고시설,21-50대,70
41,경기,41173,Z8000,교육연구및복지시설,51-100대,74
44,충남,44200,17000,공장,10대 이하,5817
48,경남,48850,10000,교육연구시설,10대 이하,17
44,충남,44800,14000,업무시설,21-50대,424
29,광주,29170,06000,종교시설,100대 이상,704
46,전남,46900,14000,업무시설,11-20대,81
31,울산,31200,15000,숙박시설,21-50대,396
41,경기,41590,09000,의료시설,10대 이하,0
27,대구,27200,09000,의료시설,11-20대,73
43,충북,43760,33000,"국방,군사시설",10대 이하,0
51,강원,51210,10000,교육연구시설,11-20대,12
41,경기,41610,04000,제2종근린생활시설,21-50대,631
41,경기,41630,,,51-100대,83
46,전남,46780,17000,공장,21-50대,260
47,경북,47130,19000,위험물저장및처리시설,10대 이하,234
45,전북,45770,15000,숙박시설,10대 이하,40
50,제주,50130,10000,교육연구시설,21-50대,625
44,충남,44800,10000,교육연구시설,21-50대,337
43,충북,43800,18000,창고시설,10대 이하,104
51,강원,51190,05000,문화및집회시설,10대 이하,3
47,경북,47850,08000,운수시설,10대 이하,5
51,강원,51210,,,100대 이상,645
45,전북,45140,06000,종교시설,51-100대,73
51,강원,51790,17000,공장,21-50대,30
44,충남,44760,,,10대 이하,29
51,강원,51770,,,11-20대,25
11,서울,11200,07000,판매시설,11-20대,28
41,경기,41461,21000,동물및식물관련시설,11-20대,108
11,서울,11260,17000,공장,100대 이상,1299
26,부산,26170,Z8000,교육연구및복지시설,21-50대,21
43,충북,43114,04000,제2종근린생활시설,100대 이상,851
30,대전,30140,20000,자동차관련시설,51-100대,60
11,서울,11545,13000,운동시설,100대 이상,116
43,충북,43800,14000,업무시설,51-100대,65
51,강원,51150,17000,공장,21-50대,717
46,전남,46910,30000,자원순환관련시설,10대 이하,9
51,강원,51210,30000,자원순환관련시설,11-20대,16
48,경남,48127,Z3000,근린생활시설,21-50대,39
43,충북,43740,Z8000,교육연구및복지시설,10대 이하,0
27,대구,27140,Z5000,문화및집회시설,21-50대,28
45,전북,45770,06000,종교시설,10대 이하,29
41,경기,41610,18000,창고시설,100대 이상,6035
26,부산,26260,02000,공동주택,51-100대,2397
28,인천,28177,06000,종교시설,11-20대,281
47,경북,47230,29000,장례시설,11-20대,20
41,경기,41830,02000,공동주택,10대 이하,2529
51,강원,51760,,,100대 이상,110
28,인천,28110,10000,교육연구시설,10대 이하,39
51,강원,51230,27000,관광휴게시설,51-100대,59
47,경북,47280,02000,공동주택,11-20대,824
41,경기,41173,26000,묘지관련시설,10대 이하,0
48,경남,48840,06000,종교시설,21-50대,30
48,경남,48123,,,100대 이상,3920
11,서울,11260,10000,교육연구시설,21-50대,350
46,전남,46910,,,10대 이하,18
26,부산,26710,27000,관광휴게시설,100대 이상,690
48,경남,48330,11000,노유자시설,21-50대,184
47,경북,47900,10000,교육연구시설,10대 이하,41
41,경기,41610,16000,위락시설,10대 이하,5
46,전남,46130,10000,교육연구시설,11-20대,204
27,대구,27170,06000,종교시설,51-100대,100
46,전남,46910,07000,판매시설,11-20대,18
30,대전,30200,07000,판매시설,10대 이하,17
51,강원,51150,20000,자동차관련시설,21-50대,146
41,경기,41285,27000,관광휴게시설,21-50대,24
41,경기,41271,09000,의료시설,51-100대,145
44,충남,44270,26000,묘지관련시설,21-50대,35
45,전북,45130,27000,관광휴게시설,10대 이하,11
41,경기,41285,18000,창고시설,21-50대,479
48,경남,48127,24000,방송통신시설,11-20대,17
29,광주,29110,01000,단독주택,100대 이상,3885
46,전남,46170,Z8000,교육연구및복지시설,21-50대,81
51,강원,51750,11000,노유자시설,10대 이하,50
45,전북,45710,22000,분뇨.쓰레기처리시설,10대 이하,59
47,경북,47113,06000,종교시설,11-20대,246
44,충남,44133,17000,공장,21-50대,6683
45,전북,45140,23000,교정및군사시설,10대 이하,1
47,경북,47150,18000,창고시설,11-20대,87
41,경기,41800,20000,자동차관련시설,10대 이하,22
51,강원,51190,02000,공동주택,51-100대,1209
46,전남,46830,08000,운수시설,10대 이하,10
47,경북,47930,04000,제2종근린생활시설,21-50대,82
48,경남,48330,05000,문화및집회시설,100대 이상,150
41,경기,41500,21100,축사,10대 이하,0
44,충남,44150,17000,공장,51-100대,896
27,대구,27720,27000,관광휴게시설,21-50대,67
51,강원,51810,10000,교육연구시설,100대 이상,102
47,경북,47190,12000,수련시설,51-100대,179
41,경기,41150,05000,문화및집회시설,21-50대,88
48,경남,48125,02000,공동주택,11-20대,851
41,경기,41273,,,21-50대,22
51,강원,51210,06000,종교시설,51-100대,76
43,충북,43113,19000,위험물저장및처리시설,11-20대,20
11,서울,11740,13000,운동시설,51-100대,131
11,서울,11320,12000,수련시설,11-20대,34
48,경남,48250,Z5000,문화및집회시설,10대 이하,7
11,서울,11290,,,100대 이상,684
30,대전,30200,24000,방송통신시설,11-20대,13
43,충북,43800,01000,단독주택,21-50대,24
47,경북,47920,23000,교정및군사시설,10대 이하,2
41,경기,41111,03000,제1종근린생활시설,10대 이하,895
51,강원,51820,06000,종교시설,21-50대,112
48,경남,48880,02000,공동주택,11-20대,593
26,부산,26710,22000,분뇨.쓰레기처리시설,10대 이하,38
41,경기,41250,11000,노유자시설,11-20대,66
43,충북,43800,31000,야영장시설,10대 이하,1
51,강원,51770,30000,자원순환관련시설,10대 이하,15
41,경기,41250,15000,숙박시설,10대 이하,127
44,충남,44200,18000,창고시설,100대 이상,3204
47,경북,47150,14000,업무시설,11-20대,128
43,충북,43720,30000,자원순환관련시설,51-100대,63
30,대전,30110,09000,의료시설,11-20대,31
44,충남,44250,33000,"국방,군사시설",10대 이하,2
28,인천,28110,04000,제2종근린생활시설,21-50대,1861
11,서울,11545,Z8000,교육연구및복지시설,100대 이상,181
27,대구,27140,13000,운동시설,11-20대,154
47,경북,47210,11000,노유자시설,21-50대,34
26,부산,26110,05000,문화및집회시설,21-50대,26
51,강원,51810,09000,의료시설,21-50대,23
51,강원,51720,23000,교정및군사시설,11-20대,77
27,대구,27200,21000,동물및식물관련시설,10대 이하,0
46,전남,46830,15000,숙박시설,21-50대,117
43,충북,43740,15000,숙박시설,21-50대,341
28,인천,28245,24000,방송통신시설,100대 이상,122
45,전북,45111,10000,교육연구시설,100대 이상,12650
11,서울,11560,12000,수련시설,11-20대,15
50,제주,50110,15000,숙박시설,21-50대,3003
50,제주,50130,05000,문화및집회시설,100대 이상,3963
41,경기,41210,15000,숙박시설,100대 이상,147
45,전북,45710,01000,단독주택,10대 이하,5627
11,서울,11560,,,21-50대,21
27,대구,27720,09000,의료시설,10대 이하,2
47,경북,47190,12000,수련시설,100대 이상,175
11,서울,11140,10000,교육연구시설,10대 이하,116
44,충남,44210,18000,창고시설,11-20대,122
26,부산,26350,02000,공동주택,10대 이하,3829
41,경기,41570,17000,공장,10대 이하,17904
30,대전,30230,31000,야영장시설,21-50대,31
45,전북,45111,13000,운동시설,10대 이하,40
45,전북,45800,18000,창고시설,21-50대,49
11,서울,11710,07000,판매시설,10대 이하,19
41,경기,41115,14000,업무시설,51-100대,1668
41,경기,41171,15000,숙박시설,11-20대,122
27,대구,27140,02000,공동주택,51-100대,2677
31,울산,31200,08000,운수시설,10대 이하,0
45,전북,45130,Z6000,판매및영업시설,21-50대,25
51,강원,51110,24000,방송통신시설,10대 이하,12
26,부산,26470,10000,교육연구시설,51-100대,321
48,경남,48840,23000,교정및군사시설,21-50대,24
43,충북,43750,04000,제2종근린생활시설,10대 이하,1750
48,경남,48820,22000,분뇨.쓰레기처리시설,10대 이하,3
51,강원,51760,03000,제1종근린생활시설,10대 이하,839
51,강원,51830,30000,자원순환관련시설,11-20대,34
41,경기,41590,18000,창고시설,10대 이하,1606
28,인천,28110,17000,공장,10대 이하,393
41,경기,41287,15000,숙박시설,10대 이하,63
48,경남,48220,27000,관광휴게시설,51-100대,70
28,인천,28110,14000,업무시설,10대 이하,191
44,충남,44250,04000,제2종근린생활시설,21-50대,92
48,경남,48740,22000,분뇨.쓰레기처리시설,21-50대,23
44,충남,44131,,,100대 이상,480
11,서울,11215,21000,동물및식물관련시설,10대 이하,0
28,인천,28260,17000,공장,51-100대,7752
41,경기,41150,14000,업무시설,10대 이하,293
11,서울,11305,13000,운동시설,10대 이하,4
47,경북,47280,03010,정수장,10대 이하,0
27,대구,27110,13000,운동시설,11-20대,54
27,대구,27200,JY,,11-20대,19
41,경기,41133,03000,제1종근린생활시설,11-20대,193
45,전북,45111,Z6000,판매및영업시설,10대 이하,5
46,전남,46110,09000,의료시설,10대 이하,58
11,서울,11260,08000,운수시설,21-50대,25
26,부산,26380,03000,제1종근린생활시설,11-20대,386
44,충남,44230,21000,동물및식물관련시설,100대 이상,132
51,강원,51110,14000,업무시설,11-20대,295
46,전남,46830,10000,교육연구시설,11-20대,83
46,전남,46720,02000,공동주택,21-50대,447
47,경북,47730,07000,판매시설,10대 이하,21
11,서울,11545,10000,교육연구시설,51-100대,348
41,경기,41190,01000,단독주택,10대 이하,11076
51,강원,51720,06000,종교시설,10대 이하,143
11,서울,11170,,,11-20대,30
41,경기,41461,11000,노유자시설,100대 이상,405
45,전북,45130,Z8000,교육연구및복지시설,100대 이상,138
46,전남,46820,18000,창고시설,21-50대,24
41,경기,41830,11000,노유자시설,21-50대,130
46,전남,46730,15000,숙박시설,11-20대,164
41,경기,41273,15000,숙박시설,21-50대,70
26,부산,26140,06000,종교시설,100대 이상,411
47,경북,47150,04000,제2종근린생활시설,11-20대,268
48,경남,48121,09000,의료시설,100대 이상,1932
11,서울,11200,Z8000,교육연구및복지시설,51-100대,167
28,인천,28200,29000,장례시설,21-50대,48
11,서울,11590,04000,제2종근린생활시설,100대 이상,491
28,인천,28110,03000,제1종근린생활시설,21-50대,1511
41,경기,41113,03000,제1종근린생활시설,10대 이하,2224
48,경남,48820,07000,판매시설,100대 이상,520
11,서울,11650,11000,노유자시설,100대 이상,283
45,전북,45113,05000,문화및집회시설,10대 이하,62
41,경기,41370,10000,교육연구시설,11-20대,231
48,경남,48129,19000,위험물저장및처리시설,10대 이하,39
11,서울,11590,02000,공동주택,21-50대,2410
51,강원,51720,14000,업무시설,11-20대,169
29,광주,29200,Z8000,교육연구및복지시설,100대 이상,471
41,경기,41190,30000,자원순환관련시설,10대 이하,7
31,울산,31710,13000,운동시설,21-50대,118
28,인천,28185,17000,공장,10대 이하,6
47,경북,47210,10000,교육연구시설,10대 이하,70
41,경기,41570,11000,노유자시설,11-20대,231
46,전남,46820,02000,공동주택,11-20대,248
48,경남,48880,09000,의료시설,10대 이하,8
30,대전,30110,20000,자동차관련시설,51-100대,205
48,경남,48220,,,11-20대,20
11,서울,11440,05000,문화및집회시설,11-20대,44
41,경기,41281,Z6000,판매및영업시설,100대 이상,450
48,경남,48860,02000,공동주택,100대 이상,1018
31,울산,31140,18000,창고시설,100대 이상,1162
48,경남,48270,25000,발전시설,10대 이하,1
50,제주,50110,05000,문화및집회시설,10대 이하,234
11,서울,11110,03000,제1종근린생활시설,11-20대,243
27,대구,27290,Z6000,판매및영업시설,21-50대,82
41,경기,41273,15000,숙박시설,51-100대,85
41,경기,41171,12000,수련시설,100대 이상,134
26,부산,26380,19000,위험물저장및처리시설,11-20대,38
30,대전,30140,19000,위험물저장및처리시설,21-50대,31
41,경기,41135,11000,노유자시설,10대 이하,102
26,부산,26500,13000,운동시설,10대 이하,0
44,충남,44150,07000,판매시설,100대 이상,174
48,경남,48310,13000,운동시설,21-50대,199
47,경북,47170,11000,노유자시설,21-50대,304
43,충북,43130,03000,제1종근린생활시설,21-50대,856
41,경기,41480,25000,발전시설,100대 이상,307
47,경북,47290,15000,숙박시설,10대 이하,269
47,경북,47940,26000,묘지관련시설,21-50대,26
43,충북,43150,11000,노유자시설,51-100대,53
26,부산,26530,14000,업무시설,21-50대,1934
44,충남,44710,24000,방송통신시설,21-50대,41
27,대구,27230,10000,교육연구시설,21-50대,1918
28,인천,28185,Z8000,교육연구및복지시설,51-100대,120
51,강원,51750,11000,노유자시설,21-50대,92
51,강원,51190,27000,관광휴게시설,51-100대,56
43,충북,43760,01000,단독주택,11-20대,295
51,강원,51760,04000,제2종근린생활시설,100대 이상,6179
46,전남,46730,06000,종교시설,11-20대,13
28,인천,28245,19000,위험물저장및처리시설,10대 이하,93
41,경기,41610,26000,묘지관련시설,11-20대,29
46,전남,46150,10000,교육연구시설,11-20대,98
27,대구,27170,10000,교육연구시설,21-50대,816
41,경기,41133,04000,제2종근린생활시설,11-20대,283
44,충남,44131,09000,의료시설,10대 이하,14
45,전북,45770,13000,운동시설,10대 이하,26
48,경남,48127,02000,공동주택,11-20대,924
51,강원,51780,17000,공장,100대 이상,808
47,경북,47290,05000,문화및집회시설,100대 이상,1395
41,경기,41171,17000,공장,100대 이상,3275
46,전남,46130,17000,공장,10대 이하,1208
51,강원,51110,25000,발전시설,21-50대,23
46,전남,46790,21000,동물및식물관련시설,21-50대,21
44,충남,44270,08000,운수시설,21-50대,75
41,경기,41190,10000,교육연구시설,11-20대,220
44,충남,44760,,,21-50대,59
26,부산,26290,13000,운동시설,10대 이하,8
11,서울,11260,14000,업무시설,51-100대,793
47,경북,47210,02000,공동주택,11-20대,625
41,경기,41500,24000,방송통신시설,10대 이하,32
51,강원,51190,12000,수련시설,11-20대,16
41,경기,41820,,,11-20대,48
41,경기,41287,06000,종교시설,100대 이상,488
43,충북,43730,05000,문화및집회시설,21-50대,28
43,충북,43150,08000,운수시설,11-20대,15
30,대전,30170,01000,단독주택,10대 이하,32934
41,경기,41135,05000,문화및집회시설,51-100대,221
41,경기,41281,16000,위락시설,10대 이하,4
46,전남,46860,15000,숙박시설,11-20대,15
11,서울,11170,27000,관광휴게시설,11-20대,12
41,경기,41550,11000,노유자시설,10대 이하,406
46,전남,46890,18000,창고시설,10대 이하,193
11,서울,11350,06000,종교시설,100대 이상,623
41,경기,41135,18000,창고시설,11-20대,17
41,경기,41171,24000,방송통신시설,51-100대,71
41,경기,41590,30000,자원순환관련시설,10대 이하,1491
48,경남,48730,18000,창고시설,100대 이상,413
48,경남,48740,01000,단독주택,11-20대,1473
26,부산,26140,05000,문화및집회시설,10대 이하,8
41,경기,41173,18000,창고시설,10대 이하,33
29,광주,29155,Z8000,교육연구및복지시설,51-100대,141
48,경남,48170,19000,위험물저장및처리시설,10대 이하,115
47,경북,47760,07000,판매시설,10대 이하,9
50,제주,50110,29000,장례시설,100대 이상,199
30,대전,30110,11000,노유자시설,21-50대,131
28,인천,28237,05000,문화및집회시설,100대 이상,812
51,강원,51210,12000,수련시설,100대 이상,237
26,부산,26410,Z8000,교육연구및복지시설,100대 이상,203
47,경북,47170,01000,단독주택,21-50대,66
51,강원,51830,Z5000,문화및집회시설,10대 이하,0
41,경기,41150,,,100대 이상,707
48,경남,48880,04000,제2종근린생활시설,51-100대,79
51,강원,51210,12000,수련시설,10대 이하,0
29,광주,29170,02000,공동주택,21-50대,1647
28,인천,28260,10000,교육연구시설,21-50대,1694
26,부산,26140,03000,제1종근린생활시설,21-50대,137
26,부산,26530,02000,공동주택,51-100대,1344
41,경기,41370,04000,제2종근린생활시설,100대 이상,374
31,울산,31140,26000,묘지관련시설,10대 이하,2
48,경남,48720,09000,의료시설,21-50대,79
51,강원,51150,14000,업무시설,21-50대,821
41,경기,41250,16000,위락시설,10대 이하,31
27,대구,27290,14000,업무시설,11-20대,466
46,전남,46860,19000,위험물저장및처리시설,11-20대,11
47,경북,47210,Z3000,근린생활시설,10대 이하,0
26,부산,26710,30000,자원순환관련시설,21-50대,30
29,광주,29155,14000,업무시설,100대 이상,2120
47,경북,47900,10000,교육연구시설,21-50대,82
11,서울,11215,04000,제2종근린생활시설,11-20대,913
26,부산,26530,01000,단독주택,51-100대,68
41,경기,41271,26000,묘지관련시설,21-50대,30
41,경기,41190,19000,위험물저장및처리시설,11-20대,131
45,전북,45750,09000,의료시설,51-100대,70
44,충남,44210,18000,창고시설,21-50대,85
27,대구,27110,15000,숙박시설,51-100대,156
45,전북,45180,13000,운동시설,11-20대,66
27,대구,27720,19000,위험물저장및처리시설,10대 이하,1
41,경기,41150,30000,자원순환관련시설,10대 이하,0
45,전북,45180,06000,종교시설,51-100대,132
46,전남,46880,10000,교육연구시설,11-20대,27
43,충북,43114,18000,창고시설,10대 이하,384
45,전북,45113,,,10대 이하,44
41,경기,41430,08000,운수시설,10대 이하,5
41,경기,41630,19000,위험물저장및처리시설,10대 이하,285
48,경남,48850,15000,숙박시설,10대 이하,119
46,전남,46130,07000,판매시설,100대 이상,1970
47,경북,47113,16000,위락시설,21-50대,30
51,강원,51720,05000,문화및집회시설,51-100대,1500
28,인천,28245,07000,판매시설,21-50대,274
41,경기,41550,30000,자원순환관련시설,21-50대,207
28,인천,28200,19000,위험물저장및처리시설,21-50대,61
51,강원,51820,23000,교정및군사시설,21-50대,230
44,충남,44200,18000,창고시설,51-100대,572
28,인천,28110,18000,창고시설,11-20대,329
44,충남,44133,10000,교육연구시설,21-50대,1766
28,인천,28200,,,10대 이하,48
41,경기,41463,14000,업무시설,10대 이하,84
51,강원,51780,02000,공동주택,51-100대,289
28,인천,28237,03000,제1종근린생활시설,51-100대,849
48,경남,48129,10000,교육연구시설,10대 이하,55
48,경남,48330,02000,공동주택,51-100대,1142
44,충남,44230,05000,문화및집회시설,11-20대,76
41,경기,41800,10000,교육연구시설,11-20대,67
47,경북,47730,10000,교육연구시설,100대 이상,1483
48,경남,48220,31000,야영장시설,11-20대,15
43,충북,43760,23000,교정및군사시설,10대 이하,10
11,서울,11500,11000,노유자시설,11-20대,139
44,충남,44250,21000,동물및식물관련시설,10대 이하,10
44,충남,44810,18000,창고시설,10대 이하,254
47,경북,47930,08000,운수시설,100대 이상,735
28,인천,28200,17000,공장,51-100대,4496
44,충남,44150,30000,자원순환관련시설,21-50대,27
48,경남,48220,,,100대 이상,207
31,울산,31710,24000,방송통신시설,21-50대,31
45,전북,45180,05000,문화및집회시설,10대 이하,36
48,경남,48250,23000,교정및군사시설,10대 이하,5
43,충북,43720,09000,의료시설,10대 이하,5
48,경남,48330,03000,제1종근린생활시설,21-50대,2578
41,경기,41150,16000,위락시설,11-20대,42
47,경북,47111,09000,의료시설,11-20대,54
48,경남,48123,24000,방송통신시설,10대 이하,0
26,부산,26380,01000,단독주택,11-20대,66
51,강원,51190,25000,발전시설,10대 이하,5
51,강원,51210,Z3000,근린생활시설,10대 이하,44
43,충북,43730,13000,운동시설,51-100대,96
43,충북,43113,10000,교육연구시설,21-50대,2042
36,세종,36110,07000,판매시설,100대 이상,3861
41,경기,41173,13000,운동시설,21-50대,21
41,경기,41465,14000,업무시설,51-100대,970
41,경기,41465,,,10대 이하,52
41,경기,41410,Z3000,근린생활시설,10대 이하,0
11,서울,11500,11000,노유자시설,100대 이상,216
31,울산,31140,30000,자원순환관련시설,100대 이상,280
26,부산,26380,20000,자동차관련시설,10대 이하,187
45,전북,45710,17000,공장,10대 이하,999
46,전남,46130,11000,노유자시설,10대 이하,395
45,전북,45190,11000,노유자시설,11-20대,17
46,전남,46860,15000,숙박시설,10대 이하,37
46,전남,46130,15000,숙박시설,100대 이상,18563
44,충남,44270,20000,자동차관련시설,100대 이상,1891
44,충남,44825,15000,숙박시설,21-50대,193
41,경기,41210,07000,판매시설,100대 이상,5031
48,경남,48310,13000,운동시설,10대 이하,51
27,대구,27110,17000,공장,10대 이하,9
11,서울,11560,07000,판매시설,100대 이상,3079
11,서울,11680,24000,방송통신시설,11-20대,11
43,충북,43113,30000,자원순환관련시설,11-20대,108
45,전북,45140,18000,창고시설,11-20대,159
46,전남,46770,24000,방송통신시설,10대 이하,0
48,경남,48220,19000,위험물저장및처리시설,10대 이하,49
41,경기,41390,18000,창고시설,21-50대,295
27,대구,27110,,,21-50대,53
41,경기,41465,18000,창고시설,51-100대,421
47,경북,47280,15000,숙박시설,11-20대,191
51,강원,51760,05000,문화및집회시설,10대 이하,44
47,경북,47750,31000,야영장시설,10대 이하,0
51,강원,51190,,,21-50대,27
41,경기,41550,,,10대 이하,55
41,경기,41135,20000,자동차관련시설,100대 이상,52978
29,광주,29155,02000,공동주택,10대 이하,328
51,강원,51780,23000,교정및군사시설,21-50대,453
48,경남,48840,21000,동물및식물관련시설,10대 이하,29
11,서울,11500,21000,동물및식물관련시설,10대 이하,6
45,전북,45740,17000,공장,11-20대,24
43,충북,43112,20000,자동차관련시설,100대 이상,217
51,강원,51830,15000,숙박시설,11-20대,324
11,서울,11350,Z5000,문화및집회시설,10대 이하,15
11,서울,11380,Z3000,근린생활시설,51-100대,69
41,경기,41190,04000,제2종근린생활시설,100대 이상,3546
45,전북,45770,15000,숙박시설,11-20대,23
45,전북,45113,Z8000,교육연구및복지시설,100대 이상,310
46,전남,46820,20000,자동차관련시설,10대 이하,47
44,충남,44133,06000,종교시설,21-50대,637
41,경기,41111,13000,운동시설,21-50대,53
41,경기,41113,31000,야영장시설,10대 이하,10
11,서울,11440,07000,판매시설,100대 이상,855
43,충북,43111,23000,교정및군사시설,21-50대,175
47,경북,47840,26000,묘지관련시설,10대 이하,11
43,충북,43150,09000,의료시설,51-100대,52
31,울산,31140,29000,장례시설,51-100대,100
47,경북,47150,03000,제1종근린생활시설,10대 이하,1063
46,전남,46770,,,10대 이하,73
47,경북,47900,22000,분뇨.쓰레기처리시설,10대 이하,3
41,경기,41113,05000,문화및집회시설,21-50대,85
41,경기,41465,20000,자동차관련시설,100대 이상,1427
41,경기,41465,23000,교정및군사시설,11-20대,20
31,울산,31140,30000,자원순환관련시설,10대 이하,5
41,경기,41820,23000,교정및군사시설,11-20대,43
41,경기,41310,20000,자동차관련시설,21-50대,257
31,울산,31140,14000,업무시설,51-100대,2555
43,충북,43113,15000,숙박시설,51-100대,115
11,서울,11305,17000,공장,21-50대,21
11,서울,11740,13000,운동시설,10대 이하,19
26,부산,26470,13000,운동시설,10대 이하,0
43,충북,43720,17000,공장,51-100대,515
26,부산,26140,18000,창고시설,10대 이하,37
11,서울,11200,17000,공장,11-20대,601
26,부산,26260,16000,위락시설,10대 이하,29
11,서울,11410,06000,종교시설,100대 이상,425
11,서울,11305,09000,의료시설,10대 이하,19
48,경남,48840,03000,제1종근린생활시설,10대 이하,405
47,경북,47130,15000,숙박시설,51-100대,97
11,서울,11260,05000,문화및집회시설,100대 이상,370
48,경남,48860,06000,종교시설,11-20대,45
41,경기,41463,05000,문화및집회시설,100대 이상,853
48,경남,48310,14000,업무시설,11-20대,376
47,경북,47850,12000,수련시설,10대 이하,18
41,경기,41610,07000,판매시설,51-100대,150
11,서울,11470,24000,방송통신시설,100대 이상,379
48,경남,48125,21000,동물및식물관련시설,10대 이하,6
11,서울,11710,,,11-20대,84
41,경기,41133,04000,제2종근린생활시설,21-50대,396
48,경남,48870,18000,창고시설,11-20대,50
27,대구,27290,17000,공장,51-100대,2312
44,충남,44790,14000,업무시설,11-20대,18
26,부산,26110,,,11-20대,11
11,서울,11215,04000,제2종근린생활시설,21-50대,354
47,경북,47130,29000,장례시설,10대 이하,0
29,광주,29200,11000,노유자시설,51-100대,102
46,전남,46790,,,10대 이하,7
48,경남,48129,02000,공동주택,10대 이하,1119
31,울산,31710,18000,창고시설,10대 이하,622
26,부산,26350,15000,숙박시설,21-50대,1084
47,경북,47170,27000,관광휴게시설,10대 이하,0
51,강원,51110,20000,자동차관련시설,51-100대,549
28,인천,28245,14000,업무시설,100대 이상,2417
11,서울,11500,25000,발전시설,21-50대,66
41,경기,41670,11000,노유자시설,51-100대,150
43,충북,43750,14000,업무시설,11-20대,83
43,충북,43111,01000,단독주택,10대 이하,12718
11,서울,11140,09000,의료시설,100대 이상,514
50,제주,50110,14000,업무시설,11-20대,1268
46,전남,46170,01000,단독주택,11-20대,284
41,경기,41285,04000,제2종근린생활시설,10대 이하,7085
48,경남,48127,10000,교육연구시설,10대 이하,107
29,광주,29200,07000,판매시설,100대 이상,6039
48,경남,48820,,,51-100대,54
11,서울,11110,09000,의료시설,11-20대,30
26,부산,26290,19000,위험물저장및처리시설,10대 이하,37
41,경기,41220,Z8000,교육연구및복지시설,11-20대,18
45,전북,45710,09000,의료시설,51-100대,66
46,전남,46110,02000,공동주택,21-50대,1597
28,인천,28260,30000,자원순환관련시설,10대 이하,257
28,인천,28245,10000,교육연구시설,10대 이하,71
47,경북,47250,01000,단독주택,21-50대,36
48,경남,48250,Z3000,근린생활시설,51-100대,53
51,강원,51150,11000,노유자시설,11-20대,135
50,제주,50110,06000,종교시설,100대 이상,104
45,전북,45800,Z5000,문화및집회시설,10대 이하,0
48,경남,48870,23000,교정및군사시설,10대 이하,0
26,부산,26500,10000,교육연구시설,21-50대,325
47,경북,47820,01000,단독주택,21-50대,26
41,경기,41610,Z8000,교육연구및복지시설,11-20대,12
29,광주,29110,11000,노유자시설,21-50대,72
48,경남,48860,10000,교육연구시설,100대 이상,284
47,경북,47770,08000,운수시설,10대 이하,1
48,경남,48123,17000,공장,21-50대,2325
48,경남,48870,24000,방송통신시설,10대 이하,0
26,부산,26380,Z8000,교육연구및복지시설,10대 이하,54
41,경기,41190,17000,공장,21-50대,3585
41,경기,41610,05000,문화및집회시설,21-50대,48
26,부산,26440,19000,위험물저장및처리시설,11-20대,124
29,광주,29110,15000,숙박시설,11-20대,41
48,경남,48870,19000,위험물저장및처리시설,10대 이하,7
41,경기,41360,Z8000,교육연구및복지시설,51-100대,62
51,강원,51230,11000,노유자시설,21-50대,84
41,경기,41273,01000,단독주택,10대 이하,13217
27,대구,27170,03000,제1종근린생활시설,11-20대,445
41,경기,41285,24000,방송통신시설,100대 이상,2475
47,경북,47830,Z8000,교육연구및복지시설,21-50대,58
45,전북,45190,15000,숙박시설,10대 이하,141
31,울산,31710,25000,발전시설,51-100대,316
46,전남,46870,10000,교육연구시설,11-20대,26
43,충북,43770,18000,창고시설,10대 이하,191
46,전남,46780,,,21-50대,99
47,경북,47850,05000,문화및집회시설,10대 이하,34
47,경북,47820,14000,업무시설,10대 이하,0
36,세종,36110,09000,의료시설,11-20대,29
27,대구,27170,04000,제2종근린생활시설,11-20대,369
31,울산,31710,16000,위락시설,11-20대,37
41,경기,41630,09000,의료시설,10대 이하,9
26,부산,26320,14000,업무시설,51-100대,864
48,경남,48330,02003,다세대주택,10대 이하,0
41,경기,41450,18000,창고시설,51-100대,58
48,경남,48860,21000,동물및식물관련시설,10대 이하,11
51,강원,51820,17000,공장,10대 이하,212
48,경남,48850,19000,위험물저장및처리시설,10대 이하,17
31,울산,31200,07000,판매시설,100대 이상,8846
48,경남,48850,13000,운동시설,21-50대,57
51,강원,51210,27000,관광휴게시설,21-50대,21
11,서울,11230,03000,제1종근린생활시설,21-50대,869
41,경기,41220,07000,판매시설,51-100대,269
44,충남,44810,08000,운수시설,21-50대,76
46,전남,46730,22000,분뇨.쓰레기처리시설,11-20대,19
26,부산,26110,03000,제1종근린생활시설,100대 이상,298
41,경기,41610,24000,방송통신시설,21-50대,34
43,충북,43720,07000,판매시설,11-20대,18
31,울산,31200,10000,교육연구시설,11-20대,150
44,충남,44200,17000,공장,100대 이상,247470
48,경남,48820,21000,동물및식물관련시설,10대 이하,35
48,경남,48170,03000,제1종근린생활시설,100대 이상,268
41,경기,41650,09000,의료시설,51-100대,98
48,경남,48270,17000,공장,21-50대,2425
11,서울,11110,12000,수련시설,10대 이하,4
28,인천,28140,17000,공장,11-20대,203
47,경북,47760,30000,자원순환관련시설,11-20대,20
11,서울,11200,Z3000,근린생활시설,51-100대,53
44,충남,44270,24000,방송통신시설,21-50대,79
11,서울,11170,05000,문화및집회시설,100대 이상,335
46,전남,46890,17000,공장,21-50대,149
41,경기,41800,25000,발전시설,10대 이하,18
47,경북,47130,24000,방송통신시설,21-50대,31
41,경기,41150,01000,단독주택,100대 이상,470
47,경북,47850,18000,창고시설,21-50대,519
48,경남,48740,24000,방송통신시설,10대 이하,0
45,전북,45190,14000,업무시설,100대 이상,2667
45,전북,45113,20000,자동차관련시설,21-50대,361
26,부산,26470,03000,제1종근린생활시설,51-100대,593
28,인천,28237,09000,의료시설,11-20대,69
44,충남,44825,02000,공동주택,10대 이하,790
11,서울,11530,10000,교육연구시설,51-100대,824
41,경기,41650,01000,단독주택,10대 이하,9368
47,경북,47840,17000,공장,11-20대,1896
26,부산,26260,06000,종교시설,10대 이하,121
29,광주,29110,02000,공동주택,21-50대,686
11,서울,11440,04000,제2종근린생활시설,51-100대,508
45,전북,45750,03000,제1종근린생활시설,11-20대,197
27,대구,27230,,,21-50대,50
11,서울,11470,,,21-50대,32
48,경남,48840,04000,제2종근린생활시설,10대 이하,411
45,전북,45720,05000,문화및집회시설,21-50대,38
43,충북,43760,30000,자원순환관련시설,21-50대,24
46,전남,46710,27000,관광휴게시설,10대 이하,6
48,경남,48860,,,21-50대,50
46,전남,46730,14000,업무시설,51-100대,124
48,경남,48860,21000,동물및식물관련시설,51-100대,72
29,광주,29140,04000,제2종근린생활시설,21-50대,1484
41,경기,41310,13000,운동시설,51-100대,54
41,경기,41670,30000,자원순환관련시설,21-50대,24
41,경기,41370,15000,숙박시설,10대 이하,647
11,서울,11305,09000,의료시설,11-20대,49
44,충남,44760,09000,의료시설,11-20대,15
48,경남,48129,21000,동물및식물관련시설,10대 이하,14
28,인천,28260,20000,자동차관련시설,21-50대,623
41,경기,41150,11000,노유자시설,21-50대,99
45,전북,45750,17000,공장,11-20대,132
26,부산,26200,08000,운수시설,100대 이상,1212
41,경기,41370,17000,공장,11-20대,615
44,충남,44230,20000,자동차관련시설,100대 이상,227
11,서울,11650,18000,창고시설,100대 이상,3132
46,전남,46150,21000,동물및식물관련시설,11-20대,15
44,충남,44133,24000,방송통신시설,10대 이하,21
44,충남,44710,30000,자원순환관련시설,10대 이하,23
43,충북,43111,30000,자원순환관련시설,10대 이하,10
43,충북,43150,30000,자원순환관련시설,51-100대,78
41,경기,41310,Z3000,근린생활시설,10대 이하,18
47,경북,47830,13000,운동시설,21-50대,22
47,경북,47850,09000,의료시설,51-100대,57
48,경남,48127,18000,창고시설,11-20대,89
11,서울,11470,02000,공동주택,21-50대,6713
51,강원,51190,13000,운동시설,100대 이상,3987
41,경기,41480,20000,자동차관련시설,11-20대,323
48,경남,48820,09000,의료시설,51-100대,80
11,서울,11545,03000,제1종근린생활시설,21-50대,417
41,경기,41310,14000,업무시설,10대 이하,27
41,경기,41271,11000,노유자시설,10대 이하,372
27,대구,27710,Z8000,교육연구및복지시설,100대 이상,148
41,경기,41820,33000,"국방,군사시설",10대 이하,0
28,인천,28710,18000,창고시설,11-20대,78
41,경기,41131,02000,공동주택,51-100대,1470
11,서울,11410,20000,자동차관련시설,11-20대,20
46,전남,46230,05000,문화및집회시설,21-50대,129
11,서울,11590,11000,노유자시설,11-20대,13
46,전남,46840,06000,종교시설,10대 이하,67
26,부산,26200,13000,운동시설,21-50대,76
41,경기,41281,09000,의료시설,10대 이하,12
28,인천,28110,03000,제1종근린생활시설,10대 이하,1711
51,강원,51720,Z9000,공공용시설,10대 이하,0
51,강원,51760,26000,묘지관련시설,10대 이하,2
27,대구,27140,07000,판매시설,51-100대,145
11,서울,11230,10000,교육연구시설,100대 이상,22447
11,서울,11110,11000,노유자시설,11-20대,45
47,경북,47820,26000,묘지관련시설,10대 이하,0
41,경기,41250,01000,단독주택,11-20대,77
11,서울,11710,27000,관광휴게시설,100대 이상,2985
41,경기,41550,11000,노유자시설,21-50대,187
27,대구,27720,21000,동물및식물관련시설,10대 이하,32
46,전남,46110,15000,숙박시설,10대 이하,818
48,경남,48240,12000,수련시설,51-100대,126
31,울산,31140,06000,종교시설,11-20대,263
11,서울,11650,16000,위락시설,10대 이하,0
41,경기,41370,04000,제2종근린생활시설,11-20대,1552
26,부산,26410,09000,의료시설,10대 이하,15
41,경기,41285,17000,공장,10대 이하,2040
47,경북,47930,15000,숙박시설,11-20대,173
51,강원,51130,04000,제2종근린생활시설,21-50대,2231
45,전북,45190,14000,업무시설,21-50대,172
51,강원,51830,17000,공장,21-50대,79
51,강원,51780,17000,공장,11-20대,116
44,충남,44825,07000,판매시설,10대 이하,3
48,경남,48123,Z8000,교육연구및복지시설,51-100대,139
29,광주,29170,03000,제1종근린생활시설,51-100대,1152
27,대구,27260,01000,단독주택,11-20대,2213
46,전남,46840,04999,기타제2종근린생활시설,10대 이하,2
48,경남,48129,24000,방송통신시설,21-50대,33
41,경기,41390,13000,운동시설,51-100대,332
41,경기,41590,17000,공장,100대 이상,252697
41,경기,41113,05000,문화및집회시설,100대 이상,1104
48,경남,48121,03000,제1종근린생활시설,21-50대,1530
41,경기,41250,18000,창고시설,100대 이상,202
45,전북,45730,02000,공동주택,11-20대,207
30,대전,30140,JY,,10대 이하,0
41,경기,41630,04000,제2종근린생활시설,100대 이상,374
45,전북,45730,15000,숙박시설,21-50대,312
26,부산,26260,15000,숙박시설,11-20대,251
50,제주,50110,09000,의료시설,10대 이하,26
47,경북,47290,14000,업무시설,10대 이하,342
41,경기,41360,09000,의료시설,100대 이상,658
51,강원,51780,24000,방송통신시설,10대 이하,0
41,경기,41465,13000,운동시설,11-20대,62
45,전북,45790,11000,노유자시설,21-50대,63
41,경기,41287,09000,의료시설,100대 이상,974
51,강원,51780,14000,업무시설,51-100대,111
27,대구,27200,01000,단독주택,10대 이하,15200
26,부산,26260,02000,공동주택,11-20대,2255
51,강원,51820,30000,자원순환관련시설,21-50대,30
45,전북,45770,04000,제2종근린생활시설,11-20대,64
51,강원,51130,03000,제1종근린생활시설,100대 이상,2076
27,대구,27230,22000,분뇨.쓰레기처리시설,21-50대,49
26,부산,26320,02000,공동주택,21-50대,745
45,전북,45750,04000,제2종근린생활시설,11-20대,92
47,경북,47730,15000,숙박시설,10대 이하,63
41,경기,41670,13000,운동시설,10대 이하,50
46,전남,46110,06000,종교시설,10대 이하,363
48,경남,48820,15000,숙박시설,10대 이하,205
41,경기,41150,17000,공장,11-20대,283
41,경기,41281,22000,분뇨.쓰레기처리시설,21-50대,21
46,전남,46130,13000,운동시설,51-100대,242
47,경북,47250,15000,숙박시설,51-100대,64
44,충남,44131,06000,종교시설,51-100대,115
30,대전,30110,14000,업무시설,51-100대,367
45,전북,45790,11000,노유자시설,51-100대,57
30,대전,30230,02000,공동주택,100대 이상,76368
43,충북,43800,27000,관광휴게시설,11-20대,20
41,경기,41570,01000,단독주택,100대 이상,136
41,경기,41115,05000,문화및집회시설,100대 이상,963
27,대구,27140,01000,단독주택,10대 이하,15640
41,경기,41131,09000,의료시설,51-100대,154
48,경남,48250,22000,분뇨.쓰레기처리시설,21-50대,220
41,경기,41590,21000,동물및식물관련시설,10대 이하,979
47,경북,47111,03000,제1종근린생활시설,51-100대,690
26,부산,26440,19000,위험물저장및처리시설,51-100대,132
44,충남,44133,14000,업무시설,11-20대,2739
41,경기,41113,10000,교육연구시설,100대 이상,1660
26,부산,26200,10000,교육연구시설,51-100대,122
48,경남,48330,18000,창고시설,100대 이상,7705
48,경남,48127,03000,제1종근린생활시설,21-50대,816
47,경북,47210,07000,판매시설,11-20대,55
41,경기,41630,33000,"국방,군사시설",21-50대,40
11,서울,11200,09000,의료시설,11-20대,40
44,충남,44770,03000,제1종근린생활시설,51-100대,116
44,충남,44230,23000,교정및군사시설,11-20대,74
45,전북,45770,Z8000,교육연구및복지시설,10대 이하,0
46,전남,46230,12000,수련시설,11-20대,27
11,서울,11710,06000,종교시설,11-20대,349
47,경북,47150,30000,자원순환관련시설,11-20대,63
28,인천,28185,01000,단독주택,10대 이하,7924
46,전남,46810,20000,자동차관련시설,100대 이상,2370
29,광주,29155,18000,창고시설,21-50대,41
46,전남,46130,16000,위락시설,10대 이하,135
48,경남,48730,11000,노유자시설,21-50대,35
46,전남,46170,09000,의료시설,10대 이하,3
26,부산,26380,02000,공동주택,51-100대,3116
28,인천,28177,Z5000,문화및집회시설,10대 이하,0
48,경남,48250,JY,,10대 이하,0
28,인천,28200,15000,숙박시설,21-50대,651
51,강원,51800,Z5000,문화및집회시설,10대 이하,6
30,대전,30170,20000,자동차관련시설,51-100대,797
47,경북,47230,18000,창고시설,10대 이하,600
48,경남,48220,15000,숙박시설,100대 이상,1203
27,대구,27140,11000,노유자시설,21-50대,89
28,인천,28185,20000,자동차관련시설,10대 이하,8
41,경기,41115,02000,공동주택,10대 이하,4815
28,인천,28200,03000,제1종근린생활시설,11-20대,1152
46,전남,46130,12000,수련시설,10대 이하,22
44,충남,44790,19000,위험물저장및처리시설,10대 이하,4
41,경기,41550,05000,문화및집회시설,11-20대,113
26,부산,26440,04000,제2종근린생활시설,21-50대,1464
45,전북,45130,05000,문화및집회시설,100대 이상,738
41,경기,41370,18000,창고시설,11-20대,47
51,강원,51190,11000,노유자시설,10대 이하,47
47,경북,47230,02000,공동주택,21-50대,561
48,경남,48123,18000,창고시설,11-20대,69
47,경북,47900,17000,공장,51-100대,201
31,울산,31200,06000,종교시설,21-50대,231
11,서울,11305,20000,자동차관련시설,21-50대,45
46,전남,46230,17000,공장,51-100대,1592
11,서울,11410,16000,위락시설,10대 이하,0
41,경기,41360,12000,수련시설,11-20대,14
43,충북,43111,07000,판매시설,51-100대,220
41,경기,41250,Z8000,교육연구및복지시설,11-20대,15
44,충남,44150,08000,운수시설,100대 이상,225
46,전남,46170,07000,판매시설,21-50대,92
46,전남,46890,04000,제2종근린생활시설,51-100대,84
11,서울,11740,12000,수련시설,10대 이하,7
47,경북,47930,01000,단독주택,21-50대,44
51,강원,51230,12000,수련시설,11-20대,23
51,강원,51800,20000,자동차관련시설,11-20대,14
28,인천,28237,14000,업무시설,100대 이상,11621
41,경기,41287,18000,창고시설,21-50대,221
47,경북,47730,03000,제1종근린생활시설,21-50대,549
41,경기,41285,18000,창고시설,100대 이상,341
41,경기,41285,Z3000,근린생활시설,11-20대,27
29,광주,29110,20000,자동차관련시설,10대 이하,12
47,경북,47111,20000,자동차관련시설,21-50대,288
43,충북,43130,19000,위험물저장및처리시설,10대 이하,86
28,인천,28260,20000,자동차관련시설,11-20대,345
44,충남,44200,06000,종교시설,10대 이하,353
45,전북,45180,02000,공동주택,51-100대,925
26,부산,26470,01000,단독주택,21-50대,81
47,경북,47250,01000,단독주택,100대 이상,198
43,충북,43745,30000,자원순환관련시설,100대 이상,155
41,경기,41480,,,10대 이하,15
26,부산,26530,04000,제2종근린생활시설,10대 이하,2569
11,서울,11140,24000,방송통신시설,10대 이하,7
44,충남,44133,24000,방송통신시설,51-100대,140
41,경기,41630,22000,분뇨.쓰레기처리시설,11-20대,43
51,강원,51110,26000,묘지관련시설,51-100대,182
47,경북,47900,16000,위락시설,10대 이하,8
46,전남,46770,06000,종교시설,51-100대,108
28,인천,28140,04000,제2종근린생활시설,10대 이하,358
41,경기,41370,10000,교육연구시설,100대 이상,4537
41,경기,41210,09000,의료시설,10대 이하,0
41,경기,41550,20000,자동차관련시설,21-50대,223
51,강원,51780,13000,운동시설,51-100대,70
27,대구,27140,15000,숙박시설,21-50대,855
46,전남,46860,12000,수련시설,10대 이하,0
41,경기,41570,27000,관광휴게시설,51-100대,240
31,울산,31200,02000,공동주택,10대 이하,927
44,충남,44150,18000,창고시설,51-100대,506
41,경기,41830,08000,운수시설,10대 이하,5
48,경남,48740,18000,창고시설,21-50대,158
41,경기,41290,16000,위락시설,10대 이하,0
41,경기,41820,08000,운수시설,21-50대,68
44,충남,44200,05000,문화및집회시설,11-20대,84
51,강원,51150,18000,창고시설,10대 이하,832
44,충남,44270,33000,"국방,군사시설",10대 이하,0
45,전북,45190,25000,발전시설,11-20대,18
36,세종,36110,10000,교육연구시설,11-20대,207
11,서울,11620,24000,방송통신시설,10대 이하,9
47,경북,47770,09000,의료시설,21-50대,23
41,경기,41271,24000,방송통신시설,100대 이상,208
47,경북,47290,23000,교정및군사시설,10대 이하,10
29,광주,29110,01000,단독주택,11-20대,763
43,충북,43114,20000,자동차관련시설,100대 이상,1478
44,충남,44270,06000,종교시설,11-20대,84
46,전남,46840,18000,창고시설,21-50대,84
46,전남,46820,23000,교정및군사시설,100대 이상,192
48,경남,48840,14000,업무시설,51-100대,53
30,대전,30140,17000,공장,11-20대,45
51,강원,51230,07000,판매시설,21-50대,71
44,충남,44230,12000,수련시설,10대 이하,3
31,울산,31200,09000,의료시설,21-50대,178
51,강원,51730,04000,제2종근린생활시설,10대 이하,1369
41,경기,41360,27000,관광휴게시설,11-20대,11
43,충북,43150,03000,제1종근린생활시설,100대 이상,442
50,제주,50130,13000,운동시설,21-50대,314
48,경남,48250,17000,공장,51-100대,4906
45,전북,45130,08000,운수시설,100대 이상,6473
46,전남,46230,09000,의료시설,21-50대,89
11,서울,11140,05000,문화및집회시설,21-50대,141
46,전남,46730,05000,문화및집회시설,10대 이하,30
44,충남,44230,13000,운동시설,11-20대,85
11,서울,11320,11000,노유자시설,51-100대,53
45,전북,45140,15000,숙박시설,51-100대,98
26,부산,26230,20000,자동차관련시설,21-50대,304
44,충남,44710,02000,공동주택,21-50대,531
41,경기,41450,05000,문화및집회시설,21-50대,48
45,전북,45750,11000,노유자시설,11-20대,33
51,강원,51210,15000,숙박시설,100대 이상,8598
41,경기,41630,17000,공장,51-100대,4098
46,전남,46890,27000,관광휴게시설,10대 이하,3
46,전남,46880,10000,교육연구시설,21-50대,88
41,경기,41570,13000,운동시설,51-100대,289
44,충남,44770,27000,관광휴게시설,10대 이하,0
48,경남,48850,21000,동물및식물관련시설,10대 이하,7
41,경기,41117,13000,운동시설,10대 이하,5
48,경남,48240,31000,야영장시설,21-50대,79
44,충남,44180,02000,공동주택,100대 이상,34168
11,서울,11290,Z5000,문화및집회시설,10대 이하,9
27,대구,27290,05000,문화및집회시설,11-20대,75
48,경남,48170,07000,판매시설,10대 이하,16
51,강원,51810,07000,판매시설,10대 이하,0
11,서울,11170,03000,제1종근린생활시설,10대 이하,1334
41,경기,41570,25000,발전시설,10대 이하,4
47,경북,47230,Z5000,문화및집회시설,10대 이하,6
51,강원,51150,31000,야영장시설,10대 이하,5
51,강원,51730,17000,공장,10대 이하,678
47,경북,47290,04000,제2종근린생활시설,11-20대,873
41,경기,41135,10000,교육연구시설,10대 이하,190
43,충북,43750,19000,위험물저장및처리시설,10대 이하,106
45,전북,45210,11000,노유자시설,51-100대,72
45,전북,45750,10000,교육연구시설,21-50대,119
48,경남,48125,Z8000,교육연구및복지시설,10대 이하,0
26,부산,26440,24000,방송통신시설,100대 이상,402
47,경북,47111,27000,관광휴게시설,21-50대,24
51,강원,51820,13000,운동시설,51-100대,126
41,경기,41610,07000,판매시설,21-50대,155
45,전북,45750,14000,업무시설,21-50대,160
43,충북,43111,15000,숙박시설,10대 이하,318
48,경남,48170,Z6000,판매및영업시설,10대 이하,7
45,전북,45730,22000,분뇨.쓰레기처리시설,21-50대,47
41,경기,41271,20000,자동차관련시설,21-50대,112
26,부산,26500,24000,방송통신시설,100대 이상,242
41,경기,41590,31000,야영장시설,11-20대,20
45,전북,45140,03000,제1종근린생활시설,11-20대,1199
45,전북,45180,Z3000,근린생활시설,10대 이하,14
27,대구,27140,Z8000,교육연구및복지시설,21-50대,102
41,경기,41800,04000,제2종근린생활시설,21-50대,171
45,전북,45113,03000,제1종근린생활시설,51-100대,919
48,경남,48820,02000,공동주택,11-20대,553
26,부산,26410,20000,자동차관련시설,100대 이상,2104
41,경기,41360,13000,운동시설,51-100대,409
41,경기,41390,04000,제2종근린생활시설,51-100대,1654
28,인천,28260,Z8000,교육연구및복지시설,11-20대,12
48,경남,48240,10000,교육연구시설,11-20대,206
44,충남,44810,15000,숙박시설,51-100대,153
46,전남,46150,03000,제1종근린생활시설,21-50대,1205
44,충남,44210,27000,관광휴게시설,100대 이상,5128
48,경남,48123,17000,공장,11-20대,1522
43,충북,43770,22000,분뇨.쓰레기처리시설,10대 이하,62
48,경남,48123,03000,제1종근린생활시설,21-50대,1291
28,인천,28720,15000,숙박시설,10대 이하,702
41,경기,41287,17000,공장,21-50대,45
29,광주,29200,10000,교육연구시설,11-20대,329
46,전남,46840,26000,묘지관련시설,10대 이하,0
46,전남,46840,03000,제1종근린생활시설,11-20대,336
26,부산,26290,14000,업무시설,21-50대,1373
41,경기,41281,11000,노유자시설,10대 이하,319
11,서울,11650,03000,제1종근린생활시설,21-50대,1617
46,전남,46860,17000,공장,51-100대,590
47,경북,47280,15000,숙박시설,51-100대,146
43,충북,43150,17000,공장,11-20대,767
41,경기,41273,01000,단독주택,21-50대,191
43,충북,43745,10000,교육연구시설,51-100대,134
41,경기,41271,08000,운수시설,10대 이하,3
44,충남,44270,19000,위험물저장및처리시설,21-50대,149
44,충남,44180,01000,단독주택,11-20대,936
26,부산,26230,02000,공동주택,10대 이하,5642
26,부산,26470,02000,공동주택,21-50대,1637
47,경북,47820,02000,공동주택,21-50대,493
51,강원,51790,14000,업무시설,11-20대,78
41,경기,41650,09000,의료시설,10대 이하,6
44,충남,44790,07000,판매시설,10대 이하,0
46,전남,46710,05000,문화및집회시설,10대 이하,65
11,서울,11305,01000,단독주택,10대 이하,7551
47,경북,47130,04005,제조업소,10대 이하,0
36,세종,36110,03000,제1종근린생활시설,11-20대,610
41,경기,41390,18000,창고시설,11-20대,95
26,부산,26260,20000,자동차관련시설,10대 이하,25
46,전남,46810,23000,교정및군사시설,10대 이하,0
27,대구,27140,03000,제1종근린생활시설,21-50대,2393
26,부산,26140,11000,노유자시설,100대 이상,160
46,전남,46130,18000,창고시설,10대 이하,382
41,경기,41133,19000,위험물저장및처리시설,10대 이하,65
46,전남,46860,04000,제2종근린생활시설,11-20대,38
44,충남,44131,09000,의료시설,21-50대,271
41,경기,41285,03000,제1종근린생활시설,21-50대,2292
44,충남,44230,06000,종교시설,21-50대,254
26,부산,26530,19000,위험물저장및처리시설,10대 이하,195
41,경기,41650,02000,공동주택,21-50대,4391
26,부산,26260,09000,의료시설,11-20대,97
41,경기,41670,26000,묘지관련시설,100대 이상,300
28,인천,28710,01000,단독주택,10대 이하,12521
26,부산,26170,10000,교육연구시설,51-100대,321
41,경기,41630,18000,창고시설,51-100대,396
46,전남,46230,18000,창고시설,11-20대,294
41,경기,41610,05000,문화및집회시설,10대 이하,82
51,강원,51130,Z6000,판매및영업시설,21-50대,29
44,충남,44790,18000,창고시설,51-100대,222
26,부산,26140,15000,숙박시설,10대 이하,143
46,전남,46170,30000,자원순환관련시설,21-50대,84
46,전남,46910,03000,제1종근린생활시설,11-20대,197
51,강원,51750,18000,창고시설,11-20대,53
26,부산,26410,11000,노유자시설,51-100대,70
47,경북,47770,27000,관광휴게시설,10대 이하,4
41,경기,41480,04000,제2종근린생활시설,21-50대,3522
26,부산,26410,,,10대 이하,24
46,전남,46130,18000,창고시설,100대 이상,767
51,강원,51730,01000,단독주택,11-20대,417
47,경북,47170,20000,자동차관련시설,11-20대,121
48,경남,48123,01000,단독주택,10대 이하,12487
28,인천,28110,02000,공동주택,51-100대,610
48,경남,48330,01000,단독주택,10대 이하,21156
46,전남,46890,18000,창고시설,21-50대,73
51,강원,51770,04000,제2종근린생활시설,10대 이하,606
48,경남,48850,03000,제1종근린생활시설,11-20대,169
51,강원,51170,05000,문화및집회시설,21-50대,99
11,서울,11470,03000,제1종근린생활시설,11-20대,682
41,경기,41570,14000,업무시설,11-20대,199
45,전북,45790,04000,제2종근린생활시설,10대 이하,922
51,강원,51730,10000,교육연구시설,10대 이하,102
31,울산,31200,18000,창고시설,21-50대,230
45,전북,45710,03000,제1종근린생활시설,100대 이상,119
41,경기,41173,25000,발전시설,21-50대,43
47,경북,47830,04000,제2종근린생활시설,10대 이하,1315
41,경기,41131,11000,노유자시설,10대 이하,132
41,경기,41800,22000,분뇨.쓰레기처리시설,11-20대,14
41,경기,41461,13000,운동시설,21-50대,702
11,서울,11680,,,21-50대,30
11,서울,11410,24000,방송통신시설,10대 이하,5
51,강원,51750,18000,창고시설,51-100대,92
28,인천,28720,27000,관광휴게시설,21-50대,33
11,서울,11440,02000,공동주택,51-100대,2251
11,서울,11110,04000,제2종근린생활시설,11-20대,716
41,경기,41150,19000,위험물저장및처리시설,11-20대,12
11,서울,11410,12000,수련시설,21-50대,35
43,충북,43750,02000,공동주택,100대 이상,29056
30,대전,30200,02000,공동주택,10대 이하,1521
46,전남,46720,02000,공동주택,10대 이하,92
26,부산,26140,17000,공장,11-20대,53
41,경기,41117,18000,창고시설,100대 이상,140
47,경북,47111,06000,종교시설,11-20대,223
44,충남,44230,03000,제1종근린생활시설,21-50대,483
11,서울,11440,01000,단독주택,11-20대,166
41,경기,41281,31000,야영장시설,11-20대,17
41,경기,41310,14000,업무시설,21-50대,653
41,경기,41590,08000,운수시설,100대 이상,174
43,충북,43740,17000,공장,10대 이하,249
11,서울,11560,21000,동물및식물관련시설,10대 이하,0
41,경기,41190,02000,공동주택,10대 이하,33908
46,전남,46770,15000,숙박시설,100대 이상,126
26,부산,26710,Z8000,교육연구및복지시설,10대 이하,0
27,대구,27200,Z3000,근린생활시설,10대 이하,16
41,경기,41450,13000,운동시설,11-20대,40
29,광주,29200,02000,공동주택,21-50대,1734
48,경남,48123,03000,제1종근린생활시설,100대 이상,1235
11,서울,11620,03000,제1종근린생활시설,100대 이상,101
26,부산,26710,,,100대 이상,1297
44,충남,44825,17000,공장,10대 이하,177
46,전남,46130,18000,창고시설,11-20대,139
41,경기,41480,07000,판매시설,100대 이상,20089
43,충북,43113,20000,자동차관련시설,10대 이하,241
41,경기,41135,10000,교육연구시설,51-100대,2629
11,서울,11500,11000,노유자시설,21-50대,66
26,부산,26440,09000,의료시설,21-50대,132
30,대전,30200,09000,의료시설,51-100대,355
41,경기,41630,13000,운동시설,51-100대,809
41,경기,41800,23000,교정및군사시설,21-50대,151
11,서울,11740,09000,의료시설,51-100대,169
48,경남,48220,12000,수련시설,21-50대,27
43,충북,43114,14000,업무시설,51-100대,721
28,인천,28177,17000,공장,51-100대,708
41,경기,41113,07000,판매시설,21-50대,182
43,충북,43130,18000,창고시설,100대 이상,983
47,경북,47113,07000,판매시설,51-100대,296
31,울산,31710,21000,동물및식물관련시설,11-20대,37
41,경기,41150,09000,의료시설,100대 이상,916
48,경남,48127,05000,문화및집회시설,51-100대,73
47,경북,47250,05000,문화및집회시설,100대 이상,4478
45,전북,45130,05000,문화및집회시설,51-100대,94
26,부산,26320,08000,운수시설,10대 이하,0
11,서울,11320,04000,제2종근린생활시설,10대 이하,2333
43,충북,43114,07000,판매시설,100대 이상,1375
41,경기,41210,15000,숙박시설,11-20대,47
41,경기,41390,10000,교육연구시설,10대 이하,250
41,경기,41450,,,100대 이상,1204
26,부산,26320,04000,제2종근린생활시설,21-50대,830
50,제주,50110,,,11-20대,80
46,전남,46110,10000,교육연구시설,10대 이하,173
47,경북,47770,02000,공동주택,51-100대,443
46,전남,46820,09000,의료시설,21-50대,88
41,경기,41670,19000,위험물저장및처리시설,11-20대,34
26,부산,26380,16000,위락시설,21-50대,79
28,인천,28200,15000,숙박시설,100대 이상,650
27,대구,27170,07000,판매시설,51-100대,90
41,경기,41480,24000,방송통신시설,100대 이상,564
47,경북,47820,21000,동물및식물관련시설,10대 이하,38
28,인천,28245,05000,문화및집회시설,100대 이상,574
48,경남,48720,27000,관광휴게시설,10대 이하,2
31,울산,31110,10000,교육연구시설,10대 이하,124
47,경북,47760,10000,교육연구시설,100대 이상,105
41,경기,41550,15000,숙박시설,10대 이하,334
47,경북,47210,26000,묘지관련시설,10대 이하,0
11,서울,11440,Z8000,교육연구및복지시설,51-100대,315
48,경남,48123,15000,숙박시설,100대 이상,5105
47,경북,47190,01000,단독주택,100대 이상,236
41,경기,41281,15000,숙박시설,51-100대,83
41,경기,41480,03000,제1종근린생활시설,51-100대,3407
51,강원,51800,31000,야영장시설,10대 이하,6
41,경기,41273,09000,의료시설,11-20대,12
48,경남,48860,25000,발전시설,11-20대,11
48,경남,48270,02000,공동주택,21-50대,1214
27,대구,27710,Z6000,판매및영업시설,21-50대,24
28,인천,28200,17000,공장,100대 이상,11604
41,경기,41461,Z8000,교육연구및복지시설,10대 이하,3
48,경남,48125,07000,판매시설,100대 이상,2815
46,전남,46800,16000,위락시설,10대 이하,6
51,강원,51820,15000,숙박시설,21-50대,28
41,경기,41450,18000,창고시설,10대 이하,226
43,충북,43740,10000,교육연구시설,51-100대,57
41,경기,41480,14000,업무시설,10대 이하,12
30,대전,30170,10000,교육연구시설,10대 이하,251
51,강원,51210,26000,묘지관련시설,51-100대,60
11,서울,11320,04000,제2종근린생활시설,100대 이상,343
41,경기,41410,11000,노유자시설,10대 이하,150
46,전남,46870,03000,제1종근린생활시설,51-100대,87
41,경기,41650,17000,공장,10대 이하,13522
11,서울,11590,11000,노유자시설,100대 이상,201
47,경북,47230,25000,발전시설,11-20대,48
51,강원,51730,30000,자원순환관련시설,11-20대,24
41,경기,41480,17000,공장,100대 이상,74739
41,경기,41830,03000,제1종근린생활시설,11-20대,633
51,강원,51150,19000,위험물저장및처리시설,10대 이하,137
46,전남,46910,06000,종교시설,10대 이하,65
51,강원,51170,04000,제2종근린생활시설,21-50대,257
43,충북,43800,12000,수련시설,10대 이하,9
11,서울,11305,09000,의료시설,21-50대,292
41,경기,41465,06000,종교시설,100대 이상,576
43,충북,43130,20000,자동차관련시설,11-20대,95
27,대구,27290,13000,운동시설,100대 이상,827
44,충남,44131,10000,교육연구시설,100대 이상,44838
11,서울,11305,03000,제1종근린생활시설,10대 이하,2433
46,전남,46230,01000,단독주택,11-20대,2552
41,경기,41480,05000,문화및집회시설,100대 이상,546
41,경기,41271,08000,운수시설,21-50대,35
51,강원,51730,16000,위락시설,10대 이하,4
26,부산,26440,33000,"국방,군사시설",10대 이하,3
29,광주,29170,20000,자동차관련시설,51-100대,870
41,경기,41370,17000,공장,51-100대,1166
41,경기,41273,,,100대 이상,1947
11,서울,11470,04000,제2종근린생활시설,21-50대,972
41,경기,41113,07000,판매시설,11-20대,70
46,전남,46710,14000,업무시설,10대 이하,26
46,전남,46820,18000,창고시설,51-100대,111
30,대전,30200,01000,단독주택,21-50대,33
29,광주,29140,Z5000,문화및집회시설,10대 이하,13
47,경북,47210,04000,제2종근린생활시설,51-100대,287
44,충남,44131,12000,수련시설,10대 이하,8
11,서울,11230,06000,종교시설,51-100대,604
41,경기,41190,Z8000,교육연구및복지시설,51-100대,831
51,강원,51110,01000,단독주택,51-100대,198
51,강원,51780,20000,자동차관련시설,21-50대,50
48,경남,48740,13000,운동시설,100대 이상,8336
48,경남,48820,13000,운동시설,21-50대,78
44,충남,44810,04000,제2종근린생활시설,11-20대,259
48,경남,48840,14000,업무시설,21-50대,23
44,충남,44790,26000,묘지관련시설,10대 이하,0
43,충북,43720,Z8000,교육연구및복지시설,100대 이상,150
47,경북,47130,12000,수련시설,10대 이하,73
48,경남,48127,09000,의료시설,51-100대,357
44,충남,44180,26000,묘지관련시설,10대 이하,0
41,경기,41210,05000,문화및집회시설,11-20대,23
27,대구,27260,07000,판매시설,11-20대,131
51,강원,51720,05000,문화및집회시설,100대 이상,719
44,충남,44150,14000,업무시설,10대 이하,119
41,경기,41271,10000,교육연구시설,51-100대,1134
45,전북,45190,17000,공장,10대 이하,695
44,충남,44200,15000,숙박시설,11-20대,814
41,경기,41463,09000,의료시설,10대 이하,9
41,경기,41650,12000,수련시설,11-20대,73
43,충북,43750,13000,운동시설,100대 이상,15172
47,경북,47290,JY,,10대 이하,0
48,경남,48820,14000,업무시설,10대 이하,19
43,충북,43114,03000,제1종근린생활시설,11-20대,759
28,인천,28200,07000,판매시설,10대 이하,14
44,충남,44131,,,21-50대,32
47,경북,47280,02000,공동주택,100대 이상,13508
51,강원,51770,10000,교육연구시설,21-50대,212
46,전남,46230,07000,판매시설,10대 이하,15
46,전남,46890,19000,위험물저장및처리시설,10대 이하,23
31,울산,31710,15000,숙박시설,21-50대,729
48,경남,48850,Z8000,교육연구및복지시설,10대 이하,0
41,경기,41190,05000,문화및집회시설,11-20대,49
44,충남,44810,11000,노유자시설,100대 이상,104
41,경기,41131,03000,제1종근린생활시설,21-50대,575
51,강원,51760,15000,숙박시설,10대 이하,668
45,전북,45710,,,11-20대,44
48,경남,48740,22000,분뇨.쓰레기처리시설,100대 이상,150
44,충남,44210,14000,업무시설,10대 이하,66
41,경기,41390,04000,제2종근린생활시설,21-50대,2907
41,경기,41465,25000,발전시설,51-100대,53
41,경기,41360,27000,관광휴게시설,100대 이상,1792
41,경기,41150,01000,단독주택,21-50대,97
41,경기,41111,07000,판매시설,10대 이하,0
46,전남,46890,10000,교육연구시설,10대 이하,45
27,대구,27110,13000,운동시설,10대 이하,0
45,전북,45740,15000,숙박시설,21-50대,34
45,전북,45180,29000,장례시설,21-50대,29
45,전북,45113,20000,자동차관련시설,51-100대,720
50,제주,50130,17000,공장,10대 이하,368
31,울산,31200,13000,운동시설,11-20대,99
43,충북,43113,04000,제2종근린생활시설,100대 이상,185
46,전남,46730,04000,제2종근린생활시설,10대 이하,342
47,경북,47730,Z6000,판매및영업시설,10대 이하,0
43,충북,43800,Z3000,근린생활시설,10대 이하,9
46,전남,46900,02000,공동주택,10대 이하,161
51,강원,51760,13000,운동시설,51-100대,402
44,충남,44230,16000,위락시설,10대 이하,11
26,부산,26440,14000,업무시설,21-50대,708
48,경남,48250,08000,운수시설,100대 이상,1691
47,경북,47210,13000,운동시설,21-50대,137
41,경기,41171,13000,운동시설,51-100대,82
46,전남,46880,24000,방송통신시설,10대 이하,0
47,경북,47111,02000,공동주택,21-50대,2646
48,경남,48240,27000,관광휴게시설,10대 이하,15
11,서울,11200,18000,창고시설,21-50대,32
51,강원,51780,27000,관광휴게시설,10대 이하,0
11,서울,11110,06000,종교시설,100대 이상,524
27,대구,27260,06000,종교시설,21-50대,635
43,충북,43745,27000,관광휴게시설,21-50대,98
46,전남,46820,11000,노유자시설,10대 이하,68
41,경기,41830,09000,의료시설,21-50대,173
48,경남,48240,,,21-50대,69
50,제주,50110,15200,관광숙박시설,51-100대,53
46,전남,46870,18000,창고시설,100대 이상,362
30,대전,30200,31000,야영장시설,10대 이하,15
11,서울,11290,Z8000,교육연구및복지시설,10대 이하,16
45,전북,45113,17000,공장,11-20대,583
41,경기,41630,20000,자동차관련시설,11-20대,310
41,경기,41500,18000,창고시설,100대 이상,21935
51,강원,51150,25000,발전시설,100대 이상,316
41,경기,41450,16000,위락시설,10대 이하,0
47,경북,47900,03000,제1종근린생활시설,51-100대,212
45,전북,45800,16000,위락시설,10대 이하,9
41,경기,41800,09000,의료시설,100대 이상,410
11,서울,11110,06000,종교시설,51-100대,68
11,서울,11410,Z3000,근린생활시설,10대 이하,13
41,경기,41113,14000,업무시설,21-50대,579
48,경남,48170,04000,제2종근린생활시설,100대 이상,170
51,강원,51230,05000,문화및집회시설,11-20대,16
47,경북,47850,05000,문화및집회시설,100대 이상,976
11,서울,11500,Z9000,공공용시설,10대 이하,7
48,경남,48129,04010,학원,10대 이하,0
48,경남,48250,20000,자동차관련시설,11-20대,137
43,충북,43111,14000,업무시설,21-50대,681
43,충북,43114,14000,업무시설,21-50대,288
41,경기,41250,18000,창고시설,10대 이하,124
43,충북,43800,11000,노유자시설,10대 이하,71
11,서울,11290,05000,문화및집회시설,100대 이상,527
41,경기,41115,05000,문화및집회시설,21-50대,149
47,경북,47190,13000,운동시설,100대 이상,7186
43,충북,43130,29000,장례시설,51-100대,100
41,경기,41461,13000,운동시설,11-20대,165
47,경북,47150,30000,자원순환관련시설,21-50대,25
11,서울,11530,20000,자동차관련시설,21-50대,134
11,서울,11710,04000,제2종근린생활시설,51-100대,321
41,경기,41820,08000,운수시설,51-100대,57
47,경북,47750,16000,위락시설,10대 이하,0
47,경북,47280,01000,단독주택,21-50대,72
47,경북,47900,07000,판매시설,100대 이상,120
51,강원,51210,Z5000,문화및집회시설,10대 이하,0
47,경북,47900,13000,운동시설,21-50대,48
41,경기,41480,19000,위험물저장및처리시설,51-100대,94
28,인천,28245,27000,관광휴게시설,10대 이하,0
51,강원,51830,,,11-20대,16
44,충남,44210,09000,의료시설,100대 이상,382
51,강원,51130,20000,자동차관련시설,51-100대,902
43,충북,43730,17000,공장,11-20대,560
46,전남,46150,07000,판매시설,10대 이하,31
36,세종,36110,14000,업무시설,21-50대,458
48,경남,48730,Z6000,판매및영업시설,11-20대,18
44,충남,44825,12000,수련시설,21-50대,26
46,전남,46900,11000,노유자시설,21-50대,26
26,부산,26320,08000,운수시설,11-20대,17
48,경남,48127,21000,동물및식물관련시설,51-100대,64
48,경남,48860,01000,단독주택,10대 이하,1040
28,인천,28140,Z6000,판매및영업시설,21-50대,22
11,서울,11215,05000,문화및집회시설,21-50대,140
41,경기,41173,15000,숙박시설,21-50대,157
45,전북,45190,18000,창고시설,21-50대,110
41,경기,41131,,,21-50대,46
11,서울,11215,Z8000,교육연구및복지시설,100대 이상,558
46,전남,46800,03000,제1종근린생활시설,51-100대,108
27,대구,27710,12000,수련시설,11-20대,54
51,강원,51780,Z8000,교육연구및복지시설,21-50대,102
41,경기,41670,Z3000,근린생활시설,10대 이하,14
27,대구,27230,14000,업무시설,51-100대,781
11,서울,11305,05000,문화및집회시설,51-100대,182
48,경남,48820,17000,공장,100대 이상,5676
41,경기,41430,02000,공동주택,21-50대,2041
47,경북,47930,11000,노유자시설,10대 이하,91
47,경북,47230,19000,위험물저장및처리시설,11-20대,35
11,서울,11140,03000,제1종근린생활시설,11-20대,493
43,충북,43112,14000,업무시설,10대 이하,38
44,충남,44131,14000,업무시설,11-20대,375
41,경기,41117,09000,의료시설,51-100대,190
47,경북,47830,,,100대 이상,256
43,충북,43720,18000,창고시설,10대 이하,90
29,광주,29155,20000,자동차관련시설,100대 이상,607
46,전남,46810,21000,동물및식물관련시설,11-20대,60
26,부산,26710,11000,노유자시설,21-50대,344
27,대구,27260,06000,종교시설,10대 이하,214
26,부산,26500,06000,종교시설,100대 이상,744
31,울산,31140,30000,자원순환관련시설,51-100대,59
44,충남,44133,16000,위락시설,51-100대,127
48,경남,48125,01000,단독주택,21-50대,64
27,대구,27260,08000,운수시설,51-100대,100
41,경기,41650,31000,야영장시설,21-50대,291
41,경기,41463,03000,제1종근린생활시설,100대 이상,946
29,광주,29170,Z6000,판매및영업시설,51-100대,167
28,인천,28237,03000,제1종근린생활시설,100대 이상,1064
46,전남,46860,03000,제1종근린생활시설,100대 이상,135
46,전남,46800,Z5000,문화및집회시설,10대 이하,5
44,충남,44760,06000,종교시설,11-20대,66
31,울산,31110,24000,방송통신시설,10대 이하,4
11,서울,11350,02000,공동주택,11-20대,2148
43,충북,43750,14000,업무시설,51-100대,86
44,충남,44825,05000,문화및집회시설,51-100대,71
28,인천,28177,14000,업무시설,51-100대,4647
51,강원,51150,26000,묘지관련시설,10대 이하,0
46,전남,46860,18000,창고시설,11-20대,43
51,강원,51130,10000,교육연구시설,21-50대,1233
11,서울,11620,13000,운동시설,11-20대,34
43,충북,43750,15000,숙박시설,51-100대,96
44,충남,44131,26000,묘지관련시설,100대 이상,448
47,경북,47850,Z8000,교육연구및복지시설,21-50대,59
43,충북,43720,02000,공동주택,21-50대,460
46,전남,46130,04001,일반음식점,10대 이하,6
41,경기,41390,03000,제1종근린생활시설,100대 이상,2352
41,경기,41133,17000,공장,51-100대,1366
26,부산,26350,01000,단독주택,100대 이상,355
26,부산,26110,Z3000,근린생활시설,51-100대,65
51,강원,51800,23000,교정및군사시설,51-100대,130
41,경기,41117,14000,업무시설,51-100대,778
11,서울,11260,,,10대 이하,8
46,전남,46840,Z8000,교육연구및복지시설,10대 이하,0
31,울산,31200,30000,자원순환관련시설,21-50대,39
47,경북,47280,,,21-50대,38
48,경남,48720,03000,제1종근린생활시설,10대 이하,388
41,경기,41650,07000,판매시설,10대 이하,29
46,전남,46820,18000,창고시설,10대 이하,261
41,경기,41410,13000,운동시설,100대 이상,1801
11,서울,11650,15000,숙박시설,100대 이상,1304
48,경남,48860,01000,단독주택,11-20대,127
28,인천,28200,27000,관광휴게시설,100대 이상,552
44,충남,44133,22000,분뇨.쓰레기처리시설,11-20대,40
45,전북,45111,18000,창고시설,51-100대,88
41,경기,41820,13000,운동시설,100대 이상,5384
26,부산,26710,16000,위락시설,11-20대,13
26,부산,26380,13000,운동시설,100대 이상,1129
11,서울,11545,15000,숙박시설,10대 이하,39
26,부산,26350,Z8000,교육연구및복지시설,100대 이상,1984
48,경남,48850,10000,교육연구시설,51-100대,56
43,충북,43113,16000,위락시설,21-50대,125
51,강원,51810,30000,자원순환관련시설,11-20대,11
41,경기,41390,03000,제1종근린생활시설,10대 이하,5456
51,강원,51720,02000,공동주택,51-100대,875
47,경북,47230,25000,발전시설,51-100대,96
11,서울,11230,15000,숙박시설,100대 이상,102
51,강원,51720,03000,제1종근린생활시설,100대 이상,102
43,충북,43740,01000,단독주택,11-20대,376
41,경기,41287,13000,운동시설,10대 이하,32
11,서울,11530,02000,공동주택,10대 이하,13576
30,대전,30140,24000,방송통신시설,21-50대,83
44,충남,44180,Z3000,근린생활시설,21-50대,61
51,강원,51790,14000,업무시설,10대 이하,0
43,충북,43111,20000,자동차관련시설,11-20대,70
47,경북,47111,24000,방송통신시설,10대 이하,12
41,경기,41550,16000,위락시설,10대 이하,21
43,충북,43111,09000,의료시설,21-50대,205
41,경기,41273,Z8000,교육연구및복지시설,21-50대,123
48,경남,48127,Z8000,교육연구및복지시설,51-100대,52
11,서울,11650,26000,묘지관련시설,10대 이하,0
51,강원,51720,30000,자원순환관련시설,11-20대,15
48,경남,48220,10000,교육연구시설,100대 이상,154
41,경기,41190,Z9000,공공용시설,10대 이하,0
47,경북,47850,13000,운동시설,100대 이상,2191
47,경북,47820,13000,운동시설,100대 이상,6647
11,서울,11530,10000,교육연구시설,11-20대,215
41,경기,41310,27000,관광휴게시설,100대 이상,432
43,충북,43130,02000,공동주택,10대 이하,1966
28,인천,28260,30000,자원순환관련시설,51-100대,113
43,충북,43720,01000,단독주택,11-20대,179
27,대구,27710,04000,제2종근린생활시설,11-20대,772
47,경북,47750,05000,문화및집회시설,10대 이하,13
41,경기,41500,09000,의료시설,51-100대,208
46,전남,46710,15000,숙박시설,51-100대,343
46,전남,46820,17000,공장,10대 이하,339
11,서울,11350,11000,노유자시설,10대 이하,193
45,전북,45190,13000,운동시설,100대 이상,6051
41,경기,41480,22000,분뇨.쓰레기처리시설,10대 이하,101
46,전남,46130,01000,단독주택,21-50대,406
11,서울,11500,01000,단독주택,11-20대,148
31,울산,31200,13000,운동시설,21-50대,98
11,서울,11710,,,100대 이상,108
51,강원,51730,10000,교육연구시설,51-100대,216
41,경기,41360,16000,위락시설,10대 이하,13
26,부산,26260,14000,업무시설,51-100대,382
28,인천,28245,14000,업무시설,21-50대,1102
51,강원,51720,11000,노유자시설,100대 이상,150
43,충북,43113,13000,운동시설,10대 이하,21
41,경기,41390,09000,의료시설,11-20대,62
47,경북,47210,21000,동물및식물관련시설,10대 이하,31
48,경남,48240,18000,창고시설,10대 이하,523
41,경기,41610,12000,수련시설,10대 이하,3
41,경기,41135,13000,운동시설,10대 이하,4
11,서울,11215,07000,판매시설,21-50대,153
48,경남,48330,07000,판매시설,10대 이하,43
41,경기,41670,26000,묘지관련시설,10대 이하,0
44,충남,44710,13000,운동시설,11-20대,17
48,경남,48121,13000,운동시설,21-50대,101
30,대전,30170,13000,운동시설,21-50대,287
43,충북,43113,10000,교육연구시설,51-100대,1894
26,부산,26110,09000,의료시설,10대 이하,20
44,충남,44810,29000,장례시설,11-20대,19
31,울산,31140,05000,문화및집회시설,21-50대,123
46,전남,46790,25000,발전시설,10대 이하,3
43,충북,43740,27000,관광휴게시설,51-100대,204
45,전북,45180,09000,의료시설,100대 이상,177
48,경남,48890,04000,제2종근린생활시설,10대 이하,499
46,전남,46780,03000,제1종근린생활시설,51-100대,211
47,경북,47760,05000,문화및집회시설,51-100대,112
47,경북,47830,14000,업무시설,11-20대,12
48,경남,48121,08000,운수시설,11-20대,19
51,강원,51780,18000,창고시설,11-20대,12
27,대구,27290,22000,분뇨.쓰레기처리시설,21-50대,42
47,경북,47170,07000,판매시설,11-20대,37
44,충남,44150,08000,운수시설,21-50대,44
28,인천,28260,12000,수련시설,10대 이하,6
41,경기,41150,03000,제1종근린생활시설,100대 이상,391
41,경기,41550,15000,숙박시설,21-50대,128
44,충남,44210,15000,숙박시설,21-50대,264
45,전북,45180,15000,숙박시설,21-50대,140
47,경북,47111,09000,의료시설,21-50대,237
41,경기,41570,02000,공동주택,100대 이상,313893
43,충북,43750,05000,문화및집회시설,10대 이하,26
46,전남,46800,02000,공동주택,100대 이상,2371
45,전북,45130,11000,노유자시설,21-50대,152
51,강원,51790,13000,운동시설,10대 이하,33
11,서울,11530,15000,숙박시설,100대 이상,254
43,충북,43720,,,11-20대,12
28,인천,28200,20000,자동차관련시설,10대 이하,186
45,전북,45720,11000,노유자시설,11-20대,30
26,부산,26380,10000,교육연구시설,11-20대,326
11,서울,11650,06000,종교시설,21-50대,899
48,경남,48220,07000,판매시설,100대 이상,1534
47,경북,47210,16000,위락시설,21-50대,25
48,경남,48129,04000,제2종근린생활시설,10대 이하,1730
46,전남,46810,29000,장례시설,10대 이하,21
43,충북,43750,02000,공동주택,21-50대,715
41,경기,41590,12000,수련시설,10대 이하,8
48,경남,48330,10000,교육연구시설,21-50대,1151
41,경기,41500,02003,다세대주택,10대 이하,31
46,전남,46870,26000,묘지관련시설,10대 이하,0
27,대구,27140,07000,판매시설,100대 이상,8047
46,전남,46910,Z5000,문화및집회시설,10대 이하,2
28,인천,28185,04000,제2종근린생활시설,11-20대,1203
11,서울,11530,02000,공동주택,51-100대,3826
41,경기,41117,20000,자동차관련시설,11-20대,82
51,강원,51830,04000,제2종근린생활시설,10대 이하,764
29,광주,29200,24000,방송통신시설,51-100대,175
11,서울,11440,24000,방송통신시설,100대 이상,1768
51,강원,51820,02000,공동주택,11-20대,29
43,충북,43740,22000,분뇨.쓰레기처리시설,51-100대,77
51,강원,51750,01000,단독주택,10대 이하,4368
41,경기,41173,31000,야영장시설,100대 이상,102
41,경기,41273,06000,종교시설,100대 이상,494
11,서울,11440,17000,공장,100대 이상,469
44,충남,44800,15000,숙박시설,21-50대,106
43,충북,43720,04000,제2종근린생활시설,100대 이상,638
47,경북,47250,04000,제2종근린생활시설,10대 이하,1080
48,경남,48870,01000,단독주택,10대 이하,1360
44,충남,44270,19000,위험물저장및처리시설,11-20대,33
41,경기,41830,,,100대 이상,1339
11,서울,11230,09000,의료시설,11-20대,79
31,울산,31140,07000,판매시설,21-50대,264
41,경기,41410,14000,업무시설,10대 이하,53
43,충북,43745,19000,위험물저장및처리시설,100대 이상,159
27,대구,27170,09000,의료시설,21-50대,470
51,강원,51190,,,10대 이하,2
30,대전,30200,18000,창고시설,51-100대,60
44,충남,44710,11000,노유자시설,51-100대,82
46,전남,46890,04000,제2종근린생활시설,100대 이상,238
47,경북,47290,33000,"국방,군사시설",51-100대,63
26,부산,26440,23000,교정및군사시설,10대 이하,3
41,경기,41500,21000,동물및식물관련시설,10대 이하,212
41,경기,41461,06000,종교시설,11-20대,307
11,서울,11305,Z8000,교육연구및복지시설,51-100대,74
27,대구,27260,10000,교육연구시설,21-50대,2087
41,경기,41480,02000,공동주택,10대 이하,9036
41,경기,41630,23000,교정및군사시설,51-100대,772
43,충북,43770,17000,공장,100대 이상,4179
43,충북,43800,03000,제1종근린생활시설,21-50대,118
28,인천,28245,17000,공장,51-100대,750
45,전북,45140,,,11-20대,244
51,강원,51780,01000,단독주택,11-20대,95
41,경기,41287,24000,방송통신시설,11-20대,27
41,경기,41113,07000,판매시설,100대 이상,7683
51,강원,51130,08000,운수시설,10대 이하,0
26,부산,26380,06000,종교시설,21-50대,187
41,경기,41131,02000,공동주택,21-50대,651
45,전북,45730,14000,업무시설,10대 이하,49
46,전남,46170,11000,노유자시설,51-100대,212
43,충북,43130,27000,관광휴게시설,51-100대,333
48,경남,48880,Z8000,교육연구및복지시설,10대 이하,0
28,인천,28245,21000,동물및식물관련시설,10대 이하,37
48,경남,48250,02000,공동주택,100대 이상,368285
41,경기,41310,24000,방송통신시설,10대 이하,6
47,경북,47170,13000,운동시설,21-50대,68
27,대구,27230,02000,공동주택,10대 이하,3477
47,경북,47130,Z8000,교육연구및복지시설,10대 이하,8
41,경기,41150,04000,제2종근린생활시설,100대 이상,1205
27,대구,27110,Z8000,교육연구및복지시설,51-100대,155
41,경기,41450,07000,판매시설,100대 이상,8642
27,대구,27200,20000,자동차관련시설,21-50대,32
45,전북,45180,08000,운수시설,10대 이하,3
26,부산,26320,20000,자동차관련시설,51-100대,277
26,부산,26200,20000,자동차관련시설,10대 이하,90
46,전남,46840,17000,공장,51-100대,239
45,전북,45210,10000,교육연구시설,100대 이상,1320
41,경기,41220,04000,제2종근린생활시설,100대 이상,1879
50,제주,50130,09000,의료시설,21-50대,46
46,전남,46770,16000,위락시설,10대 이하,11
26,부산,26140,14000,업무시설,11-20대,487
46,전남,46800,10000,교육연구시설,100대 이상,1938
41,경기,41115,16000,위락시설,11-20대,45
48,경남,48730,Z5000,문화및집회시설,10대 이하,3
48,경남,48121,Z8000,교육연구및복지시설,21-50대,119
11,서울,11305,14000,업무시설,100대 이상,1717
45,전북,45111,Z3000,근린생활시설,10대 이하,160
41,경기,41820,13000,운동시설,11-20대,79
30,대전,30110,15000,숙박시설,51-100대,76
48,경남,48880,10000,교육연구시설,11-20대,60
47,경북,47111,30000,자원순환관련시설,10대 이하,22
11,서울,11110,02000,공동주택,100대 이상,24293
44,충남,44133,20000,자동차관련시설,51-100대,883
41,경기,41465,11000,노유자시설,10대 이하,155
41,경기,41310,06000,종교시설,100대 이상,440
41,경기,41190,14000,업무시설,51-100대,5127
46,전남,46170,20000,자동차관련시설,51-100대,250
30,대전,30230,14000,업무시설,10대 이하,39
45,전북,45111,26000,묘지관련시설,51-100대,149
47,경북,47840,02000,공동주택,21-50대,173
47,경북,47113,10000,교육연구시설,51-100대,775
51,강원,51720,11000,노유자시설,11-20대,47
46,전남,46170,09000,의료시설,100대 이상,2119
43,충북,43114,20000,자동차관련시설,21-50대,475
44,충남,44210,33000,"국방,군사시설",21-50대,40
45,전북,45740,08000,운수시설,10대 이하,0
47,경북,47130,20000,자동차관련시설,51-100대,286
31,울산,31110,17000,공장,100대 이상,1094
48,경남,48250,05000,문화및집회시설,51-100대,187
46,전남,46880,04000,제2종근린생활시설,10대 이하,781
47,경북,47190,16000,위락시설,21-50대,66
51,강원,51750,08000,운수시설,10대 이하,0
28,인천,28200,07000,판매시설,51-100대,431
46,전남,46130,19000,위험물저장및처리시설,21-50대,80
41,경기,41630,15000,숙박시설,11-20대,443
44,충남,44210,13000,운동시설,11-20대,49
41,경기,41450,04000,제2종근린생활시설,11-20대,645
51,강원,51790,Z8000,교육연구및복지시설,10대 이하,0
46,전남,46860,18000,창고시설,10대 이하,243
41,경기,41115,Z8000,교육연구및복지시설,21-50대,87
27,대구,27140,06000,종교시설,51-100대,64
48,경남,48730,10000,교육연구시설,21-50대,390
44,충남,44131,27000,관광휴게시설,100대 이상,676
47,경북,47290,Z6000,판매및영업시설,10대 이하,0
28,인천,28110,07000,판매시설,100대 이상,2359
11,서울,11215,17000,공장,11-20대,15
41,경기,41190,07000,판매시설,11-20대,80
43,충북,43740,30000,자원순환관련시설,11-20대,51
29,광주,29140,06000,종교시설,11-20대,330
41,경기,41281,14000,업무시설,10대 이하,22
51,강원,51110,20000,자동차관련시설,21-50대,239
46,전남,46130,11000,노유자시설,51-100대,208
51,강원,51210,Z5000,문화및집회시설,21-50대,34
47,경북,47830,22000,분뇨.쓰레기처리시설,10대 이하,63
43,충북,43112,13000,운동시설,51-100대,141
48,경남,48870,17000,공장,11-20대,296
41,경기,41430,09000,의료시설,51-100대,96
48,경남,48240,Z8000,교육연구및복지시설,100대 이상,107
11,서울,11545,21000,동물및식물관련시설,10대 이하,0
50,제주,50130,13000,운동시설,51-100대,363
47,경북,47850,12000,수련시설,51-100대,162
46,전남,46830,18000,창고시설,10대 이하,388
41,경기,41210,04000,제2종근린생활시설,21-50대,954
45,전북,45800,04000,제2종근린생활시설,51-100대,58
48,경남,48820,05000,문화및집회시설,21-50대,119
47,경북,47170,09000,의료시설,21-50대,145
44,충남,44200,01000,단독주택,51-100대,318
41,경기,41370,19000,위험물저장및처리시설,21-50대,40
41,경기,41131,02000,공동주택,11-20대,488
31,울산,31710,10000,교육연구시설,21-50대,869
46,전남,46840,21000,동물및식물관련시설,51-100대,174
46,전남,46720,15000,숙박시설,21-50대,22
48,경남,48125,18000,창고시설,10대 이하,178
30,대전,30110,03000,제1종근린생활시설,21-50대,774
44,충남,44210,20000,자동차관련시설,11-20대,57
11,서울,11290,07000,판매시설,51-100대,134
48,경남,48850,22000,분뇨.쓰레기처리시설,21-50대,21
41,경기,41250,02000,공동주택,11-20대,1425
45,전북,45140,27000,관광휴게시설,51-100대,60
46,전남,46110,12000,수련시설,21-50대,31
26,부산,26290,02000,공동주택,21-50대,1398
48,경남,48127,09000,의료시설,21-50대,372
11,서울,11410,09000,의료시설,11-20대,51
46,전남,46130,Z8000,교육연구및복지시설,100대 이상,216
11,서울,11620,02000,공동주택,10대 이하,20586
45,전북,45140,04000,제2종근린생활시설,51-100대,173
44,충남,44133,30000,자원순환관련시설,10대 이하,75
29,광주,29140,12000,수련시설,10대 이하,17
50,제주,50110,17000,공장,11-20대,675
45,전북,45180,14000,업무시설,10대 이하,49
48,경남,48129,23000,교정및군사시설,51-100대,900
48,경남,48125,07000,판매시설,51-100대,139
44,충남,44131,18000,창고시설,100대 이상,4014
28,인천,28110,09000,의료시설,51-100대,55
26,부산,26200,17000,공장,100대 이상,220
26,부산,26440,22000,분뇨.쓰레기처리시설,10대 이하,10
11,서울,11590,24000,방송통신시설,51-100대,67
41,경기,41461,04000,제2종근린생활시설,21-50대,2405
46,전남,46870,23000,교정및군사시설,10대 이하,0
47,경북,47770,13000,운동시설,21-50대,33
44,충남,44810,21000,동물및식물관련시설,51-100대,110
41,경기,41820,04000,제2종근린생활시설,21-50대,429
41,경기,41800,14000,업무시설,21-50대,234
46,전남,46230,Z8000,교육연구및복지시설,11-20대,11
51,강원,51130,06000,종교시설,11-20대,509
46,전남,46770,27000,관광휴게시설,51-100대,58
11,서울,11440,,,10대 이하,16
26,부산,26200,06000,종교시설,21-50대,145
41,경기,41650,23000,교정및군사시설,10대 이하,80
41,경기,41271,Z8000,교육연구및복지시설,10대 이하,4
26,부산,26380,06000,종교시설,11-20대,126
26,부산,26500,11000,노유자시설,51-100대,184
41,경기,41281,03000,제1종근린생활시설,100대 이상,255
27,대구,27720,20000,자동차관련시설,10대 이하,51
51,강원,51790,27000,관광휴게시설,10대 이하,2
48,경남,48870,02000,공동주택,10대 이하,272
43,충북,43113,20000,자동차관련시설,11-20대,95
48,경남,48121,Z8000,교육연구및복지시설,51-100대,74
28,인천,28185,06000,종교시설,100대 이상,297
27,대구,27720,11000,노유자시설,21-50대,69
48,경남,48840,01000,단독주택,11-20대,151
41,경기,41610,04000,제2종근린생활시설,10대 이하,16832
45,전북,45800,21000,동물및식물관련시설,10대 이하,12
47,경북,47190,11000,노유자시설,21-50대,165
43,충북,43114,18000,창고시설,100대 이상,391
45,전북,45750,15000,숙박시설,11-20대,66
47,경북,47930,31000,야영장시설,10대 이하,0
41,경기,41500,11000,노유자시설,11-20대,146
47,경북,47830,02000,공동주택,21-50대,443
44,충남,44150,18000,창고시설,10대 이하,116
41,경기,41465,10000,교육연구시설,21-50대,1870
51,강원,51750,13000,운동시설,11-20대,13
46,전남,46230,,,21-50대,40
11,서울,11440,20000,자동차관련시설,100대 이상,3287
41,경기,41461,07000,판매시설,21-50대,250
26,부산,26710,15000,숙박시설,100대 이상,3246
44,충남,44800,21000,동물및식물관련시설,21-50대,144
27,대구,27140,09000,의료시설,51-100대,268
48,경남,48270,03000,제1종근린생활시설,100대 이상,1000
26,부산,26350,14000,업무시설,11-20대,514
47,경북,47770,01000,단독주택,10대 이하,2122
48,경남,48129,17000,공장,51-100대,1435
47,경북,47900,30000,자원순환관련시설,10대 이하,16
51,강원,51110,18000,창고시설,21-50대,84
46,전남,46810,02000,공동주택,21-50대,491
45,전북,45800,Z3000,근린생활시설,10대 이하,5
47,경북,47900,14000,업무시설,11-20대,81
48,경남,48123,07000,판매시설,21-50대,114
47,경북,47210,02000,공동주택,21-50대,1006
48,경남,48840,07000,판매시설,100대 이상,131
41,경기,41590,24000,방송통신시설,21-50대,31
26,부산,26200,19000,위험물저장및처리시설,51-100대,99
41,경기,41150,17000,공장,21-50대,364
47,경북,47190,01000,단독주택,11-20대,16688
51,강원,51750,23000,교정및군사시설,11-20대,14
48,경남,48270,Z8000,교육연구및복지시설,10대 이하,0
11,서울,11590,06000,종교시설,100대 이상,495
43,충북,43112,17000,공장,10대 이하,1009
31,울산,31110,03000,제1종근린생활시설,10대 이하,1627
30,대전,30230,10000,교육연구시설,10대 이하,80
41,경기,41113,18000,창고시설,100대 이상,105
41,경기,41131,24000,방송통신시설,100대 이상,114
29,광주,29155,16000,위락시설,10대 이하,5
27,대구,27290,18000,창고시설,51-100대,165
41,경기,41111,15000,숙박시설,10대 이하,207
51,강원,51720,22000,분뇨.쓰레기처리시설,11-20대,150
11,서울,11260,02000,공동주택,21-50대,4993
45,전북,45111,06000,종교시설,10대 이하,427
31,울산,31170,06000,종교시설,10대 이하,114
41,경기,41590,29000,장례시설,51-100대,115
29,광주,29140,29000,장례시설,100대 이상,464
43,충북,43800,04000,제2종근린생활시설,11-20대,54
51,강원,51830,,,51-100대,52
27,대구,27260,20000,자동차관련시설,100대 이상,656
50,제주,50110,01000,단독주택,10대 이하,45745
26,부산,26710,18000,창고시설,21-50대,294
41,경기,41830,10000,교육연구시설,10대 이하,216
46,전남,46870,03000,제1종근린생활시설,11-20대,189
41,경기,41190,12000,수련시설,10대 이하,12
44,충남,44800,13000,운동시설,100대 이상,571
48,경남,48170,21000,동물및식물관련시설,10대 이하,30
41,경기,41480,30000,자원순환관련시설,11-20대,43
45,전북,45140,03000,제1종근린생활시설,21-50대,880
11,서울,11740,13000,운동시설,11-20대,38
48,경남,48121,,,10대 이하,47
48,경남,48850,10000,교육연구시설,100대 이상,305
26,부산,26440,14000,업무시설,11-20대,176
46,전남,46800,15000,숙박시설,21-50대,42
46,전남,46800,02000,공동주택,51-100대,864
47,경북,47770,07000,판매시설,100대 이상,535
47,경북,47130,08000,운수시설,10대 이하,10
51,강원,51110,13000,운동시설,10대 이하,71
46,전남,46830,21000,동물및식물관련시설,21-50대,48
51,강원,51730,14000,업무시설,100대 이상,122
41,경기,41360,04001,일반음식점,10대 이하,2
31,울산,31710,18000,창고시설,100대 이상,2452
11,서울,11680,04000,제2종근린생활시설,100대 이상,2406
48,경남,48240,22000,분뇨.쓰레기처리시설,11-20대,32
48,경남,48123,12000,수련시설,21-50대,49
47,경북,47190,05000,문화및집회시설,11-20대,91
26,부산,26350,09000,의료시설,100대 이상,1695
45,전북,45720,15000,숙박시설,11-20대,30
46,전남,46150,20000,자동차관련시설,11-20대,81
47,경북,47230,04000,제2종근린생활시설,21-50대,161
11,서울,11215,06000,종교시설,11-20대,350
41,경기,41150,11000,노유자시설,10대 이하,388
48,경남,48330,30000,자원순환관련시설,10대 이하,249
45,전북,45180,30000,자원순환관련시설,100대 이상,745
44,충남,44150,04000,제2종근린생활시설,51-100대,296
46,전남,46770,Z8000,교육연구및복지시설,11-20대,11
44,충남,44770,05000,문화및집회시설,11-20대,45
48,경남,48310,14000,업무시설,100대 이상,4459
48,경남,48740,27000,관광휴게시설,10대 이하,5
43,충북,43720,17000,공장,10대 이하,407
46,전남,46150,15000,숙박시설,11-20대,451
41,경기,41370,20000,자동차관련시설,11-20대,61
43,충북,43720,01000,단독주택,10대 이하,1007
11,서울,11380,Z3000,근린생활시설,21-50대,87
44,충남,44210,24000,방송통신시설,21-50대,37
45,전북,45750,01000,단독주택,11-20대,102
47,경북,47210,01000,단독주택,100대 이상,104
50,제주,50110,25000,발전시설,100대 이상,313
41,경기,41463,03000,제1종근린생활시설,10대 이하,2327
47,경북,47170,04010,학원,10대 이하,0
43,충북,43800,27000,관광휴게시설,100대 이상,636
47,경북,47250,14000,업무시설,100대 이상,240
41,경기,41820,06000,종교시설,10대 이하,263
36,세종,36110,10000,교육연구시설,10대 이하,103
47,경북,47850,04000,제2종근린생활시설,21-50대,266
44,충남,44210,06000,종교시설,21-50대,212
27,대구,27260,26000,묘지관련시설,10대 이하,1
11,서울,11380,10000,교육연구시설,51-100대,1613
41,경기,41290,20000,자동차관련시설,51-100대,82
45,전북,45130,03000,제1종근린생활시설,21-50대,1989
45,전북,45190,03000,제1종근린생활시설,10대 이하,1131
48,경남,48121,18000,창고시설,21-50대,115
44,충남,44210,10000,교육연구시설,10대 이하,76
41,경기,41115,04000,제2종근린생활시설,11-20대,1180
46,전남,46170,19000,위험물저장및처리시설,11-20대,56
41,경기,41800,01000,단독주택,51-100대,125
48,경남,48330,Z8000,교육연구및복지시설,51-100대,60
11,서울,11215,06000,종교시설,21-50대,273
47,경북,47111,02000,공동주택,10대 이하,2050
41,경기,41150,14000,업무시설,11-20대,1127
46,전남,46810,25000,발전시설,10대 이하,1
46,전남,46770,18000,창고시설,51-100대,311
51,강원,51810,03000,제1종근린생활시설,21-50대,401
47,경북,47150,06000,종교시설,10대 이하,197
11,서울,11650,02000,공동주택,21-50대,10870
28,인천,28710,04402,사무소,10대 이하,4
41,경기,41115,15000,숙박시설,10대 이하,1286
46,전남,46810,02000,공동주택,51-100대,307
48,경남,48129,27000,관광휴게시설,51-100대,70
41,경기,41281,10000,교육연구시설,10대 이하,241
28,인천,28110,08000,운수시설,11-20대,229
47,경북,47900,33000,"국방,군사시설",10대 이하,0
41,경기,41133,27000,관광휴게시설,21-50대,40
51,강원,51170,17000,공장,51-100대,172
30,대전,30110,02000,공동주택,51-100대,722
36,세종,36110,17000,공장,10대 이하,1555
31,울산,31200,05000,문화및집회시설,10대 이하,25
44,충남,44270,03000,제1종근린생활시설,21-50대,1139
46,전남,46730,10000,교육연구시설,21-50대,46
26,부산,26320,Z8000,교육연구및복지시설,10대 이하,3
48,경남,48890,04000,제2종근린생활시설,21-50대,167
43,충북,43740,17000,공장,51-100대,154
43,충북,43750,22000,분뇨.쓰레기처리시설,21-50대,58
41,경기,41220,24000,방송통신시설,10대 이하,10
28,인천,28260,Z3000,근린생활시설,11-20대,17
27,대구,27110,20000,자동차관련시설,100대 이상,2426
45,전북,45180,17000,공장,21-50대,2050
41,경기,41463,18000,창고시설,11-20대,234
43,충북,43770,09000,의료시설,21-50대,90
47,경북,47900,03000,제1종근린생활시설,21-50대,511
28,인천,28110,14000,업무시설,51-100대,820
28,인천,28185,20000,자동차관련시설,11-20대,14
28,인천,28710,04000,제2종근린생활시설,21-50대,501
51,강원,51130,Z3000,근린생활시설,10대 이하,74
46,전남,46230,17000,공장,11-20대,523
11,서울,11710,03000,제1종근린생활시설,10대 이하,5842
28,인천,28110,23000,교정및군사시설,10대 이하,0
11,서울,11470,02000,공동주택,51-100대,7460
47,경북,47230,30000,자원순환관련시설,10대 이하,220
41,경기,41463,01000,단독주택,51-100대,620
41,경기,41830,13000,운동시설,100대 이상,1565
47,경북,47290,11000,노유자시설,21-50대,110
45,전북,45790,04000,제2종근린생활시설,51-100대,116
41,경기,41650,10000,교육연구시설,21-50대,571
41,경기,41285,33000,"국방,군사시설",10대 이하,6
11,서울,11260,09000,의료시설,10대 이하,8
11,서울,11500,14000,업무시설,11-20대,1109
44,충남,44800,24000,방송통신시설,10대 이하,8
45,전북,45180,07000,판매시설,21-50대,155
47,경북,47210,13000,운동시설,11-20대,12
48,경남,48170,24000,방송통신시설,11-20대,14
48,경남,48870,13000,운동시설,21-50대,59
41,경기,41287,20000,자동차관련시설,10대 이하,265
45,전북,45720,14000,업무시설,21-50대,428
43,충북,43740,26000,묘지관련시설,10대 이하,0
51,강원,51150,27000,관광휴게시설,100대 이상,1904
43,충북,43760,Z3000,근린생활시설,10대 이하,3
41,경기,41115,06000,종교시설,21-50대,504
47,경북,47190,15000,숙박시설,10대 이하,1071
11,서울,11110,03000,제1종근린생활시설,21-50대,178
47,경북,47190,03000,제1종근린생활시설,11-20대,1415
11,서울,11410,20000,자동차관련시설,21-50대,44
27,대구,27720,20000,자동차관련시설,100대 이상,110
44,충남,44800,17000,공장,51-100대,749
45,전북,45190,19000,위험물저장및처리시설,10대 이하,79
44,충남,44131,24000,방송통신시설,10대 이하,1
51,강원,51780,09000,의료시설,100대 이상,106
41,경기,41390,07000,판매시설,21-50대,324
44,충남,44200,07000,판매시설,100대 이상,10521
47,경북,47820,27000,관광휴게시설,10대 이하,1
43,충북,43114,17000,공장,10대 이하,2838
11,서울,11110,07000,판매시설,100대 이상,845
48,경남,48880,01000,단독주택,10대 이하,2344
11,서울,11260,06000,종교시설,51-100대,126
11,서울,11740,14000,업무시설,21-50대,2952
30,대전,30170,19000,위험물저장및처리시설,11-20대,20
11,서울,11410,16000,위락시설,21-50대,28
11,서울,11500,09000,의료시설,51-100대,422
27,대구,27260,09000,의료시설,11-20대,87
26,부산,26500,06000,종교시설,10대 이하,74
43,충북,43114,01000,단독주택,11-20대,2467
46,전남,46810,02000,공동주택,11-20대,319
46,전남,46110,05000,문화및집회시설,51-100대,366
46,전남,46170,13000,운동시설,100대 이상,17467
11,서울,11620,11000,노유자시설,11-20대,62
43,충북,43730,07000,판매시설,21-50대,128
41,경기,41190,17000,공장,11-20대,4297
30,대전,30110,Z8000,교육연구및복지시설,11-20대,15
28,인천,28177,11000,노유자시설,10대 이하,418
44,충남,44210,13000,운동시설,100대 이상,1375
11,서울,11410,05000,문화및집회시설,21-50대,67
27,대구,27140,Z5000,문화및집회시설,10대 이하,7
51,강원,51780,08000,운수시설,10대 이하,7
41,경기,41220,Z8000,교육연구및복지시설,100대 이상,288
47,경북,47850,19000,위험물저장및처리시설,11-20대,12
28,인천,28710,13000,운동시설,11-20대,63
47,경북,47250,13000,운동시설,21-50대,135
51,강원,51230,10000,교육연구시설,11-20대,212
48,경남,48240,02000,공동주택,11-20대,903
46,전남,46860,06000,종교시설,11-20대,43
48,경남,48270,01000,단독주택,11-20대,1355
48,경남,48730,13000,운동시설,100대 이상,1241
48,경남,48330,18000,창고시설,21-50대,878
43,충북,43113,24000,방송통신시설,10대 이하,12
41,경기,41410,10000,교육연구시설,100대 이상,4777
46,전남,46130,06000,종교시설,10대 이하,555
44,충남,44200,18000,창고시설,11-20대,496
51,강원,51750,13000,운동시설,100대 이상,4482
44,충남,44270,13000,운동시설,11-20대,27
11,서울,11560,07000,판매시설,10대 이하,17
51,강원,51190,12000,수련시설,100대 이상,3039
50,제주,50110,30000,자원순환관련시설,11-20대,27
41,경기,41285,09000,의료시설,21-50대,306
45,전북,45790,02000,공동주택,11-20대,197
31,울산,31710,09000,의료시설,100대 이상,211
45,전북,45790,13000,운동시설,100대 이상,1908
45,전북,45111,05000,문화및집회시설,21-50대,165
11,서울,11305,07000,판매시설,51-100대,177
11,서울,11545,07000,판매시설,51-100대,68
26,부산,26200,06000,종교시설,11-20대,63
47,경북,47280,03000,제1종근린생활시설,21-50대,232
41,경기,41610,03000,제1종근린생활시설,10대 이하,7778
48,경남,48127,12000,수련시설,100대 이상,203
11,서울,11650,08000,운수시설,100대 이상,1111
41,경기,41281,05000,문화및집회시설,51-100대,189
28,인천,28237,08000,운수시설,10대 이하,0
44,충남,44800,30000,자원순환관련시설,10대 이하,11
47,경북,47290,09000,의료시설,10대 이하,0
47,경북,47850,14000,업무시설,100대 이상,326
48,경남,48740,09000,의료시설,100대 이상,408
44,충남,44710,03000,제1종근린생활시설,11-20대,149
45,전북,45750,,,10대 이하,18
47,경북,47750,01000,단독주택,10대 이하,360
41,경기,41463,,,100대 이상,1710
48,경남,48860,31000,야영장시설,10대 이하,11
43,충북,43113,11000,노유자시설,10대 이하,246
36,세종,36110,06000,종교시설,11-20대,192
26,부산,26290,13000,운동시설,100대 이상,1026
44,충남,44230,09000,의료시설,10대 이하,23
48,경남,48310,Z5000,문화및집회시설,10대 이하,5
41,경기,41117,09000,의료시설,10대 이하,10
43,충북,43150,26000,묘지관련시설,11-20대,20
30,대전,30230,27000,관광휴게시설,21-50대,50
29,광주,29200,14000,업무시설,10대 이하,113
44,충남,44150,22000,분뇨.쓰레기처리시설,51-100대,350
44,충남,44710,07000,판매시설,11-20대,55
26,부산,26380,07000,판매시설,11-20대,52
51,강원,51230,18000,창고시설,100대 이상,813
28,인천,28185,Z6000,판매및영업시설,100대 이상,224
29,광주,29155,07000,판매시설,51-100대,86
51,강원,51820,11000,노유자시설,10대 이하,39
28,인천,28110,11000,노유자시설,11-20대,79
47,경북,47113,15000,숙박시설,10대 이하,525
30,대전,30200,03000,제1종근린생활시설,21-50대,1967
45,전북,45140,21000,동물및식물관련시설,100대 이상,149
31,울산,31140,09000,의료시설,51-100대,306
41,경기,41590,07000,판매시설,21-50대,449
48,경남,48330,01000,단독주택,11-20대,2221
11,서울,11140,07000,판매시설,21-50대,269
44,충남,44825,,,10대 이하,10
41,경기,41630,23000,교정및군사시설,11-20대,111
47,경북,47290,31000,야영장시설,21-50대,31
27,대구,27710,22000,분뇨.쓰레기처리시설,21-50대,322
47,경북,47850,02000,공동주택,11-20대,739
45,전북,45800,20000,자동차관련시설,100대 이상,165
27,대구,27110,Z6000,판매및영업시설,10대 이하,0
41,경기,41463,11000,노유자시설,21-50대,281
11,서울,11650,Z8000,교육연구및복지시설,51-100대,70
26,부산,26170,30000,자원순환관련시설,10대 이하,10
48,경남,48870,09000,의료시설,11-20대,46
45,전북,45770,18000,창고시설,10대 이하,94
48,경남,48127,22000,분뇨.쓰레기처리시설,11-20대,14
41,경기,41117,24000,방송통신시설,100대 이상,222
44,충남,44133,17000,공장,51-100대,5193
44,충남,44230,03000,제1종근린생활시설,10대 이하,1856
43,충북,43800,23000,교정및군사시설,10대 이하,3
26,부산,26140,Z8000,교육연구및복지시설,21-50대,61
43,충북,43150,Z3000,근린생활시설,10대 이하,4
47,경북,47730,12000,수련시설,10대 이하,0
47,경북,47750,11000,노유자시설,11-20대,17
44,충남,44180,20000,자동차관련시설,100대 이상,859
44,충남,44770,24000,방송통신시설,10대 이하,0
47,경북,47830,27000,관광휴게시설,51-100대,98
46,전남,46770,03000,제1종근린생활시설,51-100대,402
51,강원,51770,21000,동물및식물관련시설,10대 이하,48
47,경북,47840,14000,업무시설,11-20대,12
45,전북,45210,02000,공동주택,21-50대,378
48,경남,48330,25000,발전시설,10대 이하,5
43,충북,43800,20000,자동차관련시설,10대 이하,4
27,대구,27710,05000,문화및집회시설,51-100대,53
30,대전,30140,02000,공동주택,21-50대,1182
46,전남,46890,02000,공동주택,11-20대,388
28,인천,28177,20000,자동차관련시설,10대 이하,105
48,경남,48129,Z3000,근린생활시설,10대 이하,130
26,부산,26320,Z8000,교육연구및복지시설,21-50대,189
45,전북,45180,11000,노유자시설,51-100대,78
41,경기,41610,04005,제조업소,10대 이하,1
26,부산,26440,24000,방송통신시설,10대 이하,3
43,충북,43130,18000,창고시설,51-100대,66
47,경북,47280,15000,숙박시설,100대 이상,892
46,전남,46860,30000,자원순환관련시설,11-20대,15
44,충남,44210,20000,자동차관련시설,21-50대,94
51,강원,51730,Z8000,교육연구및복지시설,51-100대,57
43,충북,43112,07000,판매시설,21-50대,145
51,강원,51210,15200,관광숙박시설,10대 이하,0
11,서울,11170,05000,문화및집회시설,21-50대,114
41,경기,41500,15000,숙박시설,21-50대,227
46,전남,46130,22000,분뇨.쓰레기처리시설,11-20대,26
41,경기,41410,13000,운동시설,51-100대,293
43,충북,43730,09000,의료시설,51-100대,427
11,서울,11710,06000,종교시설,100대 이상,313
44,충남,44200,05000,문화및집회시설,51-100대,214
29,광주,29140,24000,방송통신시설,21-50대,119
51,강원,51730,17000,공장,51-100대,975
43,충북,43740,17000,공장,11-20대,191
47,경북,47230,25000,발전시설,100대 이상,132
41,경기,41500,02000,공동주택,21-50대,2127
29,광주,29200,17000,공장,100대 이상,76142
27,대구,27290,20000,자동차관련시설,11-20대,143
29,광주,29110,26000,묘지관련시설,10대 이하,0
48,경남,48880,20000,자동차관련시설,21-50대,67
45,전북,45740,15000,숙박시설,100대 이상,318
28,인천,28140,,,11-20대,11
47,경북,47820,27000,관광휴게시설,100대 이상,1392
26,부산,26170,02000,공동주택,100대 이상,9190
41,경기,41650,14000,업무시설,51-100대,392
46,전남,46790,06000,종교시설,10대 이하,108
28,인천,28720,01000,단독주택,21-50대,156
45,전북,45790,17000,공장,10대 이하,527
47,경북,47280,07000,판매시설,21-50대,76
41,경기,41285,23000,교정및군사시설,11-20대,14
41,경기,41590,18000,창고시설,100대 이상,6157
41,경기,41173,20000,자동차관련시설,11-20대,146
45,전북,45190,07000,판매시설,100대 이상,451
48,경남,48720,11000,노유자시설,11-20대,12
46,전남,46840,15000,숙박시설,11-20대,224
30,대전,30200,28000,가설건축물,10대 이하,0
27,대구,27720,14000,업무시설,10대 이하,37
44,충남,44760,30000,자원순환관련시설,10대 이하,32
46,전남,46710,09000,의료시설,51-100대,109
11,서울,11170,20000,자동차관련시설,100대 이상,705
11,서울,11530,30000,자원순환관련시설,21-50대,46
44,충남,44210,08000,운수시설,10대 이하,8
45,전북,45140,16000,위락시설,11-20대,38
46,전남,46110,15000,숙박시설,21-50대,277
45,전북,45730,22000,분뇨.쓰레기처리시설,10대 이하,5
11,서울,11410,01000,단독주택,11-20대,326
48,경남,48270,13000,운동시설,11-20대,19
51,강원,51230,Z9000,공공용시설,10대 이하,0
45,전북,45750,17000,공장,21-50대,452
44,충남,44230,14000,업무시설,11-20대,123
47,경북,47190,21000,동물및식물관련시설,11-20대,19
41,경기,41590,05000,문화및집회시설,51-100대,53
26,부산,26470,09000,의료시설,10대 이하,0
28,인천,28185,22000,분뇨.쓰레기처리시설,10대 이하,10
46,전남,46720,12000,수련시설,51-100대,56
28,인천,28237,09000,의료시설,51-100대,294
28,인천,28710,05000,문화및집회시설,11-20대,14
51,강원,51130,13000,운동시설,51-100대,579
41,경기,41131,,,51-100대,95
45,전북,45210,11000,노유자시설,11-20대,50
51,강원,51760,03000,제1종근린생활시설,51-100대,210
45,전북,45740,10000,교육연구시설,21-50대,203
41,경기,41800,01000,단독주택,100대 이상,258
41,경기,41173,06000,종교시설,51-100대,373
46,전남,46170,14000,업무시설,51-100대,522
46,전남,46130,04402,사무소,10대 이하,4
48,경남,48330,19000,위험물저장및처리시설,21-50대,224
41,경기,41150,04000,제2종근린생활시설,21-50대,1929
48,경남,48129,30000,자원순환관련시설,10대 이하,10
26,부산,26530,08000,운수시설,10대 이하,4
28,인천,28237,12000,수련시설,21-50대,28
29,광주,29110,06000,종교시설,100대 이상,141
47,경북,47900,02000,공동주택,10대 이하,186
51,강원,51110,16000,위락시설,10대 이하,10
47,경북,47750,10000,교육연구시설,21-50대,130
41,경기,41465,Z3000,근린생활시설,11-20대,13
51,강원,51830,14000,업무시설,10대 이하,27
46,전남,46780,25000,발전시설,10대 이하,0
45,전북,45180,08000,운수시설,21-50대,25
50,제주,50110,29000,장례시설,21-50대,108
26,부산,26500,22000,분뇨.쓰레기처리시설,10대 이하,3
41,경기,41480,01000,단독주택,10대 이하,26114
47,경북,47280,11000,노유자시설,21-50대,45
45,전북,45130,30000,자원순환관련시설,100대 이상,159
27,대구,27170,10000,교육연구시설,11-20대,27
26,부산,26290,20000,자동차관련시설,11-20대,115
45,전북,45130,27000,관광휴게시설,100대 이상,1751
51,강원,51720,Z5000,문화및집회시설,11-20대,17
47,경북,47840,03000,제1종근린생활시설,51-100대,53
51,강원,51230,29000,장례시설,10대 이하,10
48,경남,48880,25000,발전시설,10대 이하,0
41,경기,41133,07000,판매시설,10대 이하,0
48,경남,48840,31000,야영장시설,21-50대,32
51,강원,51730,09000,의료시설,10대 이하,2
41,경기,41650,04000,제2종근린생활시설,100대 이상,1400
41,경기,41480,20000,자동차관련시설,51-100대,853
47,경북,47130,18000,창고시설,100대 이상,662
51,강원,51720,03000,제1종근린생활시설,51-100대,304
47,경북,47930,05000,문화및집회시설,11-20대,16
28,인천,28260,30000,자원순환관련시설,11-20대,60
41,경기,41463,07000,판매시설,21-50대,211
28,인천,28245,Z3000,근린생활시설,21-50대,47
51,강원,51210,Z8000,교육연구및복지시설,51-100대,63
28,인천,28185,14000,업무시설,21-50대,477
46,전남,46790,14000,업무시설,11-20대,123
41,경기,41461,12000,수련시설,100대 이상,1302
26,부산,26470,09000,의료시설,11-20대,85
46,전남,46230,,,10대 이하,9
11,서울,11620,05000,문화및집회시설,11-20대,28
51,강원,51730,08000,운수시설,10대 이하,0
27,대구,27290,18000,창고시설,21-50대,148
46,전남,46890,24000,방송통신시설,11-20대,16
44,충남,44770,14000,업무시설,21-50대,102
27,대구,27140,30000,자원순환관련시설,10대 이하,2
43,충북,43112,20000,자동차관련시설,21-50대,563
51,강원,51760,05000,문화및집회시설,11-20대,71
46,전남,46770,03000,제1종근린생활시설,21-50대,484
46,전남,46870,12000,수련시설,100대 이상,532
26,부산,26170,20000,자동차관련시설,100대 이상,914
48,경남,48310,27000,관광휴게시설,51-100대,96
46,전남,46770,30000,자원순환관련시설,21-50대,75
51,강원,51130,22000,분뇨.쓰레기처리시설,11-20대,24
41,경기,41590,05000,문화및집회시설,11-20대,86
41,경기,41820,09000,의료시설,10대 이하,3
47,경북,47850,13000,운동시설,10대 이하,39
36,세종,36110,,,21-50대,70
44,충남,44770,14000,업무시설,10대 이하,33
31,울산,31110,05000,문화및집회시설,10대 이하,36
41,경기,41113,13000,운동시설,21-50대,130
26,부산,26710,18000,창고시설,10대 이하,365
41,경기,41290,Z5000,문화및집회시설,10대 이하,0
11,서울,11230,06000,종교시설,100대 이상,101
30,대전,30140,13000,운동시설,10대 이하,14
31,울산,31170,24000,방송통신시설,21-50대,25
26,부산,26530,26000,묘지관련시설,10대 이하,0
41,경기,41830,01000,단독주택,51-100대,348
51,강원,51130,14000,업무시설,21-50대,913
44,충남,44200,17000,공장,21-50대,11376
27,대구,27140,Z8000,교육연구및복지시설,10대 이하,22
41,경기,41113,30000,자원순환관련시설,10대 이하,11
41,경기,41285,Z8000,교육연구및복지시설,51-100대,223
51,강원,51800,17000,공장,51-100대,84
27,대구,27720,22000,분뇨.쓰레기처리시설,11-20대,36
26,부산,26320,20000,자동차관련시설,11-20대,70
27,대구,27720,02000,공동주택,21-50대,180
51,강원,51130,11000,노유자시설,11-20대,218
28,인천,28110,07000,판매시설,10대 이하,17
47,경북,47820,02000,공동주택,51-100대,847
28,인천,28110,04000,제2종근린생활시설,11-20대,771
51,강원,51210,19000,위험물저장및처리시설,11-20대,36
46,전남,46830,17000,공장,10대 이하,1038
47,경북,47250,02000,공동주택,10대 이하,431
41,경기,41570,09000,의료시설,100대 이상,538
28,인천,28237,,,11-20대,20
47,경북,47113,09000,의료시설,11-20대,65
41,경기,41800,15000,숙박시설,100대 이상,688
51,강원,51780,23000,교정및군사시설,11-20대,115
26,부산,26410,09000,의료시설,100대 이상,829
41,경기,41480,29000,장례시설,11-20대,17
26,부산,26290,07000,판매시설,11-20대,58
29,광주,29155,,,10대 이하,34
48,경남,48270,19000,위험물저장및처리시설,10대 이하,46
48,경남,48720,03000,제1종근린생활시설,21-50대,71
11,서울,11260,13000,운동시설,11-20대,20
51,강원,51190,22000,분뇨.쓰레기처리시설,11-20대,45
48,경남,48250,24000,방송통신시설,11-20대,20
44,충남,44800,20000,자동차관련시설,10대 이하,46
27,대구,27140,06000,종교시설,100대 이상,592
43,충북,43114,23000,교정및군사시설,51-100대,383
28,인천,28245,09000,의료시설,21-50대,335
47,경북,47113,17000,공장,11-20대,409
43,충북,43760,04000,제2종근린생활시설,51-100대,71
41,경기,41570,03000,제1종근린생활시설,100대 이상,1159
28,인천,28110,01000,단독주택,10대 이하,7695
41,경기,41111,02000,공동주택,10대 이하,6077
41,경기,41370,01000,단독주택,21-50대,51
47,경북,47770,30000,자원순환관련시설,10대 이하,5
48,경남,48250,04000,제2종근린생활시설,51-100대,1281
48,경남,48129,02000,공동주택,11-20대,1400
11,서울,11620,Z5000,문화및집회시설,21-50대,23
45,전북,45130,22000,분뇨.쓰레기처리시설,21-50대,82
31,울산,31710,05000,문화및집회시설,21-50대,352
47,경북,47760,13000,운동시설,10대 이하,8
45,전북,45740,04000,제2종근린생활시설,10대 이하,263
26,부산,26380,17000,공장,21-50대,3390
41,경기,41830,21000,동물및식물관련시설,21-50대,248
48,경남,48240,01000,단독주택,51-100대,124
26,부산,26260,05000,문화및집회시설,21-50대,48
11,서울,11740,15000,숙박시설,11-20대,74
46,전남,46780,01000,단독주택,11-20대,90
41,경기,41250,13000,운동시설,100대 이상,681
27,대구,27260,07000,판매시설,10대 이하,32
30,대전,30230,,,11-20대,12
26,부산,26260,11000,노유자시설,10대 이하,120
43,충북,43800,05000,문화및집회시설,100대 이상,235
51,강원,51110,15000,숙박시설,51-100대,180
50,제주,50110,21001,도축장,10대 이하,0
26,부산,26710,11000,노유자시설,10대 이하,294
41,경기,41550,13000,운동시설,11-20대,15
41,경기,41610,08000,운수시설,21-50대,40
41,경기,41590,24000,방송통신시설,51-100대,93
43,충북,43750,,,11-20대,111
44,충남,44131,06000,종교시설,100대 이상,363
47,경북,47250,02000,공동주택,11-20대,534
43,충북,43740,04000,제2종근린생활시설,21-50대,50
41,경기,41570,15000,숙박시설,11-20대,139
41,경기,41830,27000,관광휴게시설,51-100대,76
31,울산,31140,02000,공동주택,51-100대,3000
11,서울,11710,02000,공동주택,10대 이하,45538
11,서울,11305,10000,교육연구시설,10대 이하,100
45,전북,45190,03000,제1종근린생활시설,21-50대,409
46,전남,46830,10000,교육연구시설,100대 이상,4413
48,경남,48720,18000,창고시설,21-50대,24
41,경기,41285,18000,창고시설,51-100대,499
41,경기,41610,17000,공장,11-20대,1483
48,경남,48170,06000,종교시설,10대 이하,289
51,강원,51730,13000,운동시설,21-50대,237
48,경남,48129,07000,판매시설,21-50대,38
51,강원,51130,09000,의료시설,11-20대,93
51,강원,51720,23000,교정및군사시설,100대 이상,5922
41,경기,41273,14000,업무시설,100대 이상,9740
46,전남,46820,13000,운동시설,21-50대,108
11,서울,11740,04000,제2종근린생활시설,10대 이하,4823
46,전남,46130,01000,단독주택,11-20대,2445
43,충북,43770,15000,숙박시설,11-20대,225
26,부산,26290,16000,위락시설,10대 이하,0
11,서울,11200,Z9000,공공용시설,21-50대,24
51,강원,51730,15000,숙박시설,51-100대,65
41,경기,41220,04000,제2종근린생활시설,51-100대,1970
47,경북,47130,14000,업무시설,10대 이하,176
51,강원,51110,05000,문화및집회시설,11-20대,77
29,광주,29200,05000,문화및집회시설,21-50대,68
41,경기,41480,09000,의료시설,10대 이하,13
45,전북,45190,Z3000,근린생활시설,11-20대,12
26,부산,26260,16000,위락시설,11-20대,22
47,경북,47170,01000,단독주택,10대 이하,6604
46,전남,46810,15000,숙박시설,21-50대,134
11,서울,11500,15000,숙박시설,21-50대,356
47,경북,47190,26000,묘지관련시설,51-100대,52
11,서울,11500,,,100대 이상,5376
48,경남,48850,Z8000,교육연구및복지시설,21-50대,30
47,경북,47111,12000,수련시설,100대 이상,1112
44,충남,44230,25000,발전시설,10대 이하,0
26,부산,26290,,,11-20대,77
44,충남,44180,08000,운수시설,11-20대,16
41,경기,41590,06000,종교시설,11-20대,516
44,충남,44825,05000,문화및집회시설,21-50대,61
51,강원,51730,25000,발전시설,10대 이하,0
47,경북,47830,02000,공동주택,11-20대,155
29,광주,29170,13000,운동시설,100대 이상,289
47,경북,47190,13000,운동시설,10대 이하,63
46,전남,46900,08000,운수시설,21-50대,41
44,충남,44760,05000,문화및집회시설,100대 이상,211029
44,충남,44180,09000,의료시설,21-50대,191
48,경남,48220,11000,노유자시설,10대 이하,200
44,충남,44710,05000,문화및집회시설,100대 이상,354
45,전북,45140,15000,숙박시설,10대 이하,550
48,경남,48125,14000,업무시설,11-20대,284
11,서울,11500,10000,교육연구시설,11-20대,296
46,전남,46820,11000,노유자시설,11-20대,13
41,경기,41370,02000,공동주택,100대 이상,190144
47,경북,47830,27000,관광휴게시설,10대 이하,1
41,경기,41370,09000,의료시설,21-50대,450
44,충남,44825,13000,운동시설,21-50대,371
44,충남,44200,22000,분뇨.쓰레기처리시설,21-50대,21
41,경기,41271,19000,위험물저장및처리시설,21-50대,54
30,대전,30110,14000,업무시설,21-50대,496
27,대구,27140,,,21-50대,42
11,서울,11590,01000,단독주택,51-100대,60
41,경기,41500,21000,동물및식물관련시설,21-50대,122
41,경기,41500,27000,관광휴게시설,100대 이상,4969
41,경기,41271,30000,자원순환관련시설,10대 이하,15
47,경북,47230,04000,제2종근린생활시설,100대 이상,272
44,충남,44825,07000,판매시설,51-100대,61
47,경북,47170,JY,,10대 이하,0
47,경북,47840,17000,공장,21-50대,1565
28,인천,28710,08000,운수시설,10대 이하,0
26,부산,26500,20000,자동차관련시설,100대 이상,397
43,충북,43113,02000,공동주택,100대 이상,284582
26,부산,26320,23000,교정및군사시설,10대 이하,0
29,광주,29200,23000,교정및군사시설,51-100대,224
41,경기,41285,06000,종교시설,11-20대,287
47,경북,47290,17200,유해공장,10대 이하,0
11,서울,11200,16000,위락시설,10대 이하,0
45,전북,45140,16000,위락시설,10대 이하,79
46,전남,46150,10000,교육연구시설,21-50대,1409
11,서울,11590,06000,종교시설,11-20대,376
44,충남,44180,06000,종교시설,11-20대,181
41,경기,41450,03000,제1종근린생활시설,21-50대,1602
51,강원,51780,22000,분뇨.쓰레기처리시설,11-20대,30
28,인천,28185,07000,판매시설,10대 이하,14
28,인천,28237,08000,운수시설,21-50대,46
43,충북,43150,Z6000,판매및영업시설,10대 이하,0
26,부산,26440,18000,창고시설,11-20대,209
28,인천,28710,18000,창고시설,100대 이상,116
11,서울,11200,03000,제1종근린생활시설,51-100대,328
26,부산,26470,Z5000,문화및집회시설,100대 이상,139
44,충남,44230,,,21-50대,103
30,대전,30170,08000,운수시설,10대 이하,0
31,울산,31170,11000,노유자시설,21-50대,55
29,광주,29110,02000,공동주택,11-20대,384
30,대전,30230,09000,의료시설,11-20대,30
48,경남,48220,02000,공동주택,10대 이하,632
44,충남,44131,09000,의료시설,100대 이상,1186
41,경기,41310,09000,의료시설,10대 이하,7
43,충북,43150,26000,묘지관련시설,10대 이하,7
44,충남,44180,15000,숙박시설,11-20대,382
43,충북,43730,20000,자동차관련시설,21-50대,144
51,강원,51830,05000,문화및집회시설,11-20대,17
11,서울,11110,14000,업무시설,100대 이상,16786
11,서울,11350,15000,숙박시설,21-50대,78
45,전북,45210,14000,업무시설,51-100대,243
43,충북,43113,03000,제1종근린생활시설,100대 이상,1103
41,경기,41133,06000,종교시설,21-50대,327
28,인천,28237,16000,위락시설,10대 이하,4
26,부산,26710,18000,창고시설,100대 이상,750
31,울산,31200,23000,교정및군사시설,10대 이하,0
44,충남,44230,29000,장례시설,51-100대,131
43,충북,43740,15000,숙박시설,10대 이하,93
28,인천,28245,27000,관광휴게시설,51-100대,88
47,경북,47111,19000,위험물저장및처리시설,11-20대,18
51,강원,51130,15000,숙박시설,10대 이하,622
11,서울,11680,Z8000,교육연구및복지시설,10대 이하,0
41,경기,41450,,,10대 이하,121
46,전남,46830,10000,교육연구시설,51-100대,205
11,서울,11290,14000,업무시설,10대 이하,310
47,경북,47130,07000,판매시설,11-20대,153
51,강원,51720,06000,종교시설,11-20대,89
46,전남,46800,06000,종교시설,21-50대,21
48,경남,48220,13000,운동시설,100대 이상,1906
44,충남,44790,13000,운동시설,51-100대,104
44,충남,44180,22000,분뇨.쓰레기처리시설,21-50대,44
44,충남,44180,01000,단독주택,10대 이하,2105
41,경기,41590,10000,교육연구시설,21-50대,3493
11,서울,11410,02000,공동주택,11-20대,4046
44,충남,44790,20000,자동차관련시설,51-100대,85
41,경기,41550,04000,제2종근린생활시설,11-20대,723
46,전남,46710,06000,종교시설,51-100대,92
41,경기,41670,29000,장례시설,100대 이상,143
26,부산,26290,15000,숙박시설,21-50대,27
29,광주,29110,Z5000,문화및집회시설,10대 이하,5
45,전북,45113,10000,교육연구시설,100대 이상,20211
50,제주,50110,Z3000,근린생활시설,21-50대,47
51,강원,51730,29000,장례시설,10대 이하,2
26,부산,26230,17000,공장,10대 이하,23
28,인천,28720,JY,,10대 이하,0
44,충남,44150,02000,공동주택,11-20대,130
48,경남,48240,30000,자원순환관련시설,11-20대,12
51,강원,51230,15000,숙박시설,10대 이하,246
43,충북,43111,07000,판매시설,21-50대,103
41,경기,41117,04000,제2종근린생활시설,51-100대,370
41,경기,41461,17000,공장,51-100대,2366
43,충북,43114,17000,공장,100대 이상,16879
45,전북,45740,03000,제1종근린생활시설,11-20대,213
28,인천,28260,10000,교육연구시설,100대 이상,20792
27,대구,27230,09000,의료시설,100대 이상,2656
51,강원,51790,Z8000,교육연구및복지시설,51-100대,67
51,강원,51770,15000,숙박시설,11-20대,152
44,충남,44270,14000,업무시설,51-100대,793
48,경남,48720,30000,자원순환관련시설,11-20대,13
11,서울,11560,01000,단독주택,11-20대,76
43,충북,43114,10000,교육연구시설,100대 이상,17258
28,인천,28177,11000,노유자시설,21-50대,218
26,부산,26710,20000,자동차관련시설,21-50대,257
29,광주,29140,12000,수련시설,51-100대,55
11,서울,11110,24000,방송통신시설,10대 이하,2
26,부산,26200,25000,발전시설,10대 이하,0
45,전북,45710,12000,수련시설,10대 이하,13
28,인천,28245,03000,제1종근린생활시설,10대 이하,1664
41,경기,41273,Z3000,근린생활시설,21-50대,274
43,충북,43114,24000,방송통신시설,10대 이하,4
46,전남,46890,Z9000,공공용시설,10대 이하,10
11,서울,11290,14000,업무시설,11-20대,449
48,경남,48250,01000,단독주택,11-20대,4677
51,강원,51800,15000,숙박시설,11-20대,12
11,서울,11410,23000,교정및군사시설,10대 이하,0
41,경기,41630,07000,판매시설,51-100대,145
41,경기,41650,15000,숙박시설,21-50대,486
41,경기,41630,01000,단독주택,51-100대,137
29,광주,29110,09000,의료시설,100대 이상,12186
27,대구,27230,30000,자원순환관련시설,10대 이하,6
46,전남,46860,10000,교육연구시설,100대 이상,174
29,광주,29140,16000,위락시설,10대 이하,51
47,경북,47190,03000,제1종근린생활시설,21-50대,1834
47,경북,47820,07000,판매시설,21-50대,46
27,대구,27140,23000,교정및군사시설,11-20대,20
30,대전,30230,,,10대 이하,102
45,전북,45113,17000,공장,21-50대,995
11,서울,11230,17000,공장,100대 이상,553
26,부산,26470,19000,위험물저장및처리시설,10대 이하,22
47,경북,47190,05000,문화및집회시설,21-50대,54
26,부산,26380,Z3000,근린생활시설,10대 이하,37
43,충북,43112,Z5000,문화및집회시설,10대 이하,0
51,강원,51110,20000,자동차관련시설,10대 이하,133
30,대전,30110,11000,노유자시설,10대 이하,260
48,경남,48740,Z8000,교육연구및복지시설,10대 이하,4
29,광주,29140,15000,숙박시설,51-100대,282
47,경북,47230,17000,공장,11-20대,3385
44,충남,44800,14000,업무시설,100대 이상,3012
31,울산,31110,20000,자동차관련시설,100대 이상,2336
41,경기,41550,02000,공동주택,10대 이하,1677
41,경기,41450,Z3000,근린생활시설,10대 이하,15
51,강원,51190,08000,운수시설,10대 이하,3
29,광주,29155,04000,제2종근린생활시설,100대 이상,367
44,충남,44210,12000,수련시설,100대 이상,250
46,전남,46780,18000,창고시설,21-50대,241
46,전남,46820,03000,제1종근린생활시설,51-100대,221
11,서울,11305,06000,종교시설,10대 이하,155
45,전북,45210,21000,동물및식물관련시설,10대 이하,88
11,서울,11320,09000,의료시설,100대 이상,680
46,전남,46110,02000,공동주택,100대 이상,77952
51,강원,51170,07000,판매시설,10대 이하,10
43,충북,43114,13000,운동시설,100대 이상,7294
27,대구,27140,21000,동물및식물관련시설,10대 이하,19
30,대전,30230,09000,의료시설,100대 이상,1008
47,경북,47290,30000,자원순환관련시설,100대 이상,252
47,경북,47830,05000,문화및집회시설,11-20대,82
11,서울,11380,04000,제2종근린생활시설,100대 이상,221
46,전남,46790,01000,단독주택,21-50대,76
31,울산,31200,14000,업무시설,10대 이하,71
41,경기,41250,Z6000,판매및영업시설,10대 이하,0
43,충북,43130,29000,장례시설,10대 이하,11
44,충남,44250,07000,판매시설,21-50대,61
45,전북,45140,Z5000,문화및집회시설,10대 이하,20
26,부산,26260,05000,문화및집회시설,10대 이하,30
45,전북,45113,14000,업무시설,51-100대,698
46,전남,46880,29000,장례시설,10대 이하,0
47,경북,47850,31000,야영장시설,10대 이하,32
41,경기,41590,06000,종교시설,100대 이상,450
46,전남,46820,07000,판매시설,10대 이하,0
47,경북,47111,20000,자동차관련시설,51-100대,481
47,경북,47111,03000,제1종근린생활시설,100대 이상,2253
41,경기,41480,20000,자동차관련시설,100대 이상,3014
47,경북,47730,04000,제2종근린생활시설,21-50대,79
27,대구,27140,03000,제1종근린생활시설,51-100대,1035
44,충남,44760,08000,운수시설,10대 이하,0
28,인천,28260,18000,창고시설,10대 이하,446
41,경기,41465,23000,교정및군사시설,100대 이상,107
43,충북,43130,09000,의료시설,100대 이상,3035
43,충북,43745,06000,종교시설,51-100대,156
44,충남,44133,16000,위락시설,10대 이하,55
11,서울,11380,15000,숙박시설,11-20대,100
31,울산,31170,20000,자동차관련시설,51-100대,179
41,경기,41550,03000,제1종근린생활시설,11-20대,583
41,경기,41290,Z6000,판매및영업시설,10대 이하,0
50,제주,50130,27000,관광휴게시설,100대 이상,479
41,경기,41590,Z6000,판매및영업시설,10대 이하,0
44,충남,44230,22000,분뇨.쓰레기처리시설,21-50대,239
51,강원,51720,29000,장례시설,10대 이하,2
41,경기,41115,Z6000,판매및영업시설,100대 이상,1678
43,충북,43130,07000,판매시설,11-20대,15
45,전북,45113,Z3000,근린생활시설,10대 이하,29
47,경북,47150,13000,운동시설,10대 이하,29
44,충남,44133,15000,숙박시설,10대 이하,142
41,경기,41630,23000,교정및군사시설,10대 이하,124
48,경남,48270,09000,의료시설,10대 이하,10
41,경기,41465,08000,운수시설,51-100대,53
30,대전,30110,04000,제2종근린생활시설,21-50대,548
46,전남,46810,05000,문화및집회시설,21-50대,78
11,서울,11620,10000,교육연구시설,21-50대,799
44,충남,44770,13000,운동시설,100대 이상,420
43,충북,43730,10000,교육연구시설,51-100대,84
31,울산,31710,23000,교정및군사시설,10대 이하,1
26,부산,26260,03000,제1종근린생활시설,51-100대,284
51,강원,51230,Z5000,문화및집회시설,10대 이하,0
43,충북,43720,26000,묘지관련시설,10대 이하,0
51,강원,51820,23000,교정및군사시설,100대 이상,659
41,경기,41220,07000,판매시설,10대 이하,42
28,인천,28185,10000,교육연구시설,10대 이하,103
11,서울,11590,08000,운수시설,10대 이하,3
48,경남,48127,06000,종교시설,10대 이하,163
51,강원,51780,15000,숙박시설,11-20대,49
51,강원,51130,27000,관광휴게시설,21-50대,42
27,대구,27260,24000,방송통신시설,11-20대,12
44,충남,44230,18000,창고시설,21-50대,191
41,경기,41115,22000,분뇨.쓰레기처리시설,51-100대,97
51,강원,51230,05000,문화및집회시설,51-100대,74
47,경북,47113,01000,단독주택,11-20대,6653
48,경남,48270,09000,의료시설,51-100대,136
30,대전,30230,25000,발전시설,100대 이상,132
47,경북,47850,17000,공장,51-100대,2104
47,경북,47770,06000,종교시설,11-20대,48
41,경기,41430,09000,의료시설,11-20대,18
47,경북,47930,26000,묘지관련시설,21-50대,26
28,인천,28245,09000,의료시설,10대 이하,7
41,경기,41480,Z5000,문화및집회시설,11-20대,14
44,충남,44825,06000,종교시설,100대 이상,104
51,강원,51170,25000,발전시설,100대 이상,799
41,경기,41463,26000,묘지관련시설,11-20대,40
51,강원,51760,04000,제2종근린생활시설,10대 이하,1267
27,대구,27140,10000,교육연구시설,10대 이하,241
11,서울,11380,07000,판매시설,100대 이상,1514
41,경기,41250,08000,운수시설,51-100대,68
31,울산,31140,Z3000,근린생활시설,10대 이하,7
41,경기,41220,10000,교육연구시설,10대 이하,368
44,충남,44200,Z6000,판매및영업시설,10대 이하,0
41,경기,41461,03000,제1종근린생활시설,10대 이하,6162
11,서울,11470,02000,공동주택,11-20대,6351
43,충북,43720,18000,창고시설,21-50대,88
11,서울,11500,03000,제1종근린생활시설,51-100대,1115
41,경기,41461,16000,위락시설,10대 이하,3
46,전남,46130,07000,판매시설,10대 이하,31
48,경남,48730,27000,관광휴게시설,11-20대,27
48,경남,48127,Z3000,근린생활시설,11-20대,16
51,강원,51800,12000,수련시설,21-50대,25
26,부산,26470,20000,자동차관련시설,100대 이상,437
48,경남,48730,17000,공장,10대 이하,5778
51,강원,51800,09000,의료시설,10대 이하,8
41,경기,41670,17000,공장,21-50대,809
28,인천,28177,10000,교육연구시설,10대 이하,217
29,광주,29140,07000,판매시설,11-20대,77
11,서울,11500,18000,창고시설,10대 이하,70
28,인천,28200,02000,공동주택,10대 이하,11469
45,전북,45180,06000,종교시설,11-20대,100
28,인천,28245,18000,창고시설,21-50대,51
47,경북,47770,12000,수련시설,51-100대,216
46,전남,46840,30000,자원순환관련시설,10대 이하,12
44,충남,44810,05000,문화및집회시설,100대 이상,4391
11,서울,11350,09000,의료시설,10대 이하,15
47,경북,47850,01000,단독주택,11-20대,7722
41,경기,41150,11000,노유자시설,11-20대,178
46,전남,46830,14000,업무시설,100대 이상,112
41,경기,41273,22000,분뇨.쓰레기처리시설,11-20대,28
11,서울,11710,04000,제2종근린생활시설,21-50대,874
31,울산,31140,01000,단독주택,10대 이하,17914
51,강원,51820,05000,문화및집회시설,100대 이상,693
26,부산,26260,Z8000,교육연구및복지시설,11-20대,16
26,부산,26470,13000,운동시설,100대 이상,6247
41,경기,41390,12000,수련시설,10대 이하,5
46,전남,46790,20000,자동차관련시설,11-20대,14
47,경북,47190,24000,방송통신시설,11-20대,20
28,인천,28110,13000,운동시설,51-100대,54
48,경남,48330,21000,동물및식물관련시설,10대 이하,107
47,경북,47760,02000,공동주택,51-100대,157
11,서울,11305,04000,제2종근린생활시설,21-50대,172
28,인천,28720,03000,제1종근린생활시설,10대 이하,491
47,경북,47111,07000,판매시설,10대 이하,26
26,부산,26500,03000,제1종근린생활시설,100대 이상,1970
43,충북,43800,17000,공장,51-100대,287
31,울산,31710,02000,공동주택,11-20대,1519
48,경남,48125,17000,공장,100대 이상,7085
29,광주,29170,17000,공장,11-20대,1046
44,충남,44270,30000,자원순환관련시설,11-20대,35
46,전남,46770,19000,위험물저장및처리시설,11-20대,26
41,경기,41360,22000,분뇨.쓰레기처리시설,100대 이상,277
51,강원,51130,10000,교육연구시설,51-100대,899
46,전남,46720,02000,공동주택,11-20대,79
27,대구,27710,09000,의료시설,11-20대,99
47,경북,47900,16000,위락시설,51-100대,52
46,전남,46150,06000,종교시설,100대 이상,248
11,서울,11710,02000,공동주택,11-20대,5624
47,경북,47111,,,11-20대,265
48,경남,48127,,,10대 이하,10
41,경기,41285,17000,공장,11-20대,754
48,경남,48850,05000,문화및집회시설,10대 이하,23
45,전북,45190,11000,노유자시설,10대 이하,204
47,경북,47150,19000,위험물저장및처리시설,51-100대,90
51,강원,51770,30000,자원순환관련시설,11-20대,24
46,전남,46170,13000,운동시설,10대 이하,16
27,대구,27200,02000,공동주택,51-100대,345
41,경기,41281,30000,자원순환관련시설,11-20대,12
46,전남,46110,12000,수련시설,10대 이하,6
11,서울,11680,Z3000,근린생활시설,10대 이하,2
47,경북,47150,10000,교육연구시설,100대 이상,2100
48,경남,48890,18000,창고시설,10대 이하,152
47,경북,47230,26000,묘지관련시설,10대 이하,7
46,전남,46780,14000,업무시설,100대 이상,240
46,전남,46790,14000,업무시설,10대 이하,29
48,경남,48127,24000,방송통신시설,100대 이상,108
28,인천,28245,20000,자동차관련시설,21-50대,50
41,경기,41111,03000,제1종근린생활시설,51-100대,312
41,경기,41370,27000,관광휴게시설,10대 이하,0
31,울산,31710,20000,자동차관련시설,100대 이상,1730
46,전남,46720,07000,판매시설,100대 이상,1446
41,경기,41290,10000,교육연구시설,10대 이하,15
43,충북,43745,15000,숙박시설,100대 이상,212
26,부산,26230,09000,의료시설,21-50대,287
11,서울,11500,13000,운동시설,100대 이상,1594
51,강원,51760,17000,공장,51-100대,170
31,울산,31710,02000,공동주택,51-100대,1337
47,경북,47280,18000,창고시설,21-50대,44
45,전북,45710,12000,수련시설,21-50대,33
45,전북,45790,17000,공장,51-100대,292
45,전북,45113,07000,판매시설,100대 이상,2824
28,인천,28200,14000,업무시설,51-100대,4401
44,충남,44200,14000,업무시설,100대 이상,6516
48,경남,48860,08000,운수시설,10대 이하,3
46,전남,46780,05000,문화및집회시설,51-100대,138
46,전남,46170,29000,장례시설,51-100대,62
28,인천,28260,06000,종교시설,10대 이하,247
26,부산,26710,27000,관광휴게시설,10대 이하,13
43,충북,43730,02000,공동주택,21-50대,739
27,대구,27260,Z8000,교육연구및복지시설,51-100대,201
46,전남,46720,17000,공장,10대 이하,229
48,경남,48330,18000,창고시설,10대 이하,393
48,경남,48870,03000,제1종근린생활시설,11-20대,278
28,인천,28245,,,10대 이하,11
11,서울,11350,13000,운동시설,100대 이상,596
11,서울,11170,03000,제1종근린생활시설,21-50대,404
46,전남,46810,13000,운동시설,10대 이하,8
47,경북,47230,25000,발전시설,10대 이하,5
27,대구,27110,09000,의료시설,21-50대,128
48,경남,48170,31000,야영장시설,10대 이하,0
51,강원,51170,25000,발전시설,21-50대,27
45,전북,45113,02000,공동주택,10대 이하,1343
47,경북,47820,,,21-50대,37
30,대전,30110,24000,방송통신시설,21-50대,90
41,경기,41310,07000,판매시설,10대 이하,4
29,광주,29110,03000,제1종근린생활시설,11-20대,376
27,대구,27110,07000,판매시설,21-50대,180
28,인천,28177,18000,창고시설,100대 이상,454
46,전남,46770,01000,단독주택,21-50대,94
51,강원,51790,15000,숙박시설,21-50대,126
51,강원,51110,06000,종교시설,21-50대,758
47,경북,47840,04000,제2종근린생활시설,21-50대,115
28,인천,28710,03000,제1종근린생활시설,21-50대,547
50,제주,50110,13000,운동시설,21-50대,1138
11,서울,11110,04000,제2종근린생활시설,21-50대,570
26,부산,26410,Z5000,문화및집회시설,10대 이하,0
44,충남,44210,03000,제1종근린생활시설,51-100대,72
48,경남,48220,29000,장례시설,21-50대,26
11,서울,11230,04000,제2종근린생활시설,51-100대,245
46,전남,46730,04000,제2종근린생활시설,51-100대,190
44,충남,44150,01000,단독주택,11-20대,232
41,경기,41113,11000,노유자시설,10대 이하,304
41,경기,41820,31000,야영장시설,21-50대,193
41,경기,41650,11000,노유자시설,51-100대,179
43,충북,43112,07000,판매시설,100대 이상,775
29,광주,29170,06000,종교시설,11-20대,406
44,충남,44133,09000,의료시설,100대 이상,313
51,강원,51210,23000,교정및군사시설,10대 이하,4
30,대전,30200,03000,제1종근린생활시설,11-20대,1070
41,경기,41590,07000,판매시설,51-100대,520
27,대구,27290,07000,판매시설,11-20대,157
41,경기,41210,19000,위험물저장및처리시설,11-20대,40
30,대전,30230,11000,노유자시설,100대 이상,791
41,경기,41171,13000,운동시설,21-50대,48
45,전북,45740,13000,운동시설,21-50대,69
41,경기,41220,Z5000,문화및집회시설,10대 이하,15
51,강원,51190,27000,관광휴게시설,10대 이하,5
44,충남,44250,19000,위험물저장및처리시설,10대 이하,26
31,울산,31710,12000,수련시설,21-50대,51
41,경기,41290,11000,노유자시설,11-20대,30
27,대구,27140,18000,창고시설,10대 이하,322
43,충북,43730,24000,방송통신시설,10대 이하,0
41,경기,41370,12000,수련시설,10대 이하,8
44,충남,44825,14000,업무시설,11-20대,36
26,부산,26200,09000,의료시설,11-20대,25
48,경남,48720,03000,제1종근린생활시설,51-100대,60
48,경남,48121,05000,문화및집회시설,100대 이상,199
46,전남,46130,08000,운수시설,21-50대,111
41,경기,41463,31000,야영장시설,10대 이하,0
11,서울,11545,10000,교육연구시설,10대 이하,138
44,충남,44210,11000,노유자시설,100대 이상,383
44,충남,44770,07000,판매시설,11-20대,50
41,경기,41500,06000,종교시설,51-100대,452
48,경남,48860,02000,공동주택,11-20대,169
47,경북,47130,30000,자원순환관련시설,21-50대,306
46,전남,46110,17000,공장,21-50대,606
48,경남,48730,03000,제1종근린생활시설,21-50대,256
41,경기,41360,10000,교육연구시설,100대 이상,2012
26,부산,26140,06000,종교시설,21-50대,118
41,경기,41113,10000,교육연구시설,51-100대,1456
11,서울,11680,03000,제1종근린생활시설,21-50대,4180
51,강원,51760,15000,숙박시설,21-50대,351
28,인천,28237,03000,제1종근린생활시설,11-20대,828
46,전남,46840,17000,공장,21-50대,613
46,전남,46150,14000,업무시설,51-100대,837
47,경북,47150,18000,창고시설,10대 이하,316
47,경북,47750,18000,창고시설,11-20대,40
26,부산,26440,Z3000,근린생활시설,10대 이하,72
41,경기,41830,29000,장례시설,21-50대,37
44,충남,44770,10000,교육연구시설,21-50대,152
31,울산,31140,20000,자동차관련시설,100대 이상,2242
27,대구,27260,15000,숙박시설,100대 이상,2152
28,인천,28720,23000,교정및군사시설,21-50대,35
51,강원,51110,Z8000,교육연구및복지시설,10대 이하,12
26,부산,26230,19000,위험물저장및처리시설,10대 이하,31
51,강원,51110,01000,단독주택,11-20대,1450
44,충남,44133,03000,제1종근린생활시설,10대 이하,3613
29,광주,29170,29000,장례시설,51-100대,69
29,광주,29155,,,100대 이상,1659
48,경남,48270,15000,숙박시설,10대 이하,180
41,경기,41220,10000,교육연구시설,11-20대,240
45,전북,45210,18000,창고시설,51-100대,141
41,경기,41630,30000,자원순환관련시설,21-50대,148
46,전남,46860,07000,판매시설,100대 이상,120
45,전북,45740,22000,분뇨.쓰레기처리시설,51-100대,84
11,서울,11170,Z6000,판매및영업시설,10대 이하,0
27,대구,27720,06000,종교시설,21-50대,39
41,경기,41115,20000,자동차관련시설,100대 이상,1633
30,대전,30170,01000,단독주택,11-20대,9241
43,충북,43112,15000,숙박시설,11-20대,30
46,전남,46870,21000,동물및식물관련시설,100대 이상,214
48,경남,48820,12000,수련시설,11-20대,19
43,충북,43770,02000,공동주택,51-100대,815
11,서울,11680,02000,공동주택,21-50대,9405
41,경기,41430,14000,업무시설,100대 이상,903
11,서울,11350,Z3000,근린생활시설,51-100대,322
51,강원,51150,Z5000,문화및집회시설,10대 이하,19
43,충북,43150,10000,교육연구시설,51-100대,574
41,경기,41461,11000,노유자시설,21-50대,266
50,제주,50110,10000,교육연구시설,100대 이상,6858
48,경남,48330,17000,공장,51-100대,5885
41,경기,41430,14000,업무시설,10대 이하,4
41,경기,41273,11000,노유자시설,21-50대,186
47,경북,47113,18000,창고시설,51-100대,329
11,서울,11290,21000,동물및식물관련시설,10대 이하,0
41,경기,41133,16000,위락시설,10대 이하,0
45,전북,45190,26000,묘지관련시설,10대 이하,0
43,충북,43740,09000,의료시설,10대 이하,7
26,부산,26230,11000,노유자시설,21-50대,78
48,경남,48123,Z3000,근린생활시설,11-20대,11
26,부산,26710,17000,공장,11-20대,2289
48,경남,48860,24000,방송통신시설,11-20대,40
51,강원,51750,04000,제2종근린생활시설,21-50대,55
28,인천,28710,05000,문화및집회시설,21-50대,165
46,전남,46170,02000,공동주택,21-50대,266
31,울산,31200,20000,자동차관련시설,21-50대,430
48,경남,48127,22000,분뇨.쓰레기처리시설,10대 이하,14
27,대구,27170,창고,,10대 이하,0
27,대구,27260,02000,공동주택,10대 이하,3801
27,대구,27710,20000,자동차관련시설,51-100대,1002
28,인천,28185,03000,제1종근린생활시설,21-50대,1428
51,강원,51130,12000,수련시설,10대 이하,17
41,경기,41281,01000,단독주택,11-20대,253
47,경북,47750,,,11-20대,19
47,경북,47840,02000,공동주택,10대 이하,250
45,전북,45130,17301,물품 제조공장,10대 이하,8
26,부산,26470,Z5000,문화및집회시설,21-50대,29
51,강원,51130,JY,,10대 이하,0
11,서울,11710,05000,문화및집회시설,11-20대,61
47,경북,47150,18000,창고시설,21-50대,91
47,경북,47750,18000,창고시설,51-100대,118
44,충남,44150,11000,노유자시설,100대 이상,114
41,경기,41590,28000,가설건축물,10대 이하,0
51,강원,51810,26000,묘지관련시설,10대 이하,0
47,경북,47750,18000,창고시설,10대 이하,136
50,제주,50130,17000,공장,11-20대,213
27,대구,27170,10000,교육연구시설,51-100대,610
48,경남,48125,20000,자동차관련시설,21-50대,158
28,인천,28177,06000,종교시설,21-50대,390
11,서울,11260,17000,공장,10대 이하,13
27,대구,27200,15000,숙박시설,11-20대,75
48,경남,48240,15000,숙박시설,51-100대,96
47,경북,47170,17000,공장,21-50대,898
44,충남,44810,30000,자원순환관련시설,11-20대,11
41,경기,41465,13000,운동시설,21-50대,25
46,전남,46830,13000,운동시설,21-50대,118
47,경북,47280,17000,공장,11-20대,433
43,충북,43740,23000,교정및군사시설,10대 이하,0
51,강원,51750,05000,문화및집회시설,10대 이하,41
48,경남,48880,10000,교육연구시설,100대 이상,476
44,충남,44150,09000,의료시설,100대 이상,1245
44,충남,44270,Z5000,문화및집회시설,10대 이하,6
46,전남,46230,22000,분뇨.쓰레기처리시설,100대 이상,185
47,경북,47730,01000,단독주택,21-50대,26
46,전남,46720,24000,방송통신시설,10대 이하,0
41,경기,41113,,,10대 이하,28
28,인천,28200,13000,운동시설,11-20대,20
30,대전,30140,04000,제2종근린생활시설,11-20대,394
44,충남,44210,30000,자원순환관련시설,11-20대,38
28,인천,28140,25000,발전시설,10대 이하,8
29,광주,29200,03000,제1종근린생활시설,51-100대,526
45,전북,45210,01000,단독주택,10대 이하,4472
48,경남,48240,13000,운동시설,100대 이상,6195
50,제주,50110,23000,교정및군사시설,21-50대,100
26,부산,26260,30000,자원순환관련시설,100대 이상,320
48,경남,48730,03000,제1종근린생활시설,11-20대,238
11,서울,11500,,,11-20대,14
47,경북,47280,13000,운동시설,51-100대,138
11,서울,11305,07000,판매시설,11-20대,13
29,광주,29110,05000,문화및집회시설,11-20대,14
31,울산,31110,13000,운동시설,10대 이하,14
47,경북,47190,04100,운동시설,10대 이하,0
30,대전,30230,07000,판매시설,100대 이상,26775
46,전남,46790,14000,업무시설,100대 이상,1049
26,부산,26350,14000,업무시설,51-100대,1133
45,전북,45730,01000,단독주택,10대 이하,958
46,전남,46170,07000,판매시설,11-20대,52
41,경기,41290,03010,정수장,10대 이하,0
29,광주,29200,06000,종교시설,11-20대,163
46,전남,46870,02000,공동주택,100대 이상,5918
47,경북,47230,07000,판매시설,11-20대,43
28,인천,28110,09000,의료시설,11-20대,17
30,대전,30200,12000,수련시설,21-50대,52
45,전북,45111,10000,교육연구시설,21-50대,1346
43,충북,43112,18000,창고시설,10대 이하,364
51,강원,51780,06000,종교시설,10대 이하,142
48,경남,48740,21000,동물및식물관련시설,10대 이하,17
11,서울,11320,04000,제2종근린생활시설,21-50대,491
11,서울,11590,13000,운동시설,10대 이하,0
41,경기,41610,25000,발전시설,10대 이하,3
11,서울,11650,13000,운동시설,21-50대,61
43,충북,43111,Z5000,문화및집회시설,21-50대,36
41,경기,41150,Z8000,교육연구및복지시설,21-50대,183
51,강원,51810,02000,공동주택,51-100대,944
11,서울,11560,16000,위락시설,21-50대,40
41,경기,41590,29000,장례시설,11-20대,35
47,경북,47280,01000,단독주택,51-100대,80
26,부산,26410,11000,노유자시설,10대 이하,102
41,경기,41610,03000,제1종근린생활시설,51-100대,880
51,강원,51770,11000,노유자시설,10대 이하,61
47,경북,47210,14000,업무시설,11-20대,63
48,경남,48820,06000,종교시설,51-100대,54
48,경남,48127,20000,자동차관련시설,11-20대,151
41,경기,41171,21000,동물및식물관련시설,100대 이상,168
41,경기,41820,20000,자동차관련시설,11-20대,25
43,충북,43750,16000,위락시설,10대 이하,2
26,부산,26440,27000,관광휴게시설,100대 이상,1492
31,울산,31140,09000,의료시설,11-20대,187
30,대전,30140,Z3000,근린생활시설,21-50대,28
41,경기,41135,03000,제1종근린생활시설,21-50대,2779
45,전북,45111,02000,공동주택,100대 이상,231507
41,경기,41220,,,51-100대,82
47,경북,47900,25000,발전시설,21-50대,21
41,경기,41287,20000,자동차관련시설,11-20대,154
45,전북,45720,27000,관광휴게시설,10대 이하,3
50,제주,50130,01000,단독주택,21-50대,3145
48,경남,48250,27000,관광휴게시설,100대 이상,4004
44,충남,44131,17000,공장,51-100대,2581
45,전북,45113,30000,자원순환관련시설,10대 이하,38
44,충남,44770,07000,판매시설,10대 이하,15
45,전북,45730,21000,동물및식물관련시설,10대 이하,2
31,울산,31710,12000,수련시설,10대 이하,12
47,경북,47113,18000,창고시설,21-50대,45
48,경남,48123,08000,운수시설,10대 이하,2
26,부산,26260,02000,공동주택,10대 이하,6014
51,강원,51150,,,21-50대,36
46,전남,46230,Z3000,근린생활시설,10대 이하,0
41,경기,41150,27000,관광휴게시설,11-20대,20
11,서울,11470,07000,판매시설,11-20대,53
46,전남,46840,24000,방송통신시설,10대 이하,16
41,경기,41390,15000,숙박시설,21-50대,312
29,광주,29140,16000,위락시설,100대 이상,110
41,경기,41150,16000,위락시설,10대 이하,4
43,충북,43745,24000,방송통신시설,10대 이하,0
11,서울,11530,17000,공장,10대 이하,244
41,경기,41390,Z3000,근린생활시설,10대 이하,16
27,대구,27720,30000,자원순환관련시설,21-50대,33
46,전남,46800,23000,교정및군사시설,100대 이상,3156
48,경남,48220,14000,업무시설,100대 이상,383
30,대전,30140,06000,종교시설,11-20대,260
47,경북,47130,25000,발전시설,100대 이상,6919
45,전북,45190,03000,제1종근린생활시설,51-100대,79
41,경기,41133,06000,종교시설,100대 이상,102
41,경기,41830,Z6000,판매및영업시설,10대 이하,0
28,인천,28110,07000,판매시설,11-20대,27
48,경남,48250,20000,자동차관련시설,10대 이하,462
47,경북,47130,26000,묘지관련시설,10대 이하,0
47,경북,47170,07000,판매시설,51-100대,127
41,경기,41290,,,10대 이하,20
47,경북,47210,29000,장례시설,10대 이하,10
51,강원,51750,10000,교육연구시설,51-100대,150
28,인천,28237,15000,숙박시설,10대 이하,641
44,충남,44210,20000,자동차관련시설,51-100대,60
41,경기,41830,14000,업무시설,100대 이상,172
26,부산,26710,01000,단독주택,10대 이하,8723
48,경남,48170,17000,공장,10대 이하,2855
11,서울,11320,14000,업무시설,11-20대,225
48,경남,48121,,,11-20대,67
46,전남,46800,17000,공장,51-100대,245
46,전남,46840,01000,단독주택,11-20대,258
28,인천,28260,22000,분뇨.쓰레기처리시설,21-50대,105
30,대전,30230,11000,노유자시설,21-50대,65
48,경남,48890,Z8000,교육연구및복지시설,10대 이하,10
26,부산,26440,15000,숙박시설,21-50대,158
46,전남,46150,01000,단독주택,11-20대,3300
48,경남,48850,10000,교육연구시설,21-50대,71
28,인천,28110,29000,장례시설,10대 이하,6
46,전남,46720,16000,위락시설,10대 이하,0
47,경북,47113,Z8000,교육연구및복지시설,100대 이상,162
44,충남,44270,26000,묘지관련시설,51-100대,83
46,전남,46810,02000,공동주택,100대 이상,1212
48,경남,48880,11000,노유자시설,11-20대,33
41,경기,41465,05000,문화및집회시설,11-20대,92
46,전남,46130,31000,야영장시설,10대 이하,28
50,제주,50110,02000,공동주택,100대 이상,52566
43,충북,43150,09000,의료시설,100대 이상,451
41,경기,41220,01000,단독주택,100대 이상,20093
41,경기,41131,05000,문화및집회시설,10대 이하,44
26,부산,26410,19000,위험물저장및처리시설,11-20대,11
41,경기,41670,21000,동물및식물관련시설,21-50대,52
11,서울,11500,04000,제2종근린생활시설,51-100대,846
47,경북,47290,29000,장례시설,51-100대,70
50,제주,50110,14000,업무시설,51-100대,3894
45,전북,45750,23000,교정및군사시설,10대 이하,5
51,강원,51190,05000,문화및집회시설,100대 이상,1726
27,대구,27290,13000,운동시설,10대 이하,15
41,경기,41271,09000,의료시설,11-20대,73
45,전북,45140,27000,관광휴게시설,10대 이하,0
27,대구,27230,17000,공장,21-50대,702
47,경북,47900,04000,제2종근린생활시설,11-20대,84
46,전남,46870,11000,노유자시설,10대 이하,116
45,전북,45190,26000,묘지관련시설,51-100대,76
41,경기,41450,05000,문화및집회시설,10대 이하,16
45,전북,45210,Z3000,근린생활시설,10대 이하,7
26,부산,26410,01000,단독주택,11-20대,154
11,서울,11200,,,100대 이상,849
44,충남,44270,,,100대 이상,4329
11,서울,11290,13000,운동시설,10대 이하,10
48,경남,48125,09000,의료시설,10대 이하,0
41,경기,41150,09000,의료시설,21-50대,628
28,인천,28177,21000,동물및식물관련시설,10대 이하,3
47,경북,47150,21000,동물및식물관련시설,21-50대,30
41,경기,41250,05000,문화및집회시설,51-100대,134
46,전남,46910,17000,공장,100대 이상,1177
11,서울,11410,01000,단독주택,10대 이하,7709
44,충남,44180,16000,위락시설,11-20대,16
45,전북,45140,06000,종교시설,11-20대,386
46,전남,46730,01000,단독주택,21-50대,116
48,경남,48121,06000,종교시설,51-100대,147
47,경북,47280,10000,교육연구시설,100대 이상,293
45,전북,45140,,,100대 이상,8885
47,경북,47820,06000,종교시설,100대 이상,471
47,경북,47230,09000,의료시설,21-50대,204
41,경기,41670,17000,공장,51-100대,668
11,서울,11500,Z3000,근린생활시설,10대 이하,9
51,강원,51170,02000,공동주택,11-20대,386
43,충북,43113,20000,자동차관련시설,21-50대,586
46,전남,46170,08000,운수시설,11-20대,34
45,전북,45111,24000,방송통신시설,11-20대,14
41,경기,41271,01000,단독주택,11-20대,37
31,울산,31200,12000,수련시설,51-100대,60
47,경북,47113,17000,공장,100대 이상,8472
47,경북,47113,24000,방송통신시설,21-50대,96
51,강원,51730,05000,문화및집회시설,10대 이하,3
41,경기,41480,04000,제2종근린생활시설,100대 이상,3152
48,경남,48330,17000,공장,10대 이하,5900
51,강원,51110,04000,제2종근린생활시설,10대 이하,5941
41,경기,41131,10000,교육연구시설,10대 이하,68
51,강원,51760,27000,관광휴게시설,11-20대,15
30,대전,30110,01000,단독주택,11-20대,3148
43,충북,43720,06000,종교시설,11-20대,12
45,전북,45113,06000,종교시설,11-20대,477
11,서울,11320,15000,숙박시설,21-50대,124
51,강원,51780,10000,교육연구시설,11-20대,188
45,전북,45111,13000,운동시설,51-100대,711
11,서울,11290,Z3000,근린생활시설,10대 이하,6
48,경남,48330,31000,야영장시설,51-100대,96
30,대전,30200,09000,의료시설,11-20대,15
27,대구,27200,14000,업무시설,51-100대,320
47,경북,47190,14000,업무시설,10대 이하,162
27,대구,27230,04000,제2종근린생활시설,10대 이하,5437
47,경북,47750,15000,숙박시설,11-20대,33
48,경남,48250,21000,동물및식물관련시설,10대 이하,194
41,경기,41271,07000,판매시설,100대 이상,3044
11,서울,11170,11000,노유자시설,21-50대,147
41,경기,41480,24000,방송통신시설,21-50대,376
47,경북,47111,Z5000,문화및집회시설,10대 이하,0
27,대구,27230,22000,분뇨.쓰레기처리시설,10대 이하,0
41,경기,41111,10000,교육연구시설,51-100대,1312
28,인천,28710,07000,판매시설,51-100대,152
43,충북,43730,15000,숙박시설,21-50대,40
44,충남,44200,15200,관광숙박시설,51-100대,75
30,대전,30140,16000,위락시설,11-20대,14
51,강원,51170,21000,동물및식물관련시설,10대 이하,3
44,충남,44825,Z5000,문화및집회시설,10대 이하,0
41,경기,41111,Z8000,교육연구및복지시설,10대 이하,0
28,인천,28720,13000,운동시설,100대 이상,232
41,경기,41115,14000,업무시설,100대 이상,7983
48,경남,48240,17000,공장,11-20대,1184
43,충북,43770,02000,공동주택,10대 이하,742
47,경북,47230,03000,제1종근린생활시설,100대 이상,543
43,충북,43113,24000,방송통신시설,100대 이상,213
41,경기,41830,23000,교정및군사시설,10대 이하,53
43,충북,43112,05000,문화및집회시설,10대 이하,18
41,경기,41500,11000,노유자시설,10대 이하,375
28,인천,28110,04000,제2종근린생활시설,100대 이상,2145
46,전남,46130,21000,동물및식물관련시설,10대 이하,42
27,대구,27140,08000,운수시설,10대 이하,3
41,경기,41570,30000,자원순환관련시설,51-100대,62
41,경기,41310,17000,공장,51-100대,186
27,대구,27290,Z5000,문화및집회시설,21-50대,21
11,서울,11380,06000,종교시설,51-100대,412
41,경기,41220,18000,창고시설,21-50대,1414
45,전북,45130,14000,업무시설,100대 이상,3376
45,전북,45113,Z8000,교육연구및복지시설,21-50대,141
43,충북,43112,22000,분뇨.쓰레기처리시설,11-20대,13
46,전남,46110,02000,공동주택,11-20대,990
45,전북,45113,02000,공동주택,51-100대,853
48,경남,48860,11000,노유자시설,51-100대,63
48,경남,48270,05000,문화및집회시설,21-50대,38
27,대구,27140,15000,숙박시설,11-20대,602
41,경기,41150,10000,교육연구시설,10대 이하,236
41,경기,41550,26000,묘지관련시설,10대 이하,9
41,경기,41410,02000,공동주택,51-100대,3435
41,경기,41820,04000,제2종근린생활시설,100대 이상,123
36,세종,36110,01000,단독주택,21-50대,167
28,인천,28237,Z5000,문화및집회시설,10대 이하,10
27,대구,27140,03000,제1종근린생활시설,11-20대,1198
11,서울,11470,14000,업무시설,10대 이하,227
45,전북,45790,02000,공동주택,51-100대,1381
11,서울,11590,15000,숙박시설,21-50대,99
48,경남,48820,06000,종교시설,21-50대,64
44,충남,44760,31000,야영장시설,10대 이하,0
45,전북,45140,13000,운동시설,51-100대,343
26,부산,26320,01000,단독주택,10대 이하,2036
48,경남,48270,11000,노유자시설,11-20대,28
41,경기,41271,Z8000,교육연구및복지시설,21-50대,21
26,부산,26500,08000,운수시설,10대 이하,0
48,경남,48820,01000,단독주택,10대 이하,1715
50,제주,50110,02000,공동주택,10대 이하,12561
36,세종,36110,17000,공장,21-50대,2062
43,충북,43770,04000,제2종근린생활시설,10대 이하,1704
26,부산,26110,Z5000,문화및집회시설,10대 이하,0
47,경북,47150,27000,관광휴게시설,21-50대,36
30,대전,30230,19000,위험물저장및처리시설,10대 이하,135
26,부산,26440,13000,운동시설,10대 이하,58
11,서울,11380,10000,교육연구시설,10대 이하,225
11,서울,11590,Z3000,근린생활시설,11-20대,12
45,전북,45190,01000,단독주택,10대 이하,2666
41,경기,41117,Z3000,근린생활시설,100대 이상,230
47,경북,47940,06000,종교시설,11-20대,17
11,서울,11620,Z8000,교육연구및복지시설,21-50대,150
44,충남,44790,09000,의료시설,11-20대,12
41,경기,41370,02000,공동주택,11-20대,2008
48,경남,48170,21000,동물및식물관련시설,21-50대,28
43,충북,43760,12000,수련시설,100대 이상,127
26,부산,26200,21000,동물및식물관련시설,10대 이하,0
41,경기,41465,20000,자동차관련시설,11-20대,52
41,경기,41117,11000,노유자시설,21-50대,115
41,경기,41590,26000,묘지관련시설,10대 이하,18
45,전북,45720,11000,노유자시설,10대 이하,38
41,경기,41360,06000,종교시설,100대 이상,255
47,경북,47111,20000,자동차관련시설,11-20대,76
46,전남,46170,20000,자동차관련시설,100대 이상,1866
27,대구,27110,02000,공동주택,100대 이상,85600
11,서울,11560,20000,자동차관련시설,100대 이상,2269
28,인천,28185,02000,공동주택,11-20대,649
29,광주,29140,09000,의료시설,51-100대,829
41,경기,41370,18000,창고시설,51-100대,77
51,강원,51770,15000,숙박시설,100대 이상,182500
43,충북,43745,16000,위락시설,10대 이하,11
11,서울,11260,05000,문화및집회시설,21-50대,74
45,전북,45190,Z5000,문화및집회시설,10대 이하,16
41,경기,41133,17000,공장,11-20대,308
26,부산,26440,21000,동물및식물관련시설,11-20대,30
28,인천,28710,22000,분뇨.쓰레기처리시설,51-100대,52
47,경북,47770,15000,숙박시설,51-100대,88
31,울산,31170,31000,야영장시설,10대 이하,0
41,경기,41173,19000,위험물저장및처리시설,11-20대,18
11,서울,11260,01000,단독주택,11-20대,47
45,전북,45113,17000,공장,51-100대,477
46,전남,46130,,,10대 이하,36
47,경북,47111,27000,관광휴게시설,100대 이상,438
31,울산,31140,11000,노유자시설,11-20대,84
26,부산,26440,20000,자동차관련시설,51-100대,545
41,경기,41220,28000,가설건축물,10대 이하,0
41,경기,41273,24000,방송통신시설,10대 이하,13
11,서울,11530,Z8000,교육연구및복지시설,10대 이하,1
43,충북,43760,05000,문화및집회시설,21-50대,108
45,전북,45190,01000,단독주택,100대 이상,101
46,전남,46830,12000,수련시설,10대 이하,10
30,대전,30110,15000,숙박시설,10대 이하,251
43,충북,43150,15000,숙박시설,10대 이하,324
47,경북,47840,15000,숙박시설,11-20대,261
41,경기,41250,08000,운수시설,100대 이상,835
11,서울,11380,18000,창고시설,10대 이하,1
46,전남,46790,05000,문화및집회시설,100대 이상,541
47,경북,47170,08000,운수시설,21-50대,264
29,광주,29140,JY,,10대 이하,3
41,경기,41290,19000,위험물저장및처리시설,10대 이하,16
44,충남,44790,02000,공동주택,10대 이하,240
11,서울,11110,05000,문화및집회시설,11-20대,185
41,경기,41820,26000,묘지관련시설,10대 이하,1
45,전북,45790,Z5000,문화및집회시설,11-20대,56
45,전북,45180,Z8000,교육연구및복지시설,10대 이하,4
45,전북,45210,01000,단독주택,11-20대,350
51,강원,51800,27000,관광휴게시설,21-50대,50
44,충남,44150,10000,교육연구시설,51-100대,432
44,충남,44131,23000,교정및군사시설,10대 이하,0
43,충북,43150,10000,교육연구시설,100대 이상,1110
47,경북,47190,04000,제2종근린생활시설,10대 이하,7364
47,경북,47750,06000,종교시설,10대 이하,26
41,경기,41830,17000,공장,51-100대,94
41,경기,41370,01000,단독주택,11-20대,2625
30,대전,30110,14000,업무시설,100대 이상,767
41,경기,41117,24000,방송통신시설,51-100대,78
31,울산,31710,11000,노유자시설,21-50대,158
36,세종,36110,Z8000,교육연구및복지시설,11-20대,12
11,서울,11545,07000,판매시설,21-50대,110
45,전북,45113,03000,제1종근린생활시설,11-20대,1889
31,울산,31110,,,10대 이하,20
41,경기,41480,30000,자원순환관련시설,100대 이상,257
46,전남,46110,14000,업무시설,51-100대,504
41,경기,41117,13000,운동시설,21-50대,31
41,경기,41171,20000,자동차관련시설,21-50대,137
44,충남,44270,07000,판매시설,51-100대,159
48,경남,48310,02000,공동주택,51-100대,3342
41,경기,41370,27000,관광휴게시설,11-20대,18
48,경남,48330,30000,자원순환관련시설,100대 이상,446
46,전남,46790,31000,야영장시설,21-50대,164
48,경남,48720,12000,수련시설,10대 이하,7
47,경북,47280,Z3000,근린생활시설,10대 이하,17
11,서울,11140,06000,종교시설,51-100대,230
41,경기,41360,03000,제1종근린생활시설,11-20대,2259
28,인천,28260,09000,의료시설,51-100대,277
11,서울,11140,15000,숙박시설,51-100대,843
47,경북,47770,09000,의료시설,100대 이상,122
46,전남,46110,17000,공장,100대 이상,277
31,울산,31170,21000,동물및식물관련시설,10대 이하,1
30,대전,30200,30000,자원순환관련시설,10대 이하,0
47,경북,47770,02000,공동주택,21-50대,697
51,강원,51170,16000,위락시설,10대 이하,20
51,강원,51190,12000,수련시설,10대 이하,15
45,전북,45210,12000,수련시설,100대 이상,624
44,충남,44133,27000,관광휴게시설,100대 이상,1752
44,충남,44810,30000,자원순환관련시설,10대 이하,45
41,경기,41630,02000,공동주택,51-100대,1772
29,광주,29110,14000,업무시설,11-20대,441
46,전남,46130,19000,위험물저장및처리시설,100대 이상,332
45,전북,45730,,,10대 이하,26
41,경기,41220,11000,노유자시설,51-100대,138
41,경기,41570,21000,동물및식물관련시설,10대 이하,241
41,경기,41135,04000,제2종근린생활시설,11-20대,1659
48,경남,48740,,,100대 이상,336
47,경북,47250,07000,판매시설,10대 이하,11
46,전남,46900,11000,노유자시설,10대 이하,34
43,충북,43770,07000,판매시설,100대 이상,724
47,경북,47113,Z8000,교육연구및복지시설,51-100대,118
48,경남,48125,09000,의료시설,21-50대,519
27,대구,27200,05000,문화및집회시설,100대 이상,120
48,경남,48129,,,10대 이하,111
26,부산,26140,09000,의료시설,21-50대,43
41,경기,41117,30000,자원순환관련시설,51-100대,58
11,서울,11290,05000,문화및집회시설,11-20대,61
41,경기,41133,07000,판매시설,21-50대,83
41,경기,41220,16000,위락시설,11-20대,30
44,충남,44230,15000,숙박시설,100대 이상,1233
11,서울,11200,06000,종교시설,100대 이상,1268
45,전북,45180,04000,제2종근린생활시설,10대 이하,2052
48,경남,48220,22000,분뇨.쓰레기처리시설,51-100대,51
45,전북,45140,07000,판매시설,51-100대,65
41,경기,41285,18000,창고시설,11-20대,614
47,경북,47920,05000,문화및집회시설,21-50대,70
44,충남,44210,15000,숙박시설,10대 이하,231
26,부산,26710,21000,동물및식물관련시설,11-20대,12
48,경남,48820,17000,공장,11-20대,941
11,서울,11740,20000,자동차관련시설,10대 이하,33
51,강원,51770,05000,문화및집회시설,51-100대,153
41,경기,41285,14000,업무시설,11-20대,32
44,충남,44131,16000,위락시설,11-20대,11
46,전남,46910,02000,공동주택,100대 이상,923
44,충남,44150,14000,업무시설,21-50대,338
47,경북,47770,03000,제1종근린생활시설,21-50대,171
45,전북,45770,14000,업무시설,100대 이상,594
41,경기,41250,15000,숙박시설,100대 이상,187
44,충남,44825,10000,교육연구시설,11-20대,97
45,전북,45130,17000,공장,100대 이상,269871
47,경북,47210,07000,판매시설,21-50대,208
43,충북,43114,31000,야영장시설,10대 이하,9
45,전북,45790,18000,창고시설,51-100대,78
45,전북,45730,27000,관광휴게시설,51-100대,57
11,서울,11290,04000,제2종근린생활시설,100대 이상,111
41,경기,41133,18000,창고시설,10대 이하,7
41,경기,41150,18000,창고시설,51-100대,89
31,울산,31140,,,51-100대,143
51,강원,51800,27005,휴게소,10대 이하,0
29,광주,29170,05000,문화및집회시설,11-20대,38
44,충남,44800,Z5000,문화및집회시설,10대 이하,0
43,충북,43800,22000,분뇨.쓰레기처리시설,11-20대,12
51,강원,51790,22000,분뇨.쓰레기처리시설,10대 이하,1
44,충남,44180,19000,위험물저장및처리시설,10대 이하,23
44,충남,44800,18000,창고시설,11-20대,152
41,경기,41480,03000,제1종근린생활시설,11-20대,2155
30,대전,30170,02000,공동주택,10대 이하,2018
46,전남,46840,26000,묘지관련시설,100대 이상,133
27,대구,27200,06000,종교시설,11-20대,158
47,경북,47130,31000,야영장시설,10대 이하,55
29,광주,29155,20000,자동차관련시설,10대 이하,190
44,충남,44210,05000,문화및집회시설,11-20대,70
47,경북,47940,27000,관광휴게시설,10대 이하,15
28,인천,28245,06000,종교시설,10대 이하,123
46,전남,46860,02000,공동주택,10대 이하,79
27,대구,27230,06000,종교시설,10대 이하,221
46,전남,46900,23000,교정및군사시설,10대 이하,0
41,경기,41650,25000,발전시설,10대 이하,11
51,강원,51230,03000,제1종근린생활시설,11-20대,305
41,경기,41670,06000,종교시설,51-100대,206
44,충남,44210,02000,공동주택,10대 이하,1529
47,경북,47940,03000,제1종근린생활시설,10대 이하,119
46,전남,46880,09000,의료시설,21-50대,224
31,울산,31200,20000,자동차관련시설,11-20대,100
51,강원,51760,,,11-20대,27
45,전북,45720,02000,공동주택,11-20대,67
51,강원,51230,07000,판매시설,10대 이하,3
41,경기,41113,17000,공장,21-50대,2675
46,전남,46870,06000,종교시설,11-20대,46
46,전남,46820,01000,단독주택,10대 이하,1198
26,부산,26290,14000,업무시설,100대 이상,5829
45,전북,45720,14000,업무시설,51-100대,549
43,충북,43112,14000,업무시설,100대 이상,1222
47,경북,47770,14000,업무시설,10대 이하,15
47,경북,47830,30000,자원순환관련시설,11-20대,24
48,경남,48123,09000,의료시설,100대 이상,3105
46,전남,46710,03000,제1종근린생활시설,10대 이하,701
26,부산,26530,Z8000,교육연구및복지시설,21-50대,33
27,대구,27110,Z8000,교육연구및복지시설,11-20대,16
27,대구,27260,05000,문화및집회시설,11-20대,17
28,인천,28260,30000,자원순환관련시설,100대 이상,6748
47,경북,47940,23000,교정및군사시설,11-20대,14
44,충남,44200,09000,의료시설,21-50대,199
28,인천,28710,07000,판매시설,10대 이하,10
48,경남,48310,06000,종교시설,100대 이상,256
41,경기,41310,12000,수련시설,21-50대,59
30,대전,30230,27000,관광휴게시설,100대 이상,460
30,대전,30200,20000,자동차관련시설,51-100대,594
11,서울,11650,14000,업무시설,100대 이상,27290
29,광주,29200,05000,문화및집회시설,11-20대,15
29,광주,29155,03000,제1종근린생활시설,51-100대,876
44,충남,44131,06000,종교시설,21-50대,470
41,경기,41117,02000,공동주택,21-50대,739
48,경남,48240,10000,교육연구시설,21-50대,464
47,경북,47730,11000,노유자시설,11-20대,56
46,전남,46230,02000,공동주택,51-100대,355
11,서울,11590,14000,업무시설,100대 이상,3078
29,광주,29110,02000,공동주택,100대 이상,155749
48,경남,48850,18000,창고시설,21-50대,40
30,대전,30230,09000,의료시설,51-100대,65
44,충남,44200,13000,운동시설,100대 이상,5778
41,경기,41273,19000,위험물저장및처리시설,10대 이하,163
30,대전,30140,09000,의료시설,21-50대,314
48,경남,48890,02000,공동주택,11-20대,599
11,서울,11620,09000,의료시설,51-100대,179
41,경기,41630,b8990,,11-20대,19
41,경기,41480,13000,운동시설,10대 이하,35
46,전남,46880,17000,공장,10대 이하,1128
46,전남,46830,14000,업무시설,21-50대,254
30,대전,30170,03000,제1종근린생활시설,21-50대,3328
47,경북,47850,01000,단독주택,100대 이상,982
41,경기,41630,13000,운동시설,100대 이상,5200
29,광주,29110,15000,숙박시설,51-100대,223
11,서울,11530,08000,운수시설,10대 이하,34
29,광주,29200,13000,운동시설,100대 이상,1657
45,전북,45790,07000,판매시설,21-50대,34
11,서울,11500,07000,판매시설,51-100대,52
11,서울,11530,05000,문화및집회시설,51-100대,149
47,경북,47770,06000,종교시설,10대 이하,113
26,부산,26380,24000,방송통신시설,21-50대,81
46,전남,46840,15000,숙박시설,21-50대,28
28,인천,28140,29000,장례시설,21-50대,37
41,경기,41273,10000,교육연구시설,100대 이상,4336
31,울산,31110,10000,교육연구시설,100대 이상,2235
44,충남,44150,04000,제2종근린생활시설,11-20대,362
51,강원,51720,Z3000,근린생활시설,10대 이하,128
26,부산,26710,03000,제1종근린생활시설,100대 이상,3258
45,전북,45740,19000,위험물저장및처리시설,11-20대,12
47,경북,47280,04203,사찰,10대 이하,0
29,광주,29155,,,11-20대,35
47,경북,47730,25000,발전시설,10대 이하,0
46,전남,46910,17000,공장,11-20대,48
47,경북,47150,,,10대 이하,4
41,경기,41650,06000,종교시설,21-50대,318
47,경북,47730,18000,창고시설,10대 이하,158
29,광주,29170,10000,교육연구시설,100대 이상,80696
46,전남,46150,10000,교육연구시설,10대 이하,167
47,경북,47250,27000,관광휴게시설,11-20대,32
48,경남,48123,13000,운동시설,100대 이상,3013
41,경기,41570,03999,기타제1종근린생활시설,10대 이하,2
47,경북,47230,18999,기타창고시설,10대 이하,0
28,인천,28237,09000,의료시설,100대 이상,1543
28,인천,28185,30000,자원순환관련시설,11-20대,56
46,전남,46150,03000,제1종근린생활시설,11-20대,913
27,대구,27200,01000,단독주택,11-20대,5150
41,경기,41570,27000,관광휴게시설,11-20대,60
51,강원,51760,09000,의료시설,11-20대,106
43,충북,43740,13000,운동시설,11-20대,19
48,경남,48121,16000,위락시설,10대 이하,22
44,충남,44180,19000,위험물저장및처리시설,100대 이상,3000
47,경북,47750,17000,공장,21-50대,24
45,전북,45113,18000,창고시설,10대 이하,529
51,강원,51760,11000,노유자시설,10대 이하,68
41,경기,41117,04000,제2종근린생활시설,21-50대,915
41,경기,41820,09000,의료시설,11-20대,47
43,충북,43730,04000,제2종근린생활시설,11-20대,91
51,강원,51800,05000,문화및집회시설,11-20대,45
41,경기,41360,20000,자동차관련시설,100대 이상,2102
28,인천,28177,18000,창고시설,21-50대,35
28,인천,28245,15000,숙박시설,21-50대,227
28,인천,28237,11000,노유자시설,10대 이하,304
29,광주,29110,07000,판매시설,100대 이상,1467
41,경기,41273,26000,묘지관련시설,100대 이상,149
41,경기,41430,12000,수련시설,21-50대,48
11,서울,11530,10000,교육연구시설,21-50대,682
11,서울,11215,,,10대 이하,11
47,경북,47930,02000,공동주택,100대 이상,6539
51,강원,51760,14000,업무시설,100대 이상,411
11,서울,11170,14000,업무시설,11-20대,759
51,강원,51130,10000,교육연구시설,11-20대,214
41,경기,41650,15000,숙박시설,11-20대,361
29,광주,29170,20000,자동차관련시설,21-50대,370
47,경북,47230,04000,제2종근린생활시설,10대 이하,1585
47,경북,47840,22000,분뇨.쓰레기처리시설,11-20대,44
43,충북,43112,07000,판매시설,11-20대,44
41,경기,41115,11000,노유자시설,11-20대,53
43,충북,43130,26000,묘지관련시설,100대 이상,176
46,전남,46720,26000,묘지관련시설,10대 이하,0
41,경기,41287,18000,창고시설,10대 이하,941
41,경기,41450,27000,관광휴게시설,21-50대,49
47,경북,47750,27000,관광휴게시설,100대 이상,387
44,충남,44210,04000,제2종근린생활시설,10대 이하,2778
48,경남,48270,06000,종교시설,11-20대,60
46,전남,46170,03000,제1종근린생활시설,51-100대,394
11,서울,11170,15000,숙박시설,100대 이상,1514
48,경남,48870,,,10대 이하,2
41,경기,41830,13000,운동시설,21-50대,171
44,충남,44825,03000,제1종근린생활시설,21-50대,191
41,경기,41113,20000,자동차관련시설,51-100대,817
41,경기,41113,10000,교육연구시설,10대 이하,111
45,전북,45210,07000,판매시설,21-50대,28
41,경기,41190,11000,노유자시설,51-100대,159
11,서울,11740,,,10대 이하,18
41,경기,41370,07000,판매시설,21-50대,31
41,경기,41113,01000,단독주택,10대 이하,12438
47,경북,47130,13000,운동시설,11-20대,75
51,강원,51760,04000,제2종근린생활시설,11-20대,183
46,전남,46860,08000,운수시설,10대 이하,0
48,경남,48250,03000,제1종근린생활시설,100대 이상,5497
51,강원,51210,07000,판매시설,10대 이하,0
45,전북,45190,Z6000,판매및영업시설,10대 이하,0
45,전북,45720,09000,의료시설,21-50대,38
11,서울,11650,17000,공장,10대 이하,0
46,전남,46730,12000,수련시설,10대 이하,0
46,전남,46870,,,11-20대,17
44,충남,44810,04000,제2종근린생활시설,51-100대,126
26,부산,26440,08000,운수시설,10대 이하,28
28,인천,28200,21000,동물및식물관련시설,10대 이하,31
51,강원,51790,23000,교정및군사시설,51-100대,478
45,전북,45130,24000,방송통신시설,10대 이하,5
46,전남,46890,21000,동물및식물관련시설,21-50대,21
46,전남,46890,04000,제2종근린생활시설,11-20대,46
46,전남,46130,13000,운동시설,21-50대,413
11,서울,11215,07000,판매시설,11-20대,46
26,부산,26380,13000,운동시설,21-50대,86
41,경기,41370,02000,공동주택,51-100대,425
45,전북,45210,06000,종교시설,11-20대,127
47,경북,47840,27000,관광휴게시설,10대 이하,0
46,전남,46780,21000,동물및식물관련시설,100대 이상,126
47,경북,47150,13000,운동시설,51-100대,113
41,경기,41461,19000,위험물저장및처리시설,21-50대,87
29,광주,29155,Z3000,근린생활시설,11-20대,13
29,광주,29170,10000,교육연구시설,10대 이하,396
41,경기,41480,10000,교육연구시설,10대 이하,255
46,전남,46770,02000,공동주택,100대 이상,4463
27,대구,27230,15000,숙박시설,21-50대,208
46,전남,46890,01000,단독주택,10대 이하,977
47,경북,47111,13000,운동시설,51-100대,238
44,충남,44200,05000,문화및집회시설,100대 이상,1784
41,경기,41550,13000,운동시설,100대 이상,3829
46,전남,46780,30000,자원순환관련시설,11-20대,20
45,전북,45190,10000,교육연구시설,100대 이상,2487
29,광주,29140,06000,종교시설,10대 이하,185
11,서울,11710,13000,운동시설,21-50대,166
41,경기,41150,08000,운수시설,11-20대,14
27,대구,27110,12000,수련시설,10대 이하,0
41,경기,41480,23000,교정및군사시설,10대 이하,61
45,전북,45130,04000,제2종근린생활시설,21-50대,947
43,충북,43113,13000,운동시설,100대 이상,834
29,광주,29170,17000,공장,21-50대,2555
11,서울,11545,Z8000,교육연구및복지시설,21-50대,167
48,경남,48250,04000,제2종근린생활시설,10대 이하,9717
41,경기,41450,02000,공동주택,21-50대,454
46,전남,46150,18000,창고시설,11-20대,94
48,경남,48880,26000,묘지관련시설,10대 이하,0
11,서울,11200,10000,교육연구시설,51-100대,992
11,서울,11650,13000,운동시설,100대 이상,883
48,경남,48170,30000,자원순환관련시설,11-20대,39
44,충남,44810,21000,동물및식물관련시설,21-50대,48
47,경북,47150,19000,위험물저장및처리시설,21-50대,110
51,강원,51110,,,10대 이하,51
47,경북,47150,16000,위락시설,10대 이하,26
45,전북,45190,16000,위락시설,10대 이하,46
27,대구,27290,Z3000,근린생활시설,51-100대,196
27,대구,27710,12000,수련시설,21-50대,85
51,강원,51750,23000,교정및군사시설,10대 이하,1
47,경북,47113,20000,자동차관련시설,10대 이하,135
51,강원,51150,01000,단독주택,21-50대,149
45,전북,45210,04000,제2종근린생활시설,51-100대,124
45,전북,45790,20000,자동차관련시설,100대 이상,333
48,경남,48123,18999,기타창고시설,10대 이하,0
48,경남,48170,15000,숙박시설,100대 이상,334
26,부산,26530,06000,종교시설,51-100대,70
51,강원,51150,12000,수련시설,100대 이상,125
28,인천,28720,23000,교정및군사시설,11-20대,26
45,전북,45750,09000,의료시설,100대 이상,181
48,경남,48840,13000,운동시설,21-50대,140
41,경기,41287,05000,문화및집회시설,10대 이하,4
41,경기,41150,05000,문화및집회시설,11-20대,23
28,인천,28110,15000,숙박시설,100대 이상,5993
46,전남,46820,14000,업무시설,21-50대,260
46,전남,46880,18000,창고시설,11-20대,305
41,경기,41310,18000,창고시설,21-50대,57
41,경기,41171,Z3000,근린생활시설,10대 이하,0
29,광주,29110,10000,교육연구시설,51-100대,491
11,서울,11140,22000,분뇨.쓰레기처리시설,10대 이하,0
41,경기,41370,20000,자동차관련시설,51-100대,313
27,대구,27710,03000,제1종근린생활시설,10대 이하,2643
29,광주,29170,04000,제2종근린생활시설,100대 이상,4543
41,경기,41135,17000,공장,11-20대,15
30,대전,30170,10000,교육연구시설,100대 이상,14480
31,울산,31170,02000,공동주택,10대 이하,2395
29,광주,29170,,,10대 이하,62
48,경남,48129,Z8000,교육연구및복지시설,100대 이상,317
41,경기,41273,,,51-100대,53
29,광주,29110,Z3000,근린생활시설,10대 이하,16
48,경남,48240,22000,분뇨.쓰레기처리시설,21-50대,81
47,경북,47111,,,51-100대,53
41,경기,41133,09000,의료시설,11-20대,34
11,서울,11320,20000,자동차관련시설,51-100대,432
47,경북,47830,03000,제1종근린생활시설,11-20대,141
28,인천,28237,03000,제1종근린생활시설,10대 이하,1689
48,경남,48840,06000,종교시설,10대 이하,56
44,충남,44131,20000,자동차관련시설,21-50대,246
47,경북,47820,10000,교육연구시설,100대 이상,112
46,전남,46710,09000,의료시설,10대 이하,11
51,강원,51760,15000,숙박시설,11-20대,337
51,강원,51830,15000,숙박시설,51-100대,273
48,경남,48870,06000,종교시설,11-20대,19
11,서울,11545,13000,운동시설,10대 이하,0
43,충북,43760,19000,위험물저장및처리시설,11-20대,24
11,서울,11260,20000,자동차관련시설,100대 이상,1216
45,전북,45730,11000,노유자시설,21-50대,29
44,충남,44710,03000,제1종근린생활시설,51-100대,76
11,서울,11260,15000,숙박시설,10대 이하,126
48,경남,48129,14000,업무시설,21-50대,466
44,충남,44250,04000,제2종근린생활시설,11-20대,148
43,충북,43770,10000,교육연구시설,10대 이하,132
41,경기,41285,05000,문화및집회시설,10대 이하,11
43,충북,43112,06000,종교시설,10대 이하,171
41,경기,41465,05000,문화및집회시설,10대 이하,34
46,전남,46770,14000,업무시설,21-50대,212
46,전남,46790,05000,문화및집회시설,10대 이하,79
41,경기,41310,09000,의료시설,21-50대,213
44,충남,44150,Z9000,공공용시설,10대 이하,0
51,강원,51760,07000,판매시설,21-50대,23
46,전남,46170,02000,공동주택,11-20대,149
41,경기,41273,11000,노유자시설,11-20대,136
45,전북,45130,14000,업무시설,51-100대,959
47,경북,47730,03000,제1종근린생활시설,51-100대,169
48,경남,48840,17000,공장,10대 이하,50
48,경남,48330,04000,제2종근린생활시설,11-20대,890
11,서울,11170,13000,운동시설,100대 이상,106
51,강원,51820,14000,업무시설,10대 이하,9
41,경기,41830,31000,야영장시설,21-50대,160
26,부산,26710,16000,위락시설,10대 이하,4
51,강원,51750,15000,숙박시설,11-20대,49
41,경기,41131,16000,위락시설,10대 이하,0
44,충남,44270,12000,수련시설,10대 이하,13
41,경기,41135,09000,의료시설,10대 이하,10
41,경기,41171,20000,자동차관련시설,11-20대,48
29,광주,29200,17000,공장,21-50대,8972
46,전남,46900,18000,창고시설,11-20대,16
43,충북,43740,03000,제1종근린생활시설,11-20대,73
41,경기,41630,,,100대 이상,162
36,세종,36110,07000,판매시설,21-50대,73
41,경기,41463,04000,제2종근린생활시설,100대 이상,364
26,부산,26110,12000,수련시설,10대 이하,0
46,전남,46150,10000,교육연구시설,51-100대,718
46,전남,46730,03000,제1종근린생활시설,11-20대,132
43,충북,43730,08000,운수시설,10대 이하,0
48,경남,48121,07000,판매시설,51-100대,293
41,경기,41273,08000,운수시설,51-100대,112
48,경남,48720,10000,교육연구시설,51-100대,142
51,강원,51820,06000,종교시설,10대 이하,136
44,충남,44210,23000,교정및군사시설,10대 이하,28
47,경북,47150,17000,공장,11-20대,882
41,경기,41360,03000,제1종근린생활시설,21-50대,4198
45,전북,45740,16000,위락시설,10대 이하,13
46,전남,46900,30000,자원순환관련시설,10대 이하,14
48,경남,48127,09000,의료시설,10대 이하,7
51,강원,51830,Z3000,근린생활시설,10대 이하,1
45,전북,45210,31000,야영장시설,10대 이하,0
26,부산,26200,08000,운수시설,10대 이하,0
48,경남,48850,03000,제1종근린생활시설,51-100대,205
11,서울,11110,Z8000,교육연구및복지시설,100대 이상,3381
51,강원,51800,05000,문화및집회시설,100대 이상,198
46,전남,46860,01000,단독주택,21-50대,72
41,경기,41610,14000,업무시설,10대 이하,53
51,강원,51790,08000,운수시설,10대 이하,4
30,대전,30140,24000,방송통신시설,11-20대,15
45,전북,45140,06000,종교시설,100대 이상,894
11,서울,11710,10000,교육연구시설,10대 이하,355
46,전남,46720,13000,운동시설,100대 이상,1444
41,경기,41630,25000,발전시설,100대 이상,1100
43,충북,43800,14000,업무시설,21-50대,27
41,경기,41135,10000,교육연구시설,11-20대,462
28,인천,28237,18000,창고시설,21-50대,88
48,경남,48860,13000,운동시설,10대 이하,15
11,서울,11530,18000,창고시설,21-50대,30
48,경남,48840,29000,장례시설,21-50대,46
47,경북,47170,13000,운동시설,51-100대,141
51,강원,51170,24000,방송통신시설,21-50대,50
41,경기,41190,01000,단독주택,11-20대,115
47,경북,47280,21000,동물및식물관련시설,10대 이하,6
41,경기,41111,09000,의료시설,21-50대,216
41,경기,41113,05000,문화및집회시설,11-20대,36
11,서울,11140,02000,공동주택,11-20대,1271
46,전남,46840,,,10대 이하,8
28,인천,28185,14000,업무시설,11-20대,126
43,충북,43114,11000,노유자시설,21-50대,393
45,전북,45770,12000,수련시설,10대 이하,9
41,경기,41115,Z8000,교육연구및복지시설,100대 이상,474
26,부산,26260,16000,위락시설,21-50대,131
51,강원,51810,24000,방송통신시설,10대 이하,6
28,인천,28245,05000,문화및집회시설,10대 이하,0
26,부산,26410,06000,종교시설,11-20대,157
46,전남,46910,02000,공동주택,21-50대,155
51,강원,51170,20000,자동차관련시설,21-50대,30
46,전남,46230,19000,위험물저장및처리시설,10대 이하,68
28,인천,28200,12000,수련시설,100대 이상,147
51,강원,51190,06000,종교시설,11-20대,54
41,경기,41820,13000,운동시설,10대 이하,61
11,서울,11500,08000,운수시설,10대 이하,10
45,전북,45750,08000,운수시설,10대 이하,22
41,경기,41550,09000,의료시설,51-100대,153
47,경북,47820,05000,문화및집회시설,51-100대,135
41,경기,41590,03000,제1종근린생활시설,21-50대,8766
11,서울,11110,06000,종교시설,10대 이하,119
26,부산,26260,10000,교육연구시설,100대 이상,129
47,경북,47150,26000,묘지관련시설,10대 이하,7
26,부산,26290,,,21-50대,22
50,제주,50130,Z3300,운동시설,10대 이하,0
51,강원,51790,05000,문화및집회시설,11-20대,25
48,경남,48170,14000,업무시설,10대 이하,192
51,강원,51130,11000,노유자시설,21-50대,282
47,경북,47750,02000,공동주택,51-100대,285
41,경기,41410,20000,자동차관련시설,10대 이하,94
41,경기,41285,20000,자동차관련시설,21-50대,504
41,경기,41465,07000,판매시설,51-100대,249
11,서울,11380,08000,운수시설,10대 이하,0
11,서울,11230,,,21-50대,80
51,강원,51150,06000,종교시설,21-50대,481
41,경기,41610,13000,운동시설,51-100대,1108
41,경기,41281,09000,의료시설,21-50대,242
47,경북,47230,04200,종교집회장,10대 이하,0
26,부산,26110,07000,판매시설,10대 이하,9
48,경남,48330,05000,문화및집회시설,10대 이하,44
26,부산,26350,15000,숙박시설,100대 이상,6565
41,경기,41500,01000,단독주택,21-50대,386
11,서울,11215,01000,단독주택,10대 이하,19504
45,전북,45180,07000,판매시설,10대 이하,2
45,전북,45113,13000,운동시설,10대 이하,39
47,경북,47930,14000,업무시설,21-50대,226
48,경남,48170,05000,문화및집회시설,100대 이상,4559
11,서울,11110,02000,공동주택,11-20대,2008
31,울산,31200,20000,자동차관련시설,10대 이하,230
29,광주,29140,05000,문화및집회시설,51-100대,405
30,대전,30110,03000,제1종근린생활시설,51-100대,633
46,전남,46820,07000,판매시설,11-20대,50
48,경남,48220,10000,교육연구시설,10대 이하,83
31,울산,31170,13000,운동시설,100대 이상,124
11,서울,11170,15000,숙박시설,21-50대,47
48,경남,48880,Z3000,근린생활시설,10대 이하,7
41,경기,41115,17000,공장,21-50대,33
46,전남,46790,10000,교육연구시설,11-20대,35
41,경기,41463,09000,의료시설,100대 이상,2892
41,경기,41465,Z5000,문화및집회시설,10대 이하,19
43,충북,43113,22000,분뇨.쓰레기처리시설,51-100대,137
51,강원,51130,09000,의료시설,100대 이상,1289
47,경북,47190,13000,운동시설,11-20대,113
11,서울,11620,04000,제2종근린생활시설,100대 이상,154
43,충북,43770,17000,공장,11-20대,2506
51,강원,51130,31000,야영장시설,11-20대,13
48,경남,48125,16000,위락시설,10대 이하,22
41,경기,41630,29000,장례시설,11-20대,30
26,부산,26290,06000,종교시설,10대 이하,151
46,전남,46720,05000,문화및집회시설,11-20대,31
11,서울,11320,15000,숙박시설,10대 이하,7
50,제주,50110,13000,운동시설,11-20대,233
26,부산,26200,10000,교육연구시설,11-20대,168
26,부산,26380,25000,발전시설,100대 이상,301
46,전남,46790,04000,제2종근린생활시설,11-20대,346
41,경기,41210,06000,종교시설,51-100대,230
46,전남,46810,09000,의료시설,100대 이상,226
46,전남,46810,04000,제2종근린생활시설,11-20대,55
51,강원,51720,20000,자동차관련시설,11-20대,60
11,서울,11350,03000,제1종근린생활시설,11-20대,824
26,부산,26350,17000,공장,11-20대,154
48,경남,48123,16000,위락시설,11-20대,62
48,경남,48127,03000,제1종근린생활시설,51-100대,241
51,강원,51760,Z3000,근린생활시설,10대 이하,11
27,대구,27140,04000,제2종근린생활시설,100대 이상,276
11,서울,11650,14000,업무시설,21-50대,7727
43,충북,43800,,,10대 이하,15
46,전남,46820,17000,공장,21-50대,152
26,부산,26260,21000,동물및식물관련시설,10대 이하,0
48,경남,48170,22000,분뇨.쓰레기처리시설,21-50대,36
31,울산,31170,22000,분뇨.쓰레기처리시설,21-50대,54
47,경북,47111,13000,운동시설,11-20대,64
47,경북,47230,14200,일반업무시설,10대 이하,9
48,경남,48880,21000,동물및식물관련시설,10대 이하,14
46,전남,46170,17000,공장,11-20대,1709
51,강원,51790,29000,장례시설,21-50대,43
43,충북,43750,05000,문화및집회시설,21-50대,109
11,서울,11740,Z5000,문화및집회시설,10대 이하,1
48,경남,48220,16000,위락시설,11-20대,12
41,경기,41190,22000,분뇨.쓰레기처리시설,100대 이상,356
30,대전,30230,03000,제1종근린생활시설,100대 이상,373
48,경남,48330,17000,공장,100대 이상,10629
41,경기,41250,02000,공동주택,21-50대,1742
48,경남,48123,10000,교육연구시설,10대 이하,93
30,대전,30110,09000,의료시설,10대 이하,30
51,강원,51830,33000,"국방,군사시설",10대 이하,0
11,서울,11110,11000,노유자시설,51-100대,68
48,경남,48240,20000,자동차관련시설,11-20대,54
43,충북,43112,16000,위락시설,10대 이하,12
48,경남,48250,Z8000,교육연구및복지시설,21-50대,70
41,경기,41273,03000,제1종근린생활시설,100대 이상,785
26,부산,26320,07000,판매시설,10대 이하,0
51,강원,51760,21000,동물및식물관련시설,10대 이하,101
45,전북,45720,06000,종교시설,100대 이상,231
11,서울,11545,18000,창고시설,51-100대,141
31,울산,31200,Z9000,공공용시설,10대 이하,0
46,전남,46830,15000,숙박시설,100대 이상,2103
46,전남,46870,Z3000,근린생활시설,10대 이하,0
30,대전,30170,05000,문화및집회시설,10대 이하,32
50,제주,50130,03000,제1종근린생활시설,10대 이하,3768
26,부산,26350,15000,숙박시설,11-20대,739
44,충남,44270,25000,발전시설,10대 이하,31
45,전북,45130,15000,숙박시설,51-100대,252
48,경남,48310,,,11-20대,28
47,경북,47830,29000,장례시설,10대 이하,4
27,대구,27290,14000,업무시설,100대 이상,3971
31,울산,31170,21000,동물및식물관련시설,21-50대,28
47,경북,47190,20000,자동차관련시설,11-20대,194
41,경기,41550,09000,의료시설,21-50대,79
26,부산,26440,25000,발전시설,10대 이하,2
27,대구,27260,Z3000,근린생활시설,51-100대,60
44,충남,44200,03000,제1종근린생활시설,51-100대,885
41,경기,41250,18000,창고시설,11-20대,14
41,경기,41450,04000,제2종근린생활시설,51-100대,728
45,전북,45113,03000,제1종근린생활시설,100대 이상,1434
44,충남,44200,11000,노유자시설,100대 이상,587
46,전남,46800,23000,교정및군사시설,10대 이하,0
11,서울,11500,02000,공동주택,51-100대,8357
41,경기,41370,18000,창고시설,10대 이하,87
51,강원,51830,23000,교정및군사시설,10대 이하,3
27,대구,27110,05000,문화및집회시설,21-50대,85
41,경기,41630,10000,교육연구시설,11-20대,147
26,부산,26230,01000,단독주택,10대 이하,1453
44,충남,44150,06000,종교시설,11-20대,121
45,전북,45130,03000,제1종근린생활시설,100대 이상,1351
41,경기,41570,07000,판매시설,51-100대,194
43,충북,43760,31000,야영장시설,11-20대,11
41,경기,41550,14000,업무시설,10대 이하,794
31,울산,31170,22000,분뇨.쓰레기처리시설,10대 이하,4
43,충북,43130,04000,제2종근린생활시설,100대 이상,514
47,경북,47113,16000,위락시설,11-20대,25
26,부산,26470,14000,업무시설,21-50대,2242
44,충남,44710,10000,교육연구시설,11-20대,25
30,대전,30200,14000,업무시설,21-50대,991
41,경기,41150,17000,공장,10대 이하,218
45,전북,45710,,,10대 이하,53
26,부산,26500,04000,제2종근린생활시설,21-50대,277
26,부산,26350,,,100대 이상,795
41,경기,41800,14000,업무시설,11-20대,46
43,충북,43130,06000,종교시설,11-20대,211
11,서울,11305,,,10대 이하,12
44,충남,44710,13000,운동시설,21-50대,112
47,경북,47250,07000,판매시설,100대 이상,967
28,인천,28200,15000,숙박시설,51-100대,323
47,경북,47250,30000,자원순환관련시설,10대 이하,37
46,전남,46840,07000,판매시설,51-100대,53
51,강원,51230,09000,의료시설,100대 이상,104
31,울산,31200,13000,운동시설,100대 이상,793
41,경기,41281,14000,업무시설,51-100대,812
11,서울,11545,09000,의료시설,10대 이하,16
46,전남,46780,13000,운동시설,10대 이하,19
30,대전,30110,26000,묘지관련시설,10대 이하,0
43,충북,43113,02000,공동주택,11-20대,449
41,경기,41430,02000,공동주택,100대 이상,128704
41,경기,41131,12000,수련시설,51-100대,93
47,경북,47830,05000,문화및집회시설,10대 이하,14
41,경기,41273,31000,야영장시설,21-50대,24
41,경기,41287,07000,판매시설,21-50대,149
51,강원,51150,17000,공장,51-100대,464
46,전남,46130,10000,교육연구시설,10대 이하,156
44,충남,44800,08000,운수시설,11-20대,22
41,경기,41461,15000,숙박시설,100대 이상,12915
26,부산,26710,24000,방송통신시설,10대 이하,0
41,경기,41287,14000,업무시설,21-50대,479
27,대구,27710,31000,야영장시설,10대 이하,3
46,전남,46720,01000,단독주택,11-20대,125
51,강원,51770,31000,야영장시설,10대 이하,5
41,경기,41271,17000,공장,10대 이하,613
43,충북,43720,15000,숙박시설,10대 이하,50
51,강원,51780,10000,교육연구시설,51-100대,66
45,전북,45710,17000,공장,11-20대,1236
51,강원,51130,n0230,,10대 이하,3
26,부산,26710,10000,교육연구시설,100대 이상,2668
47,경북,47190,20000,자동차관련시설,10대 이하,343
11,서울,11680,14000,업무시설,100대 이상,46108
29,광주,29200,,,100대 이상,10209
44,충남,44150,23000,교정및군사시설,100대 이상,232
51,강원,51820,25000,발전시설,10대 이하,0
48,경남,48250,25000,발전시설,10대 이하,0
28,인천,28720,04000,제2종근린생활시설,10대 이하,749
26,부산,26350,05000,문화및집회시설,21-50대,67
11,서울,11200,17000,공장,51-100대,997
51,강원,51750,17000,공장,51-100대,349
29,광주,29140,29000,장례시설,21-50대,45
26,부산,26710,19000,위험물저장및처리시설,10대 이하,100
26,부산,26380,06000,종교시설,51-100대,121
26,부산,26260,15000,숙박시설,10대 이하,263
28,인천,28710,12000,수련시설,10대 이하,26
41,경기,41117,15000,숙박시설,51-100대,65
45,전북,45800,09000,의료시설,21-50대,36
28,인천,28140,14000,업무시설,51-100대,135
27,대구,27200,Z6000,판매및영업시설,10대 이하,0
47,경북,47250,17000,공장,10대 이하,286
51,강원,51830,03000,제1종근린생활시설,11-20대,251
46,전남,46130,30000,자원순환관련시설,51-100대,80
27,대구,27200,03000,제1종근린생활시설,21-50대,403
26,부산,26410,06000,종교시설,100대 이상,188
27,대구,27290,27000,관광휴게시설,100대 이상,5604
30,대전,30200,15000,숙박시설,100대 이상,2438
46,전남,46710,05000,문화및집회시설,21-50대,50
48,경남,48870,05000,문화및집회시설,11-20대,52
45,전북,45111,02000,공동주택,11-20대,464
44,충남,44710,18000,창고시설,11-20대,45
47,경북,47920,15000,숙박시설,21-50대,62
11,서울,11530,Z5000,문화및집회시설,11-20대,16
48,경남,48270,14000,업무시설,51-100대,128
47,경북,47170,04000,제2종근린생활시설,21-50대,518
26,부산,26140,24000,방송통신시설,10대 이하,5
45,전북,45770,21000,동물및식물관련시설,10대 이하,32
41,경기,41131,02000,공동주택,100대 이상,87200
26,부산,26410,14000,업무시설,11-20대,730
28,인천,28177,02000,공동주택,51-100대,3907
31,울산,31110,14000,업무시설,100대 이상,4922
46,전남,46810,14000,업무시설,11-20대,48
48,경남,48840,29000,장례시설,10대 이하,0
48,경남,48870,07000,판매시설,51-100대,95
41,경기,41111,20000,자동차관련시설,11-20대,71
41,경기,41461,11000,노유자시설,11-20대,284
47,경북,47940,Z3000,근린생활시설,10대 이하,0
41,경기,41830,21000,동물및식물관련시설,10대 이하,798
45,전북,45130,14000,업무시설,21-50대,1300
51,강원,51730,09000,의료시설,21-50대,95
28,인천,28200,18000,창고시설,11-20대,40
41,경기,41390,02000,공동주택,51-100대,1903
46,전남,46780,Z6000,판매및영업시설,10대 이하,0
11,서울,11740,Z8000,교육연구및복지시설,21-50대,269
51,강원,51820,03000,제1종근린생활시설,10대 이하,381
26,부산,26530,09000,의료시설,100대 이상,685
43,충북,43111,02000,공동주택,11-20대,290
26,부산,26710,14000,업무시설,100대 이상,1422
51,강원,51730,03000,제1종근린생활시설,51-100대,194
47,경북,47820,12000,수련시설,21-50대,43
11,서울,11320,05000,문화및집회시설,21-50대,28
41,경기,41173,29000,장례시설,11-20대,16
31,울산,31170,13000,운동시설,21-50대,130
46,전남,46820,Z8000,교육연구및복지시설,10대 이하,0
41,경기,41430,13000,운동시설,100대 이상,224
51,강원,51210,03000,제1종근린생활시설,51-100대,124
41,경기,41480,11000,노유자시설,21-50대,259
28,인천,28110,08000,운수시설,51-100대,1743
28,인천,28200,17000,공장,10대 이하,7414
47,경북,47170,03000,제1종근린생활시설,11-20대,579
11,서울,11440,Z8000,교육연구및복지시설,21-50대,73
41,경기,41113,20000,자동차관련시설,100대 이상,6429
45,전북,45800,09000,의료시설,51-100대,166
43,충북,43745,11000,노유자시설,11-20대,11
31,울산,31200,18000,창고시설,11-20대,229
46,전남,46720,09000,의료시설,21-50대,83
44,충남,44250,09000,의료시설,10대 이하,0
26,부산,26170,14000,업무시설,10대 이하,194
46,전남,46150,30000,자원순환관련시설,21-50대,30
46,전남,46820,25000,발전시설,10대 이하,0
28,인천,28140,16000,위락시설,10대 이하,0
41,경기,41820,27000,관광휴게시설,10대 이하,0
48,경남,48123,06000,종교시설,11-20대,144
51,강원,51780,14000,업무시설,100대 이상,112
11,서울,11140,02000,공동주택,100대 이상,42068
51,강원,51800,23000,교정및군사시설,11-20대,30
46,전남,46890,07000,판매시설,11-20대,13
44,충남,44760,11000,노유자시설,11-20대,64
11,서울,11215,15000,숙박시설,21-50대,182
41,경기,41360,15000,숙박시설,21-50대,491
46,전남,46810,05000,문화및집회시설,51-100대,61
48,경남,48720,18000,창고시설,10대 이하,139
44,충남,44790,17000,공장,100대 이상,2518
44,충남,44150,,,10대 이하,15
27,대구,27170,17000,공장,21-50대,909
47,경북,47130,24000,방송통신시설,10대 이하,12
48,경남,48270,03000,제1종근린생활시설,11-20대,434
41,경기,41117,02000,공동주택,100대 이상,434608
41,경기,41463,27000,관광휴게시설,10대 이하,4
41,경기,41390,02000,공동주택,11-20대,4891
47,경북,47190,20000,자동차관련시설,51-100대,254
47,경북,47900,04000,제2종근린생활시설,21-50대,184
45,전북,45113,13000,운동시설,21-50대,188
50,제주,50110,04203,사찰,10대 이하,0
47,경북,47250,14000,업무시설,11-20대,79
47,경북,47820,05000,문화및집회시설,100대 이상,1049
28,인천,28720,21000,동물및식물관련시설,10대 이하,25
28,인천,28110,19000,위험물저장및처리시설,21-50대,75
46,전남,46710,20000,자동차관련시설,100대 이상,500
41,경기,41135,15000,숙박시설,51-100대,52
50,제주,50110,06000,종교시설,21-50대,777
51,강원,51150,15000,숙박시설,10대 이하,927
41,경기,41285,24000,방송통신시설,51-100대,53
47,경북,47820,18000,창고시설,10대 이하,125
41,경기,41670,13000,운동시설,11-20대,37
26,부산,26380,14000,업무시설,10대 이하,375
31,울산,31710,08000,운수시설,10대 이하,16
43,충북,43745,13000,운동시설,10대 이하,19
41,경기,41133,02000,공동주택,51-100대,1215
30,대전,30110,22000,분뇨.쓰레기처리시설,10대 이하,0
51,강원,51150,06000,종교시설,51-100대,83
41,경기,41410,06000,종교시설,10대 이하,63
41,경기,41820,Z5000,문화및집회시설,10대 이하,26
11,서울,11410,03000,제1종근린생활시설,21-50대,485
51,강원,51110,18000,창고시설,51-100대,264
43,충북,43111,Z8000,교육연구및복지시설,100대 이상,110
48,경남,48250,17000,공장,11-20대,9327
51,강원,51780,27000,관광휴게시설,11-20대,15
11,서울,11260,07000,판매시설,10대 이하,0
45,전북,45140,04000,제2종근린생활시설,21-50대,817
43,충북,43760,Z8000,교육연구및복지시설,10대 이하,0
30,대전,30200,06000,종교시설,11-20대,282
41,경기,41285,19000,위험물저장및처리시설,11-20대,36
50,제주,50130,12000,수련시설,21-50대,98
31,울산,31140,14000,업무시설,21-50대,1733
48,경남,48121,22000,분뇨.쓰레기처리시설,11-20대,15
41,경기,41465,07000,판매시설,21-50대,113
31,울산,31710,,,21-50대,36
44,충남,44210,13000,운동시설,10대 이하,11
43,충북,43730,18000,창고시설,11-20대,116
11,서울,11110,07000,판매시설,21-50대,25
41,경기,41360,14000,업무시설,11-20대,131
43,충북,43111,27000,관광휴게시설,21-50대,63
48,경남,48270,10000,교육연구시설,51-100대,208
11,서울,11680,07000,판매시설,100대 이상,2211
11,서울,11500,24000,방송통신시설,100대 이상,102
48,경남,48220,31000,야영장시설,21-50대,27
27,대구,27140,20000,자동차관련시설,10대 이하,304
41,경기,41610,Z5000,문화및집회시설,10대 이하,17
41,경기,41250,05000,문화및집회시설,10대 이하,23
51,강원,51110,24000,방송통신시설,21-50대,25
26,부산,26140,24000,방송통신시설,11-20대,15
51,강원,51830,26000,묘지관련시설,10대 이하,0
43,충북,43130,20000,자동차관련시설,100대 이상,1148
51,강원,51190,13000,운동시설,51-100대,219
48,경남,48125,05000,문화및집회시설,21-50대,150
28,인천,28710,04002,휴게음식점,10대 이하,1
41,경기,41290,01000,단독주택,10대 이하,2688
51,강원,51210,01000,단독주택,10대 이하,3377
41,경기,41210,30000,자원순환관련시설,10대 이하,0
41,경기,41500,18000,창고시설,21-50대,2356
41,경기,41570,18000,창고시설,10대 이하,750
47,경북,47290,19000,위험물저장및처리시설,10대 이하,184
29,광주,29170,13000,운동시설,11-20대,100
45,전북,45720,03000,제1종근린생활시설,10대 이하,211
46,전남,46150,09000,의료시설,51-100대,560
41,경기,41360,12000,수련시설,21-50대,188
50,제주,50130,20000,자동차관련시설,11-20대,47
48,경남,48870,29000,장례시설,21-50대,49
47,경북,47130,10000,교육연구시설,21-50대,880
48,경남,48840,31000,야영장시설,11-20대,14
27,대구,27230,07000,판매시설,51-100대,77
46,전남,46130,15000,숙박시설,51-100대,376
41,경기,41550,26000,묘지관련시설,11-20대,42
48,경남,48270,10000,교육연구시설,21-50대,462
44,충남,44800,17000,공장,100대 이상,3158
11,서울,11305,04000,제2종근린생활시설,11-20대,387
51,강원,51130,Z5000,문화및집회시설,21-50대,81
48,경남,48740,03000,제1종근린생활시설,21-50대,391
43,충북,43150,07000,판매시설,21-50대,243
11,서울,11530,09000,의료시설,100대 이상,1820
27,대구,27170,13000,운동시설,51-100대,196
28,인천,28245,13000,운동시설,51-100대,194
26,부산,26440,20000,자동차관련시설,11-20대,244
27,대구,27720,07000,판매시설,10대 이하,37
48,경남,48121,04000,제2종근린생활시설,10대 이하,4323
11,서울,11230,12000,수련시설,21-50대,37
43,충북,43750,07000,판매시설,21-50대,107
27,대구,27720,13000,운동시설,10대 이하,0
45,전북,45730,06000,종교시설,11-20대,15
45,전북,45710,17000,공장,51-100대,2079
41,경기,41410,03000,제1종근린생활시설,100대 이상,2461
41,경기,41410,07000,판매시설,100대 이상,2400
46,전남,46880,27000,관광휴게시설,10대 이하,11
43,충북,43111,26000,묘지관련시설,100대 이상,355
51,강원,51730,Z8000,교육연구및복지시설,10대 이하,0
11,서울,11305,02000,공동주택,100대 이상,321654
44,충남,44131,11000,노유자시설,21-50대,88
11,서울,11650,19000,위험물저장및처리시설,51-100대,127
41,경기,41115,02000,공동주택,100대 이상,193820
45,전북,45750,11000,노유자시설,10대 이하,39
45,전북,45113,02000,공동주택,100대 이상,208403
41,경기,41250,13000,운동시설,21-50대,114
45,전북,45790,15000,숙박시설,10대 이하,88
27,대구,27230,13000,운동시설,11-20대,172
29,광주,29110,,,10대 이하,40
46,전남,46770,05000,문화및집회시설,21-50대,296
27,대구,27230,20000,자동차관련시설,11-20대,122
26,부산,26410,13000,운동시설,51-100대,243
48,경남,48880,16000,위락시설,10대 이하,8
30,대전,30230,05000,문화및집회시설,11-20대,15
48,경남,48220,13000,운동시설,51-100대,274
48,경남,48121,10000,교육연구시설,10대 이하,149
29,광주,29155,21000,동물및식물관련시설,10대 이하,3
45,전북,45710,10000,교육연구시설,21-50대,1123
44,충남,44200,,,51-100대,60
44,충남,44150,22000,분뇨.쓰레기처리시설,21-50대,105
28,인천,28200,20000,자동차관련시설,11-20대,241
47,경북,47130,,,21-50대,180
26,부산,26170,04000,제2종근린생활시설,10대 이하,739
48,경남,48310,11000,노유자시설,21-50대,141
41,경기,41111,32000,교정시설,11-20대,11
41,경기,41190,16000,위락시설,10대 이하,32
46,전남,46710,10000,교육연구시설,51-100대,268
11,서울,11290,20000,자동차관련시설,100대 이상,631
47,경북,47840,06000,종교시설,10대 이하,90
41,경기,41360,04000,제2종근린생활시설,100대 이상,2016
11,서울,11500,13000,운동시설,11-20대,14
44,충남,44150,02000,공동주택,100대 이상,36677
46,전남,46770,20000,자동차관련시설,100대 이상,542
48,경남,48129,Z5000,문화및집회시설,11-20대,50
41,경기,41150,03000,제1종근린생활시설,11-20대,1285
11,서울,11650,,,100대 이상,981
41,경기,41670,24000,방송통신시설,21-50대,25
44,충남,44230,,,11-20대,34
47,경북,47760,23000,교정및군사시설,10대 이하,3
46,전남,46780,Z3000,근린생활시설,10대 이하,3
45,전북,45800,02000,공동주택,100대 이상,4001
48,경남,48330,Z5000,문화및집회시설,11-20대,35
46,전남,46820,03000,제1종근린생활시설,11-20대,173
47,경북,47150,06000,종교시설,11-20대,178
41,경기,41273,13000,운동시설,100대 이상,2381
41,경기,41150,Z5000,문화및집회시설,11-20대,20
44,충남,44133,29000,장례시설,51-100대,75
41,경기,41360,,,11-20대,41
28,인천,28720,08000,운수시설,10대 이하,0
51,강원,51130,15000,숙박시설,21-50대,512
41,경기,41273,17000,공장,10대 이하,5378
48,경남,48820,22000,분뇨.쓰레기처리시설,21-50대,26
28,인천,28245,11000,노유자시설,51-100대,71
47,경북,47850,11000,노유자시설,11-20대,157
26,부산,26410,03000,제1종근린생활시설,51-100대,119
29,광주,29110,03000,제1종근린생활시설,10대 이하,1102
28,인천,28710,10000,교육연구시설,11-20대,201
48,경남,48240,05000,문화및집회시설,21-50대,133
41,경기,41461,24000,방송통신시설,51-100대,70
47,경북,47150,17000,공장,21-50대,2259
26,부산,26530,13000,운동시설,21-50대,208
51,강원,51780,02000,공동주택,10대 이하,492
11,서울,11110,10000,교육연구시설,11-20대,271
48,경남,48880,01000,단독주택,11-20대,668
44,충남,44200,15000,숙박시설,51-100대,144
48,경남,48121,25000,발전시설,11-20대,12
47,경북,47190,09000,의료시설,21-50대,314
11,서울,11530,15000,숙박시설,21-50대,139
26,부산,26410,13000,운동시설,11-20대,11
28,인천,28140,27000,관광휴게시설,10대 이하,0
51,강원,51130,19000,위험물저장및처리시설,11-20대,44
47,경북,47250,22000,분뇨.쓰레기처리시설,21-50대,34
51,강원,51150,15000,숙박시설,51-100대,385
41,경기,41500,03000,제1종근린생활시설,100대 이상,401
26,부산,26710,25000,발전시설,10대 이하,0
41,경기,41173,03000,제1종근린생활시설,51-100대,630
11,서울,11650,Z3000,근린생활시설,11-20대,44
11,서울,11380,Z8000,교육연구및복지시설,21-50대,164
48,경남,48125,01000,단독주택,11-20대,1069
45,전북,45140,21000,동물및식물관련시설,21-50대,52
31,울산,31140,29000,장례시설,100대 이상,548
44,충남,44270,13000,운동시설,51-100대,219
45,전북,45130,11000,노유자시설,11-20대,164
31,울산,31110,09000,의료시설,10대 이하,29
48,경남,48860,26000,묘지관련시설,100대 이상,8304
41,경기,41500,13000,운동시설,51-100대,277
48,경남,48220,20000,자동차관련시설,11-20대,68
44,충남,44131,03000,제1종근린생활시설,11-20대,1471
41,경기,41370,27000,관광휴게시설,21-50대,80
47,경북,47250,14000,업무시설,10대 이하,36
50,제주,50110,19000,위험물저장및처리시설,21-50대,34
28,인천,28177,20000,자동차관련시설,100대 이상,1230
41,경기,41150,10000,교육연구시설,100대 이상,16869
48,경남,48730,13000,운동시설,21-50대,111
46,전남,46890,30000,자원순환관련시설,21-50대,34
41,경기,41115,04000,제2종근린생활시설,100대 이상,552
44,충남,44800,06000,종교시설,21-50대,128
28,인천,28237,09000,의료시설,10대 이하,10
28,인천,28260,07000,판매시설,10대 이하,4
41,경기,41390,23000,교정및군사시설,51-100대,74
28,인천,28110,05000,문화및집회시설,10대 이하,14
26,부산,26440,11000,노유자시설,10대 이하,106
29,광주,29200,Z3000,근린생활시설,21-50대,74
31,울산,31110,07000,판매시설,51-100대,68
51,강원,51780,14000,업무시설,10대 이하,41
27,대구,27710,05000,문화및집회시설,21-50대,46
31,울산,31140,11000,노유자시설,10대 이하,204
47,경북,47230,31000,야영장시설,10대 이하,0
26,부산,26200,09000,의료시설,21-50대,168
45,전북,45111,Z6000,판매및영업시설,11-20대,15
45,전북,45750,02000,공동주택,51-100대,283
28,인천,28245,03100,공공시설,10대 이하,0
48,경남,48220,15000,숙박시설,10대 이하,452
47,경북,47230,13000,운동시설,51-100대,130
41,경기,41135,,,100대 이상,464
11,서울,11350,,,51-100대,78
46,전남,46830,19000,위험물저장및처리시설,11-20대,38
51,강원,51170,15000,숙박시설,51-100대,115
44,충남,44800,13000,운동시설,21-50대,60
46,전남,46170,13000,운동시설,21-50대,52
30,대전,30230,17000,공장,21-50대,1613
27,대구,27710,Z6000,판매및영업시설,10대 이하,0
47,경북,47111,14000,업무시설,100대 이상,4484
27,대구,27230,,,51-100대,67
48,경남,48125,04000,제2종근린생활시설,100대 이상,679
41,경기,41360,26000,묘지관련시설,11-20대,30
41,경기,41465,20000,자동차관련시설,51-100대,640
41,경기,41133,14000,업무시설,10대 이하,73
48,경남,48125,31001,관리동,10대 이하,0
45,전북,45113,04000,제2종근린생활시설,21-50대,1827
44,충남,44760,17000,공장,100대 이상,4433
41,경기,41190,10000,교육연구시설,10대 이하,390
48,경남,48123,14000,업무시설,11-20대,261
26,부산,26470,07000,판매시설,21-50대,38
48,경남,48127,30000,자원순환관련시설,10대 이하,37
44,충남,44710,08000,운수시설,10대 이하,0
47,경북,47130,09000,의료시설,100대 이상,419
48,경남,48250,06000,종교시설,10대 이하,267
41,경기,41113,23000,교정및군사시설,10대 이하,2
46,전남,46150,02000,공동주택,10대 이하,467
41,경기,41830,18000,창고시설,100대 이상,1636
47,경북,47230,06000,종교시설,21-50대,121
47,경북,47210,17000,공장,21-50대,187
44,충남,44180,16000,위락시설,10대 이하,25
44,충남,44800,27000,관광휴게시설,10대 이하,0
41,경기,41500,23000,교정및군사시설,100대 이상,3170
46,전남,46780,12000,수련시설,11-20대,18
11,서울,11470,10000,교육연구시설,51-100대,1877
41,경기,41310,02000,공동주택,11-20대,1185
26,부산,26110,14000,업무시설,11-20대,369
46,전남,46800,13000,운동시설,11-20대,12
44,충남,44230,13000,운동시설,21-50대,70
51,강원,51150,03000,제1종근린생활시설,100대 이상,1367
46,전남,46840,06000,종교시설,11-20대,148
41,경기,41190,18000,창고시설,100대 이상,4515
51,강원,51170,29000,장례시설,21-50대,27
44,충남,44133,20000,자동차관련시설,21-50대,559
26,부산,26410,17000,공장,11-20대,318
51,강원,51720,15000,숙박시설,21-50대,152
44,충남,44230,08000,운수시설,10대 이하,0
46,전남,46130,09000,의료시설,51-100대,57
45,전북,45113,02000,공동주택,11-20대,584
44,충남,44770,17000,공장,11-20대,320
11,서울,11200,20000,자동차관련시설,10대 이하,330
41,경기,41220,11000,노유자시설,10대 이하,498
47,경북,47130,02000,공동주택,10대 이하,3514
41,경기,41273,25000,발전시설,51-100대,94
41,경기,41450,06000,종교시설,10대 이하,104
43,충북,43114,Z8000,교육연구및복지시설,51-100대,153
26,부산,26200,15000,숙박시설,100대 이상,153
48,경남,48129,08000,운수시설,11-20대,20
51,강원,51110,Z5000,문화및집회시설,11-20대,17
45,전북,45750,03000,제1종근린생활시설,21-50대,177
28,인천,28200,01000,단독주택,11-20대,658
43,충북,43111,03000,제1종근린생활시설,100대 이상,326
41,경기,41310,Z9000,공공용시설,10대 이하,4
27,대구,27710,Z5000,문화및집회시설,10대 이하,18
45,전북,45750,10000,교육연구시설,11-20대,47
41,경기,41820,18000,창고시설,21-50대,25
30,대전,30110,14000,업무시설,10대 이하,49
43,충북,43760,04000,제2종근린생활시설,11-20대,81
36,세종,36110,22000,분뇨.쓰레기처리시설,100대 이상,438
41,경기,41287,06000,종교시설,51-100대,98
48,경남,48860,04000,제2종근린생활시설,11-20대,55
11,서울,11530,Z6000,판매및영업시설,10대 이하,1
29,광주,29140,15000,숙박시설,21-50대,610
11,서울,11650,07000,판매시설,51-100대,121
48,경남,48820,19000,위험물저장및처리시설,100대 이상,2088
41,경기,41220,02000,공동주택,11-20대,4810
43,충북,43130,24000,방송통신시설,10대 이하,16
41,경기,41590,20000,자동차관련시설,51-100대,2209
43,충북,43111,17000,공장,11-20대,174
45,전북,45111,16000,위락시설,10대 이하,26
41,경기,41135,20000,자동차관련시설,51-100대,959
51,강원,51130,10000,교육연구시설,100대 이상,26667
47,경북,47920,01000,단독주택,10대 이하,487
44,충남,44250,20000,자동차관련시설,11-20대,12
51,강원,51150,25000,발전시설,10대 이하,19
47,경북,47170,24000,방송통신시설,10대 이하,7
46,전남,46840,02000,공동주택,10대 이하,119
46,전남,46110,10000,교육연구시설,100대 이상,1266
46,전남,46130,12000,수련시설,100대 이상,286
48,경남,48820,30000,자원순환관련시설,21-50대,52
28,인천,28237,22000,분뇨.쓰레기처리시설,10대 이하,5
27,대구,27230,Z3000,근린생활시설,10대 이하,75
27,대구,27290,04000,제2종근린생활시설,21-50대,1145
51,강원,51790,23000,교정및군사시설,100대 이상,14704
51,강원,51130,07000,판매시설,10대 이하,20
30,대전,30110,16000,위락시설,11-20대,30
51,강원,51830,02000,공동주택,21-50대,495
48,경남,48250,Z3000,근린생활시설,10대 이하,32
27,대구,27230,05000,문화및집회시설,10대 이하,27
41,경기,41173,21000,동물및식물관련시설,10대 이하,0
11,서울,11590,09000,의료시설,11-20대,41
30,대전,30140,,,11-20대,132
41,경기,41610,04000,제2종근린생활시설,51-100대,397
41,경기,41461,10000,교육연구시설,10대 이하,311
43,충북,43113,08000,운수시설,11-20대,12
43,충북,43770,03000,제1종근린생활시설,11-20대,428
51,강원,51720,09000,의료시설,10대 이하,8
26,부산,26530,01000,단독주택,10대 이하,925
47,경북,47840,19000,위험물저장및처리시설,21-50대,42
31,울산,31710,02000,공동주택,100대 이상,79361
44,충남,44760,09000,의료시설,51-100대,66
28,인천,28200,16000,위락시설,21-50대,156
26,부산,26200,17000,공장,11-20대,234
45,전북,45770,02000,공동주택,11-20대,112
30,대전,30140,07000,판매시설,100대 이상,3773
11,서울,11350,20000,자동차관련시설,21-50대,60
45,전북,45180,10000,교육연구시설,21-50대,498
29,광주,29110,05000,문화및집회시설,51-100대,66
41,경기,41113,18000,창고시설,11-20대,34
46,전남,46230,09000,의료시설,51-100대,178
44,충남,44250,11000,노유자시설,21-50대,24
44,충남,44825,02000,공동주택,51-100대,738
47,경북,47170,09000,의료시설,100대 이상,2814
41,경기,41113,14000,업무시설,51-100대,922
29,광주,29200,10000,교육연구시설,100대 이상,16993
41,경기,41590,26000,묘지관련시설,100대 이상,914
44,충남,44230,Z3000,근린생활시설,10대 이하,13
46,전남,46150,19000,위험물저장및처리시설,10대 이하,48
51,강원,51150,07000,판매시설,11-20대,42
51,강원,51720,Z6000,판매및영업시설,21-50대,300
51,강원,51810,14000,업무시설,10대 이하,13
43,충북,43770,10000,교육연구시설,100대 이상,879
27,대구,27140,04000,제2종근린생활시설,10대 이하,5403
45,전북,45190,12000,수련시설,21-50대,76
48,경남,48220,02000,공동주택,11-20대,591
47,경북,47130,12000,수련시설,21-50대,234
45,전북,45710,26000,묘지관련시설,100대 이상,439
46,전남,46710,13000,운동시설,21-50대,46
11,서울,11260,Z8000,교육연구및복지시설,21-50대,76
43,충북,43111,31000,야영장시설,10대 이하,27
44,충남,44790,14000,업무시설,100대 이상,412
28,인천,28110,13000,운동시설,10대 이하,19
28,인천,28177,04000,제2종근린생활시설,51-100대,162
41,경기,41190,06000,종교시설,10대 이하,276
46,전남,46230,04000,제2종근린생활시설,11-20대,276
41,경기,41117,11000,노유자시설,10대 이하,90
11,서울,11305,15000,숙박시설,11-20대,129
47,경북,47130,03000,제1종근린생활시설,21-50대,1005
43,충북,43730,33000,"국방,군사시설",10대 이하,0
30,대전,30110,13000,운동시설,51-100대,54
30,대전,30140,01000,단독주택,51-100대,300
30,대전,30110,09000,의료시설,21-50대,233
45,전북,45790,14000,업무시설,11-20대,16
46,전남,46840,14000,업무시설,10대 이하,56
41,경기,41670,20000,자동차관련시설,100대 이상,461
48,경남,48125,03000,제1종근린생활시설,10대 이하,1445
43,충북,43800,13000,운동시설,100대 이상,403
41,경기,41113,09000,의료시설,11-20대,24
51,강원,51780,23000,교정및군사시설,100대 이상,1178
11,서울,11380,13000,운동시설,100대 이상,118
44,충남,44200,23000,교정및군사시설,10대 이하,0
44,충남,44200,12000,수련시설,21-50대,33
47,경북,47830,11000,노유자시설,11-20대,15
45,전북,45710,Z8000,교육연구및복지시설,21-50대,57
48,경남,48240,11000,노유자시설,10대 이하,253
41,경기,41500,,,21-50대,22
41,경기,41360,26000,묘지관련시설,10대 이하,5
48,경남,48125,04000,제2종근린생활시설,51-100대,594
43,충북,43130,11000,노유자시설,11-20대,124
11,서울,11140,Z8000,교육연구및복지시설,100대 이상,948
27,대구,27110,11000,노유자시설,21-50대,73
47,경북,47170,16000,위락시설,21-50대,65
44,충남,44210,02000,공동주택,11-20대,986
11,서울,11230,11000,노유자시설,21-50대,25
45,전북,45210,,,21-50대,24
45,전북,45750,26000,묘지관련시설,100대 이상,438
41,경기,41480,06000,종교시설,51-100대,628
11,서울,11110,21000,동물및식물관련시설,10대 이하,1
41,경기,41220,11000,노유자시설,11-20대,267
48,경남,48250,26000,묘지관련시설,10대 이하,20
46,전남,46230,21000,동물및식물관련시설,21-50대,41
30,대전,30170,14000,업무시설,100대 이상,9928
11,서울,11500,18000,창고시설,11-20대,67
41,경기,41111,02000,공동주택,51-100대,2227
51,강원,51810,17000,공장,11-20대,12
46,전남,46790,16000,위락시설,11-20대,18
30,대전,30170,03000,제1종근린생활시설,100대 이상,1879
48,경남,48127,07000,판매시설,10대 이하,0
27,대구,27110,04000,제2종근린생활시설,11-20대,411
45,전북,45730,01000,단독주택,11-20대,43
26,부산,26440,21000,동물및식물관련시설,10대 이하,213
48,경남,48840,Z3000,근린생활시설,10대 이하,0
41,경기,41650,10000,교육연구시설,11-20대,79
44,충남,44790,20000,자동차관련시설,11-20대,16
26,부산,26470,20000,자동차관련시설,11-20대,32
41,경기,41290,18000,창고시설,10대 이하,15
43,충북,43760,02000,공동주택,10대 이하,197
11,서울,11350,24000,방송통신시설,11-20대,12
44,충남,44210,30000,자원순환관련시설,10대 이하,39
30,대전,30170,24000,방송통신시설,100대 이상,210
46,전남,46900,15000,숙박시설,11-20대,95
48,경남,48870,Z9000,공공용시설,10대 이하,0
48,경남,48170,30000,자원순환관련시설,10대 이하,37
41,경기,41150,07000,판매시설,21-50대,407
48,경남,48250,01000,단독주택,21-50대,165
46,전남,46820,16000,위락시설,10대 이하,9
46,전남,46830,02000,공동주택,21-50대,347
45,전북,45800,02000,공동주택,51-100대,415
11,서울,11320,09000,의료시설,51-100대,394
43,충북,43745,05000,문화및집회시설,21-50대,86
51,강원,51170,27000,관광휴게시설,100대 이상,110
51,강원,51720,33000,"국방,군사시설",11-20대,13
43,충북,43760,14000,업무시설,10대 이하,33
29,광주,29155,24000,방송통신시설,51-100대,75
51,강원,51150,04000,제2종근린생활시설,10대 이하,5585
41,경기,41610,19000,위험물저장및처리시설,10대 이하,199
44,충남,44131,22000,분뇨.쓰레기처리시설,10대 이하,21
27,대구,27710,01000,단독주택,10대 이하,11811
29,광주,29140,02000,공동주택,51-100대,1283
47,경북,47830,07000,판매시설,10대 이하,7
41,경기,41500,09000,의료시설,10대 이하,19
46,전남,46770,10000,교육연구시설,51-100대,161
47,경북,47290,13000,운동시설,21-50대,481
43,충북,43113,01000,단독주택,11-20대,3675
41,경기,41570,07000,판매시설,11-20대,104
11,서울,11380,05000,문화및집회시설,51-100대,143
41,경기,41210,02000,공동주택,10대 이하,5477
28,인천,28177,06000,종교시설,100대 이상,779
51,강원,51110,10000,교육연구시설,100대 이상,10979
47,경북,47830,19000,위험물저장및처리시설,21-50대,24
28,인천,28185,23000,교정및군사시설,21-50대,50
48,경남,48129,23000,교정및군사시설,10대 이하,58
47,경북,47170,19000,위험물저장및처리시설,10대 이하,50
46,전남,46780,23000,교정및군사시설,10대 이하,0
28,인천,28185,30000,자원순환관련시설,10대 이하,58
51,강원,51150,11000,노유자시설,21-50대,119
47,경북,47113,02000,공동주택,10대 이하,1073
11,서울,11170,20000,자동차관련시설,10대 이하,48
41,경기,41463,14000,업무시설,21-50대,1429
28,인천,28200,20000,자동차관련시설,100대 이상,2407
46,전남,46800,29000,장례시설,21-50대,23
31,울산,31140,07000,판매시설,11-20대,61
51,강원,51130,26000,묘지관련시설,51-100대,70
41,경기,41670,11000,노유자시설,21-50대,229
28,인천,28245,07000,판매시설,11-20대,56
44,충남,44770,09000,의료시설,10대 이하,0
45,전북,45730,19000,위험물저장및처리시설,10대 이하,3
43,충북,43720,02000,공동주택,100대 이상,2348
45,전북,45730,30000,자원순환관련시설,10대 이하,9
44,충남,44131,Z8000,교육연구및복지시설,10대 이하,16
47,경북,47760,18000,창고시설,10대 이하,26
26,부산,26380,04000,제2종근린생활시설,21-50대,757
29,광주,29200,14000,업무시설,51-100대,1149
11,서울,11740,21000,동물및식물관련시설,10대 이하,0
41,경기,41480,03000,제1종근린생활시설,10대 이하,7853
46,전남,46130,17000,공장,21-50대,1148
48,경남,48170,27000,관광휴게시설,10대 이하,0
0,0,0,17000,공장,10대 이하,0
11,서울,11350,20000,자동차관련시설,11-20대,17
51,강원,51830,19000,위험물저장및처리시설,51-100대,138
28,인천,28245,07000,판매시설,100대 이상,3655
45,전북,45130,20000,자동차관련시설,11-20대,92
26,부산,26110,04000,제2종근린생활시설,10대 이하,345
27,대구,27140,10000,교육연구시설,100대 이상,937515
51,강원,51800,01000,단독주택,11-20대,65
47,경북,47900,Z5000,문화및집회시설,10대 이하,0
28,인천,28140,Z3000,근린생활시설,10대 이하,0
47,경북,47920,27000,관광휴게시설,10대 이하,0
41,경기,41820,17000,공장,10대 이하,486
45,전북,45113,04000,제2종근린생활시설,10대 이하,7276
30,대전,30170,11000,노유자시설,21-50대,186
46,전남,46840,Z8000,교육연구및복지시설,11-20대,14
41,경기,41820,14000,업무시설,10대 이하,45
41,경기,41111,17000,공장,10대 이하,4
41,경기,41610,09000,의료시설,11-20대,20
45,전북,45800,06000,종교시설,21-50대,30
41,경기,41830,22000,분뇨.쓰레기처리시설,21-50대,23
27,대구,27110,10000,교육연구시설,11-20대,62
47,경북,47930,27000,관광휴게시설,51-100대,67
29,광주,29110,10000,교육연구시설,11-20대,149
41,경기,41173,25000,발전시설,10대 이하,5
43,충북,43112,09000,의료시설,51-100대,569
44,충남,44210,20000,자동차관련시설,100대 이상,113
46,전남,46110,16000,위락시설,10대 이하,84
26,부산,26290,27000,관광휴게시설,21-50대,22
46,전남,46720,21000,동물및식물관련시설,10대 이하,17
30,대전,30110,02000,공동주택,100대 이상,57246
46,전남,46800,25000,발전시설,10대 이하,0
41,경기,41590,30000,자원순환관련시설,11-20대,419
51,강원,51210,30000,자원순환관련시설,51-100대,171
47,경북,47150,09000,의료시설,51-100대,65
11,서울,11590,10000,교육연구시설,100대 이상,11844
29,광주,29200,04000,제2종근린생활시설,21-50대,1392
45,전북,45790,12000,수련시설,11-20대,17
51,강원,51720,04000,제2종근린생활시설,11-20대,211
44,충남,44133,11000,노유자시설,100대 이상,1429
45,전북,45140,06000,종교시설,10대 이하,334
45,전북,45800,13000,운동시설,10대 이하,17
48,경남,48850,10000,교육연구시설,11-20대,22
26,부산,26530,04000,제2종근린생활시설,21-50대,462
41,경기,41281,09000,의료시설,51-100대,142
41,경기,41670,07000,판매시설,100대 이상,44575
46,전남,46130,14000,업무시설,51-100대,1100
48,경남,48123,11000,노유자시설,21-50대,99
41,경기,41210,19000,위험물저장및처리시설,10대 이하,63
43,충북,43113,14200,일반업무시설,10대 이하,5
11,서울,11740,Z6000,판매및영업시설,100대 이상,286
48,경남,48250,30000,자원순환관련시설,51-100대,64
47,경북,47130,05000,문화및집회시설,10대 이하,63
51,강원,51770,07000,판매시설,51-100대,62
41,경기,41190,11000,노유자시설,100대 이상,357
31,울산,31710,14000,업무시설,51-100대,785
41,경기,41570,20000,자동차관련시설,21-50대,667
44,충남,44770,11000,노유자시설,51-100대,60
11,서울,11200,15000,숙박시설,21-50대,69
41,경기,41173,07000,판매시설,11-20대,28
51,강원,51720,12000,수련시설,21-50대,227
48,경남,48330,27000,관광휴게시설,21-50대,21
47,경북,47750,11000,노유자시설,51-100대,54
46,전남,46840,10000,교육연구시설,51-100대,752
43,충북,43750,15000,숙박시설,21-50대,311
43,충북,43130,02000,공동주택,11-20대,763
50,제주,50130,01000,단독주택,10대 이하,20804
48,경남,48240,17000,공장,10대 이하,1458
50,제주,50130,09000,의료시설,10대 이하,1
41,경기,41830,27000,관광휴게시설,100대 이상,1998
28,인천,28177,Z8000,교육연구및복지시설,100대 이상,384
41,경기,41135,11000,노유자시설,51-100대,475
47,경북,47290,16000,위락시설,11-20대,12
51,강원,51750,25000,발전시설,10대 이하,2
44,충남,44760,03000,제1종근린생활시설,10대 이하,458
28,인천,28200,02000,공동주택,100대 이상,200432
11,서울,11500,,,10대 이하,8
45,전북,45130,18000,창고시설,51-100대,114
45,전북,45770,30000,자원순환관련시설,10대 이하,6
48,경남,48250,26000,묘지관련시설,51-100대,68
11,서울,11740,16000,위락시설,21-50대,25
46,전남,46150,13000,운동시설,100대 이상,5109
11,서울,11305,20000,자동차관련시설,100대 이상,1285
47,경북,47170,27000,관광휴게시설,11-20대,60
26,부산,26470,20000,자동차관련시설,51-100대,130
26,부산,26530,09000,의료시설,11-20대,71
48,경남,48123,18000,창고시설,10대 이하,27
43,충북,43114,11000,노유자시설,51-100대,54
28,인천,28200,09000,의료시설,51-100대,271
44,충남,44133,08000,운수시설,100대 이상,119
41,경기,41171,23000,교정및군사시설,10대 이하,9
43,충북,43130,07000,판매시설,51-100대,126
27,대구,27140,06000,종교시설,10대 이하,360
47,경북,47930,09000,의료시설,10대 이하,6
11,서울,11650,27000,관광휴게시설,10대 이하,3
51,강원,51730,19000,위험물저장및처리시설,10대 이하,28
26,부산,26170,07000,판매시설,100대 이상,834
27,대구,27230,03000,제1종근린생활시설,100대 이상,1407
27,대구,27140,,,100대 이상,120
47,경북,47900,05000,문화및집회시설,51-100대,87
51,강원,51820,22000,분뇨.쓰레기처리시설,10대 이하,8
47,경북,47750,13000,운동시설,11-20대,80
43,충북,43130,15000,숙박시설,100대 이상,847
41,경기,41430,13000,운동시설,21-50대,142
43,충북,43730,13000,운동시설,11-20대,95
51,강원,51790,12000,수련시설,11-20대,34
46,전남,46770,21000,동물및식물관련시설,11-20대,37
11,서울,11710,09000,의료시설,21-50대,762
26,부산,26440,17000,공장,11-20대,7543
11,서울,11170,01000,단독주택,11-20대,199
48,경남,48850,30000,자원순환관련시설,11-20대,16
45,전북,45130,24000,방송통신시설,21-50대,46
48,경남,48240,31000,야영장시설,10대 이하,41
30,대전,30200,14000,업무시설,100대 이상,9423
51,강원,51130,Z8000,교육연구및복지시설,10대 이하,35
47,경북,47820,03000,제1종근린생활시설,11-20대,159
41,경기,41281,08000,운수시설,21-50대,92
51,강원,51820,05000,문화및집회시설,10대 이하,38
11,서울,11230,07000,판매시설,21-50대,138
41,경기,41430,26000,묘지관련시설,10대 이하,0
44,충남,44150,20000,자동차관련시설,10대 이하,52
26,부산,26470,22000,분뇨.쓰레기처리시설,10대 이하,0
28,인천,28237,04000,제2종근린생활시설,21-50대,1159
45,전북,45790,19000,위험물저장및처리시설,10대 이하,27
46,전남,46870,13000,운동시설,10대 이하,15
48,경남,48720,Z5000,문화및집회시설,10대 이하,0
43,충북,43720,21000,동물및식물관련시설,10대 이하,20
51,강원,51750,21000,동물및식물관련시설,10대 이하,32
51,강원,51110,17000,공장,51-100대,1082
46,전남,46790,,,51-100대,60
41,경기,41500,17000,공장,11-20대,2273
46,전남,46730,10000,교육연구시설,10대 이하,53
41,경기,41390,24000,방송통신시설,21-50대,22
44,충남,44270,25000,발전시설,100대 이상,10897
31,울산,31200,01000,단독주택,51-100대,71
48,경남,48170,18000,창고시설,51-100대,54
26,부산,26710,26000,묘지관련시설,100대 이상,511
47,경북,47920,13000,운동시설,21-50대,36
47,경북,47930,22000,분뇨.쓰레기처리시설,10대 이하,17
29,광주,29110,Z5000,문화및집회시설,21-50대,21
47,경북,47230,JY,,10대 이하,0
31,울산,31110,03000,제1종근린생활시설,21-50대,859
43,충북,43730,20000,자동차관련시설,10대 이하,46
11,서울,11500,20000,자동차관련시설,100대 이상,7156
43,충북,43770,05000,문화및집회시설,10대 이하,44
48,경남,48129,10000,교육연구시설,100대 이상,156
11,서울,11170,06000,종교시설,10대 이하,155
46,전남,46800,11000,노유자시설,51-100대,51
48,경남,48240,30000,자원순환관련시설,100대 이상,124
43,충북,43112,01000,단독주택,21-50대,91
11,서울,11440,03000,제1종근린생활시설,11-20대,524
44,충남,44133,,,11-20대,47
11,서울,11530,09000,의료시설,11-20대,48
50,제주,50110,JY,,10대 이하,2
50,제주,50130,창고,,10대 이하,0
30,대전,30140,08000,운수시설,51-100대,71
30,대전,30230,04000,제2종근린생활시설,51-100대,174
41,경기,41410,,,51-100대,236
46,전남,46110,14000,업무시설,21-50대,1097
47,경북,47900,17000,공장,100대 이상,975
31,울산,31170,14000,업무시설,51-100대,172
36,세종,36110,07000,판매시설,10대 이하,3
28,인천,28177,15000,숙박시설,11-20대,386
44,충남,44150,09000,의료시설,51-100대,80
45,전북,45113,21000,동물및식물관련시설,10대 이하,23
51,강원,51770,17000,공장,21-50대,265
11,서울,11680,09000,의료시설,100대 이상,4216
51,강원,51790,05000,문화및집회시설,51-100대,196
41,경기,41590,25000,발전시설,100대 이상,3192
46,전남,46800,09000,의료시설,51-100대,120
41,경기,41281,09000,의료시설,100대 이상,650
44,충남,44131,18000,창고시설,10대 이하,628
41,경기,41173,12000,수련시설,100대 이상,150
43,충북,43111,18000,창고시설,10대 이하,161
44,충남,44800,15000,숙박시설,11-20대,110
45,전북,45130,16000,위락시설,11-20대,82
45,전북,45720,24000,방송통신시설,10대 이하,0
28,인천,28110,Z5000,문화및집회시설,10대 이하,7
43,충북,43113,06000,종교시설,11-20대,219
48,경남,48820,22000,분뇨.쓰레기처리시설,11-20대,52
45,전북,45180,03000,제1종근린생활시설,21-50대,371
46,전남,46770,14000,업무시설,11-20대,68
46,전남,46150,03000,제1종근린생활시설,100대 이상,1128
45,전북,45113,11000,노유자시설,51-100대,93
45,전북,45111,06000,종교시설,11-20대,514
48,경남,48870,18000,창고시설,10대 이하,42
51,강원,51730,27000,관광휴게시설,100대 이상,1918
51,강원,51770,01000,단독주택,21-50대,107
47,경북,47290,09000,의료시설,51-100대,171
51,강원,51830,04000,제2종근린생활시설,21-50대,164
41,경기,41220,15000,숙박시설,21-50대,688
41,경기,41570,Z8000,교육연구및복지시설,10대 이하,3
44,충남,44270,18000,창고시설,10대 이하,490
26,부산,26320,10000,교육연구시설,21-50대,1546
27,대구,27110,03000,제1종근린생활시설,11-20대,547
43,충북,43760,01000,단독주택,100대 이상,112
26,부산,26350,10000,교육연구시설,10대 이하,187
46,전남,46880,13000,운동시설,51-100대,91
47,경북,47730,09000,의료시설,51-100대,201
43,충북,43130,21000,동물및식물관련시설,100대 이상,161
31,울산,31110,20000,자동차관련시설,11-20대,20
45,전북,45210,11000,노유자시설,100대 이상,194
46,전남,46860,27000,관광휴게시설,100대 이상,1482
44,충남,44825,22000,분뇨.쓰레기처리시설,10대 이하,11
51,강원,51210,20000,자동차관련시설,21-50대,98
27,대구,27710,15000,숙박시설,51-100대,122
41,경기,41463,,,51-100대,118
48,경남,48170,06000,종교시설,21-50대,477
48,경남,48123,05000,문화및집회시설,11-20대,18
45,전북,45111,01000,단독주택,11-20대,3248
41,경기,41590,11000,노유자시설,100대 이상,264
29,광주,29170,04000,제2종근린생활시설,21-50대,852
41,경기,41370,Z8000,교육연구및복지시설,21-50대,97
11,서울,11590,15000,숙박시설,10대 이하,24
41,경기,41461,20000,자동차관련시설,100대 이상,2207
51,강원,51130,13000,운동시설,100대 이상,15540
31,울산,31140,01000,단독주택,100대 이상,192
11,서울,11305,08000,운수시설,10대 이하,8
30,대전,30200,20000,자동차관련시설,10대 이하,143
41,경기,41610,29000,장례시설,100대 이상,142
46,전남,46780,15000,숙박시설,21-50대,84
41,경기,41480,10000,교육연구시설,11-20대,166
44,충남,44710,03000,제1종근린생활시설,21-50대,1099
48,경남,48129,18000,창고시설,10대 이하,50
51,강원,51170,05000,문화및집회시설,10대 이하,17
47,경북,47840,11000,노유자시설,10대 이하,71
51,강원,51110,30000,자원순환관련시설,11-20대,36
51,강원,51230,09000,의료시설,10대 이하,12
11,서울,11560,14000,업무시설,21-50대,7731
28,인천,28245,06000,종교시설,100대 이상,418
27,대구,27290,03000,제1종근린생활시설,51-100대,1483
47,경북,47250,,,21-50대,72
44,충남,44180,05000,문화및집회시설,100대 이상,688
45,전북,45111,13000,운동시설,21-50대,241
51,강원,51790,27000,관광휴게시설,21-50대,58
11,서울,11530,07000,판매시설,11-20대,30
43,충북,43800,15000,숙박시설,11-20대,91
41,경기,41465,27000,관광휴게시설,100대 이상,103
44,충남,44800,04000,제2종근린생활시설,11-20대,361
46,전남,46730,26000,묘지관련시설,21-50대,26
48,경남,48170,06000,종교시설,100대 이상,229
26,부산,26380,09000,의료시설,51-100대,771
28,인천,28185,20000,자동차관련시설,100대 이상,1270
26,부산,26320,18000,창고시설,11-20대,13
51,강원,51780,07000,판매시설,10대 이하,14
11,서울,11140,03000,제1종근린생활시설,51-100대,60
11,서울,11410,14000,업무시설,11-20대,328
41,경기,41630,22000,분뇨.쓰레기처리시설,100대 이상,248
47,경북,47930,15000,숙박시설,100대 이상,257
51,강원,51720,04999,기타제2종근린생활시설,10대 이하,4
28,인천,28200,13000,운동시설,21-50대,73
11,서울,11215,10000,교육연구시설,11-20대,216
43,충북,43130,04000,제2종근린생활시설,10대 이하,3685
44,충남,44250,15000,숙박시설,10대 이하,85
50,제주,50130,18000,창고시설,51-100대,1069
26,부산,26320,24000,방송통신시설,51-100대,52
47,경북,47190,04201,교회,10대 이하,0
30,대전,30200,10000,교육연구시설,11-20대,728
47,경북,47770,27000,관광휴게시설,21-50대,48
47,경북,47730,03000,제1종근린생활시설,100대 이상,105
36,세종,36110,01000,단독주택,100대 이상,2480
26,부산,26110,10000,교육연구시설,10대 이하,46
45,전북,45130,01000,단독주택,11-20대,3681
30,대전,30200,07000,판매시설,21-50대,215
43,충북,43770,11000,노유자시설,51-100대,75
26,부산,26170,10000,교육연구시설,100대 이상,123
51,강원,51130,,,100대 이상,26410
47,경북,47290,31000,야영장시설,10대 이하,12
51,강원,51830,10000,교육연구시설,51-100대,291
51,강원,51770,03000,제1종근린생활시설,11-20대,203
26,부산,26710,03000,제1종근린생활시설,11-20대,819
29,광주,29140,21000,동물및식물관련시설,10대 이하,16
44,충남,44133,11000,노유자시설,21-50대,97
41,경기,41210,11000,노유자시설,51-100대,67
47,경북,47210,25000,발전시설,10대 이하,0
41,경기,41113,15000,숙박시설,51-100대,55
47,경북,47760,19000,위험물저장및처리시설,10대 이하,2
11,서울,11590,13000,운동시설,21-50대,98
27,대구,27200,24000,방송통신시설,51-100대,80
41,경기,41190,20000,자동차관련시설,11-20대,184
11,서울,11500,09000,의료시설,11-20대,133
45,전북,45800,07000,판매시설,51-100대,66
11,서울,11560,15000,숙박시설,51-100대,66
26,부산,26500,01000,단독주택,10대 이하,2232
27,대구,27710,19000,위험물저장및처리시설,10대 이하,101
47,경북,47190,22000,분뇨.쓰레기처리시설,51-100대,79
43,충북,43770,Z3000,근린생활시설,10대 이하,3
48,경남,48310,20000,자동차관련시설,11-20대,56
41,경기,41190,14000,업무시설,21-50대,2701
45,전북,45190,05000,문화및집회시설,51-100대,99
44,충남,44760,10000,교육연구시설,100대 이상,2916
46,전남,46720,08000,운수시설,10대 이하,10
41,경기,41133,26000,묘지관련시설,51-100대,180
46,전남,46910,09000,의료시설,10대 이하,14
30,대전,30110,05000,문화및집회시설,100대 이상,2050
48,경남,48310,10000,교육연구시설,100대 이상,1314
41,경기,41117,01000,단독주택,11-20대,1502
11,서울,11530,03000,제1종근린생활시설,11-20대,737
41,경기,41190,07000,판매시설,10대 이하,0
26,부산,26110,13000,운동시설,11-20대,16
43,충북,43114,,,11-20대,20
44,충남,44790,11000,노유자시설,10대 이하,81
28,인천,28110,Z8000,교육연구및복지시설,51-100대,325
48,경남,48127,10000,교육연구시설,100대 이상,2527
27,대구,27290,07000,판매시설,100대 이상,4144
46,전남,46820,17000,공장,11-20대,116
47,경북,47130,17000,공장,51-100대,4919
41,경기,41830,Z5000,문화및집회시설,11-20대,36
41,경기,41390,10000,교육연구시설,21-50대,2807
31,울산,31140,02000,공동주택,100대 이상,141307
47,경북,47850,16000,위락시설,10대 이하,43
51,강원,51830,,,100대 이상,2130
29,광주,29170,10000,교육연구시설,51-100대,1321
47,경북,47113,11000,노유자시설,21-50대,172
31,울산,31140,18000,창고시설,10대 이하,286
41,경기,41630,31000,야영장시설,51-100대,55
44,충남,44810,13000,운동시설,10대 이하,7
43,충북,43130,03000,제1종근린생활시설,10대 이하,2381
44,충남,44270,09000,의료시설,21-50대,168
26,부산,26140,20000,자동차관련시설,51-100대,70
31,울산,31710,30000,자원순환관련시설,100대 이상,905
51,강원,51810,09000,의료시설,100대 이상,110
41,경기,41830,02000,공동주택,11-20대,1095
26,부산,26380,15000,숙박시설,21-50대,121
27,대구,27720,05000,문화및집회시설,21-50대,44
46,전남,46720,18000,창고시설,11-20대,54
48,경남,48890,11000,노유자시설,10대 이하,73
47,경북,47150,20000,자동차관련시설,11-20대,49
41,경기,41271,11000,노유자시설,21-50대,96
43,충북,43760,13000,운동시설,11-20대,100
44,충남,44230,26000,묘지관련시설,10대 이하,3
41,경기,41590,JY,,100대 이상,108
45,전북,45710,10000,교육연구시설,100대 이상,17942
50,제주,50130,05000,문화및집회시설,11-20대,123
46,전남,46730,21000,동물및식물관련시설,51-100대,64
44,충남,44230,02000,공동주택,51-100대,1009
47,경북,47113,Z8000,교육연구및복지시설,10대 이하,0
47,경북,47190,Z6000,판매및영업시설,11-20대,15
51,강원,51770,26000,묘지관련시설,10대 이하,2
47,경북,47820,18000,창고시설,51-100대,53
46,전남,46840,17000,공장,10대 이하,647
44,충남,44230,Z8000,교육연구및복지시설,21-50대,29
47,경북,47730,01000,단독주택,10대 이하,1109
30,대전,30200,21000,동물및식물관련시설,10대 이하,79
51,강원,51720,24000,방송통신시설,21-50대,27
48,경남,48125,13000,운동시설,100대 이상,223
48,경남,48860,09000,의료시설,51-100대,154
46,전남,46820,05000,문화및집회시설,10대 이하,32
48,경남,48870,18000,창고시설,21-50대,45
44,충남,44270,11000,노유자시설,51-100대,278
51,강원,51770,Z9000,공공용시설,10대 이하,0
11,서울,11470,10000,교육연구시설,10대 이하,249
41,경기,41480,02000,공동주택,100대 이상,243324
29,광주,29155,09000,의료시설,100대 이상,1053
43,충북,43111,06000,종교시설,51-100대,360
44,충남,44810,15000,숙박시설,10대 이하,147
46,전남,46150,17000,공장,21-50대,1154
47,경북,47111,14000,업무시설,51-100대,525
28,인천,28200,06000,종교시설,51-100대,632
29,광주,29170,09000,의료시설,11-20대,148
46,전남,46770,04000,제2종근린생활시설,11-20대,176
28,인천,28185,,,51-100대,65
41,경기,41133,,,10대 이하,23
41,경기,41190,07000,판매시설,21-50대,173
41,경기,41630,21000,동물및식물관련시설,100대 이상,135
41,경기,41430,07000,판매시설,100대 이상,3192
48,경남,48730,04100,운동시설,10대 이하,0
46,전남,46130,02000,공동주택,100대 이상,164320
41,경기,41171,07000,판매시설,11-20대,82
48,경남,48240,26000,묘지관련시설,11-20대,17
41,경기,41410,09000,의료시설,51-100대,281
48,경남,48330,30000,자원순환관련시설,11-20대,63
30,대전,30200,33000,"국방,군사시설",10대 이하,0
47,경북,47830,31000,야영장시설,10대 이하,3
47,경북,47290,13000,운동시설,11-20대,167
41,경기,41670,01000,단독주택,10대 이하,6840
43,충북,43800,Z8000,교육연구및복지시설,10대 이하,1
44,충남,44825,04000,제2종근린생활시설,51-100대,57
11,서울,11350,Z3000,근린생활시설,100대 이상,479
41,경기,41430,Z8000,교육연구및복지시설,21-50대,50
47,경북,47170,26000,묘지관련시설,10대 이하,0
11,서울,11230,02000,공동주택,51-100대,4511
29,광주,29170,,,51-100대,185
41,경기,41480,07000,판매시설,11-20대,16
47,경북,47113,,,10대 이하,34
30,대전,30230,10000,교육연구시설,51-100대,1413
31,울산,31140,20000,자동차관련시설,10대 이하,208
45,전북,45210,21000,동물및식물관련시설,11-20대,24
28,인천,28185,23000,교정및군사시설,10대 이하,9
26,부산,26470,03000,제1종근린생활시설,21-50대,906
48,경남,48220,06000,종교시설,10대 이하,153
11,서울,11230,05000,문화및집회시설,51-100대,153
47,경북,47111,19000,위험물저장및처리시설,10대 이하,136
41,경기,41463,22000,분뇨.쓰레기처리시설,10대 이하,57
11,서울,11560,24000,방송통신시설,51-100대,130
41,경기,41113,11000,노유자시설,11-20대,134
45,전북,45180,18000,창고시설,10대 이하,763
48,경남,48890,20000,자동차관련시설,10대 이하,3
51,강원,51730,11000,노유자시설,10대 이하,123
47,경북,47113,04000,제2종근린생활시설,11-20대,599
47,경북,47290,,,10대 이하,23
43,충북,43800,10000,교육연구시설,100대 이상,120
51,강원,51230,14000,업무시설,10대 이하,46
47,경북,47820,04000,제2종근린생활시설,11-20대,56
51,강원,51810,02000,공동주택,11-20대,293
43,충북,43150,02000,공동주택,21-50대,462
44,충남,44150,31000,야영장시설,10대 이하,271
41,경기,41190,19000,위험물저장및처리시설,10대 이하,173
27,대구,27720,18000,창고시설,10대 이하,329
41,경기,41550,17000,공장,51-100대,2548
48,경남,48127,20000,자동차관련시설,10대 이하,146
47,경북,47940,23000,교정및군사시설,10대 이하,20
11,서울,11560,14000,업무시설,100대 이상,36990
44,충남,44200,16000,위락시설,10대 이하,89
45,전북,45190,02000,공동주택,10대 이하,51
51,강원,51150,13000,운동시설,100대 이상,1537
26,부산,26410,06000,종교시설,21-50대,251
51,강원,51770,02000,공동주택,11-20대,129
45,전북,45111,17000,공장,100대 이상,204
43,충북,43114,13000,운동시설,51-100대,544
41,경기,41800,23000,교정및군사시설,100대 이상,4928
29,광주,29140,22000,분뇨.쓰레기처리시설,10대 이하,16
44,충남,44200,21000,동물및식물관련시설,51-100대,52
26,부산,26230,07000,판매시설,21-50대,218
26,부산,26290,30000,자원순환관련시설,11-20대,27
46,전남,46880,23000,교정및군사시설,21-50대,30
28,인천,28237,07000,판매시설,10대 이하,0
11,서울,11305,10000,교육연구시설,21-50대,312
11,서울,11290,07000,판매시설,100대 이상,1439
44,충남,44150,13000,운동시설,11-20대,20
11,서울,11650,11000,노유자시설,21-50대,21
11,서울,11590,19000,위험물저장및처리시설,10대 이하,23
51,강원,51820,03000,제1종근린생활시설,100대 이상,526
44,충남,44800,31000,야영장시설,10대 이하,1
45,전북,45111,10000,교육연구시설,11-20대,173
11,서울,11500,13000,운동시설,10대 이하,7
41,경기,41133,06000,종교시설,10대 이하,59
28,인천,28237,Z8000,교육연구및복지시설,21-50대,580
47,경북,47170,27000,관광휴게시설,21-50대,30
29,광주,29200,Z3000,근린생활시설,11-20대,11
41,경기,41800,02000,공동주택,21-50대,679
46,전남,46710,22000,분뇨.쓰레기처리시설,11-20대,13
51,강원,51820,14000,업무시설,51-100대,261
41,경기,41370,05000,문화및집회시설,21-50대,113
45,전북,45130,Z8000,교육연구및복지시설,21-50대,75
45,전북,45730,10000,교육연구시설,100대 이상,949
30,대전,30170,14000,업무시설,21-50대,1933
45,전북,45770,03000,제1종근린생활시설,21-50대,508
11,서울,11710,20000,자동차관련시설,21-50대,296
41,경기,41171,07000,판매시설,100대 이상,1078
43,충북,43750,Z3000,근린생활시설,10대 이하,9
51,강원,51830,06000,종교시설,11-20대,58
46,전남,46840,Z8000,교육연구및복지시설,21-50대,43
28,인천,28720,23000,교정및군사시설,10대 이하,14
43,충북,43745,10000,교육연구시설,10대 이하,8
28,인천,28200,18000,창고시설,21-50대,128
11,서울,11710,06000,종교시설,21-50대,663
28,인천,28185,27000,관광휴게시설,100대 이상,288
41,경기,41273,17000,공장,100대 이상,51426
43,충북,43150,05000,문화및집회시설,11-20대,49
41,경기,41630,31000,야영장시설,11-20대,75
44,충남,44800,03000,제1종근린생활시설,10대 이하,1298
36,세종,36110,13000,운동시설,100대 이상,5050
11,서울,11260,10000,교육연구시설,11-20대,140
41,경기,41570,23000,교정및군사시설,10대 이하,38
48,경남,48121,Z5000,문화및집회시설,10대 이하,8
31,울산,31170,11000,노유자시설,10대 이하,167
46,전남,46730,Z8000,교육연구및복지시설,10대 이하,6
26,부산,26440,10000,교육연구시설,10대 이하,137
48,경남,48850,22000,분뇨.쓰레기처리시설,10대 이하,10
46,전남,46840,20000,자동차관련시설,21-50대,154
47,경북,47850,03000,제1종근린생활시설,100대 이상,506
41,경기,41430,06000,종교시설,51-100대,249
26,부산,26170,20000,자동차관련시설,21-50대,305
43,충북,43745,21000,동물및식물관련시설,10대 이하,29
11,서울,11545,17000,공장,100대 이상,39412
28,인천,28245,10000,교육연구시설,21-50대,626
48,경남,48820,04000,제2종근린생활시설,10대 이하,803
44,충남,44230,,,10대 이하,59
44,충남,44210,23000,교정및군사시설,100대 이상,624
44,충남,44230,14000,업무시설,51-100대,348
48,경남,48720,10000,교육연구시설,11-20대,14
48,경남,48270,09000,의료시설,11-20대,32
48,경남,48860,01000,단독주택,21-50대,68
46,전남,46150,27000,관광휴게시설,100대 이상,921
41,경기,41271,09000,의료시설,10대 이하,17
43,충북,43114,13000,운동시설,11-20대,70
31,울산,31140,25000,발전시설,100대 이상,6503
41,경기,41450,30000,자원순환관련시설,100대 이상,2680
26,부산,26350,20000,자동차관련시설,10대 이하,74
28,인천,28245,04000,제2종근린생활시설,100대 이상,563
48,경남,48330,15000,숙박시설,11-20대,472
11,서울,11650,09000,의료시설,51-100대,180
51,강원,51190,29000,장례시설,10대 이하,8
51,강원,51130,07000,판매시설,51-100대,304
41,경기,41670,20000,자동차관련시설,11-20대,69
26,부산,26380,13000,운동시설,10대 이하,9
11,서울,11320,17000,공장,10대 이하,48
48,경남,48310,03000,제1종근린생활시설,10대 이하,2429
51,강원,51830,22000,분뇨.쓰레기처리시설,21-50대,30
26,부산,26470,02000,공동주택,51-100대,2333
29,광주,29200,07000,판매시설,51-100대,202
41,경기,41131,31000,야영장시설,21-50대,108
47,경북,47930,09000,의료시설,11-20대,12
48,경남,48240,19000,위험물저장및처리시설,11-20대,37
26,부산,26710,03000,제1종근린생활시설,51-100대,754
46,전남,46710,17000,공장,100대 이상,316
43,충북,43760,30000,자원순환관련시설,10대 이하,30
11,서울,11320,13000,운동시설,51-100대,261
48,경남,48125,15000,숙박시설,11-20대,235
41,경기,41410,02000,공동주택,11-20대,2214
47,경북,47150,30000,자원순환관련시설,100대 이상,164
44,충남,44150,20000,자동차관련시설,100대 이상,577
11,서울,11200,17000,공장,100대 이상,8261
43,충북,43720,04000,제2종근린생활시설,21-50대,155
28,인천,28200,18000,창고시설,100대 이상,283
41,경기,41480,07000,판매시설,21-50대,262
29,광주,29155,05000,문화및집회시설,21-50대,154
28,인천,28260,18000,창고시설,100대 이상,16207
43,충북,43770,09000,의료시설,10대 이하,0
31,울산,31140,10000,교육연구시설,51-100대,1005
46,전남,46770,Z8000,교육연구및복지시설,10대 이하,2
29,광주,29170,04000,제2종근린생활시설,11-20대,1489
45,전북,45210,13000,운동시설,21-50대,570
51,강원,51730,20000,자동차관련시설,11-20대,18
41,경기,41463,30000,자원순환관련시설,21-50대,96
11,서울,11650,14000,업무시설,51-100대,7343
43,충북,43130,14000,업무시설,100대 이상,1326
30,대전,30200,Z8000,교육연구및복지시설,10대 이하,1
43,충북,43114,Z5000,문화및집회시설,10대 이하,0
45,전북,45720,07000,판매시설,21-50대,115
44,충남,44150,29000,장례시설,10대 이하,0
43,충북,43800,Z9000,공공용시설,10대 이하,0
44,충남,44133,23000,교정및군사시설,10대 이하,0
44,충남,44230,30000,자원순환관련시설,11-20대,24
47,경북,47111,12000,수련시설,10대 이하,0
46,전남,46830,07000,판매시설,51-100대,52
48,경남,48740,09000,의료시설,11-20대,56
46,전남,46900,,,100대 이상,328
51,강원,51770,27000,관광휴게시설,10대 이하,8
26,부산,26260,09000,의료시설,100대 이상,777
27,대구,27230,20000,자동차관련시설,10대 이하,205
28,인천,28260,04000,제2종근린생활시설,10대 이하,7566
46,전남,46830,06000,종교시설,11-20대,113
47,경북,47760,10000,교육연구시설,10대 이하,36
48,경남,48250,30000,자원순환관련시설,11-20대,329
45,전북,45140,07000,판매시설,11-20대,45
48,경남,48127,04000,제2종근린생활시설,11-20대,449
45,전북,45180,29000,장례시설,51-100대,53
45,전북,45800,14000,업무시설,51-100대,632
41,경기,41273,20000,자동차관련시설,21-50대,106
11,서울,11590,16000,위락시설,10대 이하,0
46,전남,46730,07000,판매시설,51-100대,357
41,경기,41480,Z8000,교육연구및복지시설,10대 이하,1
45,전북,45750,05000,문화및집회시설,10대 이하,3
48,경남,48121,10000,교육연구시설,11-20대,123
28,인천,28185,02000,공동주택,10대 이하,1727
46,전남,46790,15000,숙박시설,51-100대,120
47,경북,47920,26000,묘지관련시설,10대 이하,0
46,전남,46900,Z8000,교육연구및복지시설,10대 이하,2
26,부산,26350,03000,제1종근린생활시설,100대 이상,5324
46,전남,46800,17000,공장,11-20대,196
48,경남,48740,Z8000,교육연구및복지시설,21-50대,57
44,충남,44250,14000,업무시설,21-50대,163
46,전남,46170,04000,제2종근린생활시설,51-100대,439
47,경북,47113,23000,교정및군사시설,10대 이하,0
48,경남,48129,06000,종교시설,21-50대,124
27,대구,27200,09000,의료시설,100대 이상,1389
47,경북,47113,12000,수련시설,21-50대,38
41,경기,41250,24000,방송통신시설,10대 이하,0
46,전남,46150,08000,운수시설,10대 이하,17
50,제주,50130,33000,"국방,군사시설",10대 이하,0
28,인천,28185,04000,제2종근린생활시설,21-50대,1204
45,전북,45130,20000,자동차관련시설,51-100대,263
48,경남,48129,01000,단독주택,100대 이상,140
41,경기,41570,14000,업무시설,100대 이상,13542
30,대전,30110,05000,문화및집회시설,51-100대,55
26,부산,26110,06000,종교시설,11-20대,12
27,대구,27710,13000,운동시설,21-50대,155
44,충남,44150,19000,위험물저장및처리시설,51-100대,138
28,인천,28110,17000,공장,100대 이상,3140
45,전북,45140,18000,창고시설,21-50대,182
28,인천,28140,05000,문화및집회시설,21-50대,24
41,경기,41287,15000,숙박시설,100대 이상,170
43,충북,43113,Z8000,교육연구및복지시설,10대 이하,0
45,전북,45770,24000,방송통신시설,10대 이하,0
50,제주,50130,18000,창고시설,11-20대,277
41,경기,41463,,,11-20대,76
41,경기,41281,14000,업무시설,100대 이상,27525
46,전남,46880,11000,노유자시설,10대 이하,62
45,전북,45720,13000,운동시설,10대 이하,4
11,서울,11140,08000,운수시설,10대 이하,0
30,대전,30110,20000,자동차관련시설,100대 이상,1532
41,경기,41430,07000,판매시설,11-20대,12
28,인천,28185,18000,창고시설,51-100대,431
47,경북,47111,03000,제1종근린생활시설,10대 이하,2605
48,경남,48127,11000,노유자시설,51-100대,96
46,전남,46800,22000,분뇨.쓰레기처리시설,10대 이하,25
48,경남,48850,15000,숙박시설,11-20대,34
46,전남,46800,04000,제2종근린생활시설,11-20대,58
47,경북,47210,18000,창고시설,21-50대,111
26,부산,26380,30000,자원순환관련시설,11-20대,12
11,서울,11680,08000,운수시설,100대 이상,625
26,부산,26500,10000,교육연구시설,51-100대,326
41,경기,41650,14000,업무시설,10대 이하,42
26,부산,26290,30000,자원순환관련시설,100대 이상,346
44,충남,44270,18000,창고시설,11-20대,133
26,부산,26470,Z8000,교육연구및복지시설,10대 이하,0
41,경기,41117,01000,단독주택,10대 이하,11073
51,강원,51750,04000,제2종근린생활시설,51-100대,100
46,전남,46170,Z5000,문화및집회시설,10대 이하,4
26,부산,26710,09000,의료시설,51-100대,71
46,전남,46230,17000,공장,21-50대,2336
43,충북,43750,30000,자원순환관련시설,100대 이상,213
11,서울,11320,14000,업무시설,21-50대,926
50,제주,50110,13000,운동시설,10대 이하,128
44,충남,44770,27000,관광휴게시설,100대 이상,143
41,경기,41463,07000,판매시설,100대 이상,10846
11,서울,11440,Z3000,근린생활시설,11-20대,69
51,강원,51790,16000,위락시설,10대 이하,5
51,강원,51130,30000,자원순환관련시설,51-100대,96
45,전북,45800,20000,자동차관련시설,11-20대,46
46,전남,46820,10000,교육연구시설,21-50대,134
46,전남,46130,13000,운동시설,100대 이상,4947
44,충남,44270,13000,운동시설,100대 이상,3740
11,서울,11380,Z3000,근린생활시설,11-20대,35
29,광주,29140,15000,숙박시설,10대 이하,508
11,서울,11560,11000,노유자시설,11-20대,87
41,경기,41117,Z8000,교육연구및복지시설,21-50대,44
41,경기,41463,26000,묘지관련시설,10대 이하,0
29,광주,29200,14000,업무시설,21-50대,1635
27,대구,27200,02000,공동주택,11-20대,729
44,충남,44760,,,51-100대,52
47,경북,47150,04000,제2종근린생활시설,10대 이하,1982
41,경기,41550,05000,문화및집회시설,51-100대,189
41,경기,41800,20000,자동차관련시설,100대 이상,244
47,경북,47113,25000,발전시설,10대 이하,0
46,전남,46830,Z8000,교육연구및복지시설,10대 이하,0
41,경기,41115,03000,제1종근린생활시설,21-50대,1142
50,제주,50130,21000,동물및식물관련시설,10대 이하,389
30,대전,30170,07000,판매시설,100대 이상,6220
44,충남,44200,31000,야영장시설,10대 이하,28
41,경기,41480,18000,창고시설,21-50대,1482
41,경기,41290,17000,공장,100대 이상,2801
28,인천,28720,01000,단독주택,11-20대,188
11,서울,11230,09000,의료시설,100대 이상,3426
47,경북,47930,26000,묘지관련시설,51-100대,52
26,부산,26380,07000,판매시설,51-100대,187
43,충북,43114,05000,문화및집회시설,10대 이하,41
48,경남,48129,01000,단독주택,10대 이하,13078
51,강원,51150,12000,수련시설,10대 이하,28
36,세종,36110,04000,제2종근린생활시설,100대 이상,5149
41,경기,41133,11000,노유자시설,100대 이상,197
43,충북,43720,30000,자원순환관련시설,10대 이하,11
26,부산,26410,15000,숙박시설,21-50대,153
48,경남,48860,29000,장례시설,11-20대,11
26,부산,26440,06000,종교시설,21-50대,145
44,충남,44710,10000,교육연구시설,10대 이하,35
48,경남,48860,10000,교육연구시설,11-20대,63
11,서울,11590,17000,공장,10대 이하,5
27,대구,27230,25000,발전시설,10대 이하,0
28,인천,28720,Z9000,공공용시설,10대 이하,0
45,전북,45111,21000,동물및식물관련시설,10대 이하,18
29,광주,29155,JY,,10대 이하,1
46,전남,46910,31000,야영장시설,11-20대,18
48,경남,48840,JY,,10대 이하,0
26,부산,26170,02000,공동주택,21-50대,620
46,전남,46830,17000,공장,11-20대,1287
48,경남,48220,02000,공동주택,51-100대,1930
11,서울,11740,09000,의료시설,100대 이상,6445
41,경기,41650,03000,제1종근린생활시설,100대 이상,2234
45,전북,45113,Z3000,근린생활시설,11-20대,24
48,경남,48125,19000,위험물저장및처리시설,10대 이하,58
41,경기,41210,14000,업무시설,10대 이하,29
43,충북,43130,27000,관광휴게시설,100대 이상,2364
48,경남,48270,06000,종교시설,21-50대,224
43,충북,43770,10000,교육연구시설,11-20대,76
41,경기,41550,15000,숙박시설,11-20대,236
48,경남,48880,02000,공동주택,21-50대,973
41,경기,41570,30000,자원순환관련시설,21-50대,245
48,경남,48880,03000,제1종근린생활시설,21-50대,351
46,전남,46790,07000,판매시설,51-100대,52
44,충남,44180,13000,운동시설,10대 이하,19
44,충남,44180,Z6000,판매및영업시설,10대 이하,0
48,경남,48880,14000,업무시설,21-50대,83
51,강원,51170,10000,교육연구시설,21-50대,383
46,전남,46780,14000,업무시설,51-100대,70
45,전북,45790,26000,묘지관련시설,21-50대,111
26,부산,26440,03000,제1종근린생활시설,11-20대,1244
44,충남,44250,08000,운수시설,10대 이하,0
11,서울,11380,09000,의료시설,21-50대,169
46,전남,46720,03000,제1종근린생활시설,11-20대,186
28,인천,28260,27000,관광휴게시설,21-50대,40
50,제주,50110,Z8000,교육연구및복지시설,21-50대,94
28,인천,28245,15000,숙박시설,11-20대,164
46,전남,46830,03000,제1종근린생활시설,11-20대,307
28,인천,28110,11000,노유자시설,21-50대,112
46,전남,46770,,,21-50대,38
41,경기,41285,05000,문화및집회시설,51-100대,117
41,경기,41461,15000,숙박시설,51-100대,69
30,대전,30200,17000,공장,100대 이상,8956
26,부산,26320,10000,교육연구시설,51-100대,1342
41,경기,41390,12000,수련시설,51-100대,72
11,서울,11680,15000,숙박시설,51-100대,780
46,전남,46130,25000,발전시설,10대 이하,36
27,대구,27710,Z6000,판매및영업시설,100대 이상,668
48,경남,48730,10000,교육연구시설,10대 이하,181
51,강원,51830,07000,판매시설,21-50대,85
11,서울,11545,17000,공장,11-20대,446
47,경북,47930,30000,자원순환관련시설,11-20대,14
45,전북,45190,18000,창고시설,100대 이상,256
41,경기,41410,04000,제2종근린생활시설,21-50대,893
46,전남,46130,29000,장례시설,10대 이하,3
11,서울,11320,10000,교육연구시설,21-50대,360
45,전북,45180,02000,공동주택,21-50대,708
44,충남,44210,26000,묘지관련시설,10대 이하,0
48,경남,48220,18000,창고시설,10대 이하,259
51,강원,51800,23000,교정및군사시설,100대 이상,7804
11,서울,11590,26000,묘지관련시설,11-20대,17
31,울산,31110,09000,의료시설,100대 이상,412
44,충남,44825,10000,교육연구시설,21-50대,126
48,경남,48840,18000,창고시설,21-50대,28
47,경북,47170,16000,위락시설,10대 이하,50
46,전남,46890,04000,제2종근린생활시설,21-50대,72
41,경기,41133,13000,운동시설,11-20대,35
26,부산,26230,05000,문화및집회시설,11-20대,79
45,전북,45740,02000,공동주택,10대 이하,129
46,전남,46780,14000,업무시설,21-50대,264
48,경남,48240,Z8000,교육연구및복지시설,21-50대,72
27,대구,27720,02000,공동주택,100대 이상,239
26,부산,26410,15000,숙박시설,10대 이하,138
46,전남,46110,03000,제1종근린생활시설,10대 이하,2431
27,대구,27170,09000,의료시설,100대 이상,265
41,경기,41281,23000,교정및군사시설,51-100대,81
44,충남,44131,15000,숙박시설,100대 이상,8937
41,경기,41570,10000,교육연구시설,100대 이상,1307
11,서울,11215,15000,숙박시설,100대 이상,9829
11,서울,11230,07000,판매시설,10대 이하,10
41,경기,41250,02000,공동주택,51-100대,508
11,서울,11530,14000,업무시설,51-100대,3300
48,경남,48850,,,21-50대,28
48,경남,48129,Z9000,공공용시설,51-100대,84
47,경북,47230,06000,종교시설,10대 이하,154
46,전남,46840,14000,업무시설,100대 이상,7926
48,경남,48123,20000,자동차관련시설,10대 이하,49
44,충남,44770,18000,창고시설,21-50대,76
29,광주,29200,Z8000,교육연구및복지시설,21-50대,430
41,경기,41630,12000,수련시설,100대 이상,902
47,경북,47770,14000,업무시설,100대 이상,370
11,서울,11740,17000,공장,51-100대,63
41,경기,41135,19000,위험물저장및처리시설,11-20대,11
45,전북,45750,03000,제1종근린생활시설,10대 이하,277
41,경기,41287,02000,공동주택,100대 이상,439002
41,경기,41271,21000,동물및식물관련시설,11-20대,12
48,경남,48860,26000,묘지관련시설,10대 이하,0
29,광주,29200,29000,장례시설,51-100대,60
44,충남,44150,15000,숙박시설,51-100대,312
41,경기,41281,17000,공장,100대 이상,7112
41,경기,41650,25000,발전시설,51-100대,95
41,경기,41570,02000,공동주택,11-20대,2351
11,서울,11110,06000,종교시설,21-50대,280
46,전남,46810,07000,판매시설,51-100대,72
41,경기,41250,20000,자동차관련시설,21-50대,110
48,경남,48730,22000,분뇨.쓰레기처리시설,10대 이하,23
47,경북,47230,21000,동물및식물관련시설,11-20대,146
48,경남,48250,15000,숙박시설,11-20대,795
45,전북,45111,10000,교육연구시설,51-100대,1052
47,경북,47113,04000,제2종근린생활시설,21-50대,639
36,세종,36110,19000,위험물저장및처리시설,10대 이하,125
41,경기,41650,21000,동물및식물관련시설,51-100대,52
26,부산,26290,03000,제1종근린생활시설,21-50대,503
41,경기,41171,08000,운수시설,10대 이하,0
11,서울,11470,09000,의료시설,21-50대,231
43,충북,43130,23000,교정및군사시설,11-20대,27
46,전남,46780,03000,제1종근린생활시설,100대 이상,276
48,경남,48121,01000,단독주택,10대 이하,17732
11,서울,11110,20000,자동차관련시설,100대 이상,335
26,부산,26230,05000,문화및집회시설,51-100대,58
51,강원,51150,30000,자원순환관련시설,10대 이하,79
44,충남,44250,18000,창고시설,100대 이상,186
44,충남,44800,17000,공장,11-20대,521
47,경북,47940,03000,제1종근린생활시설,21-50대,209
31,울산,31140,09000,의료시설,10대 이하,32
51,강원,51730,13000,운동시설,11-20대,29
26,부산,26200,29000,장례시설,21-50대,22
44,충남,44131,02000,공동주택,100대 이상,503642
11,서울,11260,12000,수련시설,21-50대,34
41,경기,41550,29000,장례시설,100대 이상,114
31,울산,31710,01000,단독주택,10대 이하,24424
28,인천,28140,06000,종교시설,10대 이하,67
31,울산,31710,26000,묘지관련시설,100대 이상,1669
46,전남,46890,14000,업무시설,100대 이상,215
11,서울,11440,04000,제2종근린생활시설,10대 이하,9399
28,인천,28245,23000,교정및군사시설,11-20대,29
48,경남,48125,18000,창고시설,21-50대,43
27,대구,27140,31000,야영장시설,10대 이하,0
44,충남,44270,11000,노유자시설,10대 이하,230
27,대구,27260,Z3000,근린생활시설,10대 이하,173
28,인천,28720,33000,"국방,군사시설",10대 이하,0
26,부산,26380,08000,운수시설,10대 이하,3
46,전남,46880,15000,숙박시설,10대 이하,89
41,경기,41610,29000,장례시설,10대 이하,5
45,전북,45750,16000,위락시설,10대 이하,0
27,대구,27710,05000,문화및집회시설,100대 이상,2422
41,경기,41820,23000,교정및군사시설,10대 이하,42
48,경남,48220,04000,제2종근린생활시설,21-50대,357
44,충남,44710,14000,업무시설,10대 이하,57
46,전남,46840,03000,제1종근린생활시설,21-50대,512
41,경기,41173,20000,자동차관련시설,21-50대,352
27,대구,27230,10000,교육연구시설,51-100대,1670
11,서울,11200,05000,문화및집회시설,100대 이상,230
43,충북,43111,23000,교정및군사시설,100대 이상,1386
31,울산,31710,06000,종교시설,21-50대,395
50,제주,50130,22000,분뇨.쓰레기처리시설,21-50대,116
41,경기,41287,11000,노유자시설,51-100대,176
43,충북,43720,07000,판매시설,10대 이하,0
45,전북,45730,Z6000,판매및영업시설,10대 이하,0
44,충남,44133,10000,교육연구시설,11-20대,550
31,울산,31140,24000,방송통신시설,100대 이상,142
47,경북,47111,04000,제2종근린생활시설,11-20대,619
11,서울,11740,06000,종교시설,21-50대,397
27,대구,27230,15000,숙박시설,11-20대,307
41,경기,41820,15000,숙박시설,51-100대,233
30,대전,30230,03000,제1종근린생활시설,10대 이하,1743
46,전남,46720,22000,분뇨.쓰레기처리시설,10대 이하,13
50,제주,50110,09000,의료시설,100대 이상,1774
41,경기,41480,05000,문화및집회시설,51-100대,57
45,전북,45770,25000,발전시설,10대 이하,0
11,서울,11680,15000,숙박시설,11-20대,207
43,충북,43750,24000,방송통신시설,10대 이하,0
26,부산,26320,01000,단독주택,11-20대,98
48,경남,48860,15000,숙박시설,21-50대,57
48,경남,48127,20000,자동차관련시설,100대 이상,1434
27,대구,27290,22000,분뇨.쓰레기처리시설,100대 이상,315
51,강원,51820,04000,제2종근린생활시설,51-100대,84
47,경북,47920,11000,노유자시설,51-100대,51
48,경남,48123,04000,제2종근린생활시설,51-100대,339
51,강원,51830,,,10대 이하,102
46,전남,46780,,,51-100대,216
11,서울,11500,20000,자동차관련시설,10대 이하,206
51,강원,51780,23000,교정및군사시설,51-100대,533
41,경기,41283,Z3000,근린생활시설,11-20대,30
48,경남,48240,27000,관광휴게시설,100대 이상,1677
43,충북,43130,24000,방송통신시설,21-50대,67
30,대전,30200,Z3000,근린생활시설,10대 이하,0
41,경기,41131,21000,동물및식물관련시설,10대 이하,7
47,경북,47150,04000,제2종근린생활시설,51-100대,259
44,충남,44133,01000,단독주택,10대 이하,13555
44,충남,44810,04000,제2종근린생활시설,100대 이상,1840
47,경북,47113,33000,"국방,군사시설",10대 이하,0
44,충남,44710,04000,제2종근린생활시설,10대 이하,731
46,전남,46110,27000,관광휴게시설,21-50대,25
11,서울,11545,11000,노유자시설,10대 이하,157
48,경남,48740,Z5000,문화및집회시설,10대 이하,0
28,인천,28140,30000,자원순환관련시설,11-20대,13
28,인천,28237,05000,문화및집회시설,11-20대,16
30,대전,30230,06000,종교시설,21-50대,353
48,경남,48220,05000,문화및집회시설,51-100대,112
51,강원,51830,10000,교육연구시설,11-20대,44
48,경남,48125,17000,공장,10대 이하,921
47,경북,47820,15000,숙박시설,10대 이하,165
27,대구,27710,04000,제2종근린생활시설,51-100대,223
46,전남,46230,02000,공동주택,11-20대,163
41,경기,41450,03000,제1종근린생활시설,11-20대,910
41,경기,41550,18000,창고시설,21-50대,1361
46,전남,46870,25000,발전시설,100대 이상,3961
45,전북,45180,30000,자원순환관련시설,21-50대,122
48,경남,48121,15000,숙박시설,11-20대,561
47,경북,47830,14000,업무시설,100대 이상,256
30,대전,30170,05000,문화및집회시설,100대 이상,820
44,충남,44131,04000,제2종근린생활시설,21-50대,1277
47,경북,47830,14000,업무시설,10대 이하,21
43,충북,43113,10000,교육연구시설,10대 이하,273
46,전남,46840,12000,수련시설,21-50대,39
41,경기,41250,03000,제1종근린생활시설,10대 이하,641
11,서울,11650,23000,교정및군사시설,10대 이하,10
11,서울,11200,17000,공장,21-50대,730
47,경북,47111,23000,교정및군사시설,11-20대,64
41,경기,41310,19000,위험물저장및처리시설,11-20대,32
11,서울,11710,17000,공장,100대 이상,8376
28,인천,28237,10000,교육연구시설,10대 이하,139
51,강원,51730,02000,공동주택,11-20대,304
46,전남,46770,31000,야영장시설,10대 이하,1
47,경북,47290,17000,공장,21-50대,4462
48,경남,48730,,,10대 이하,9
11,서울,11290,11000,노유자시설,51-100대,226
48,경남,48310,05000,문화및집회시설,21-50대,177
41,경기,41590,22000,분뇨.쓰레기처리시설,100대 이상,148
41,경기,41273,19000,위험물저장및처리시설,11-20대,12
44,충남,44770,25000,발전시설,100대 이상,3003
44,충남,44210,14000,업무시설,100대 이상,1799
44,충남,44230,11000,노유자시설,21-50대,265
28,인천,28237,26000,묘지관련시설,10대 이하,0
41,경기,41310,15000,숙박시설,10대 이하,181
41,경기,41465,06000,종교시설,11-20대,186
45,전북,45750,20000,자동차관련시설,51-100대,69
47,경북,47280,09000,의료시설,10대 이하,0
43,충북,43800,11000,노유자시설,21-50대,21
51,강원,51150,16000,위락시설,21-50대,57
51,강원,51800,08000,운수시설,10대 이하,0
48,경남,48125,09000,의료시설,11-20대,50
48,경남,48310,09000,의료시설,51-100대,228
26,부산,26530,17000,공장,10대 이하,8009
41,경기,41287,04000,제2종근린생활시설,21-50대,1092
48,경남,48820,25000,발전시설,10대 이하,2
45,전북,45111,30000,자원순환관련시설,100대 이상,270
43,충북,43114,,,10대 이하,88
43,충북,43112,20000,자동차관련시설,10대 이하,173
43,충북,43730,02000,공동주택,10대 이하,270
11,서울,11380,Z8000,교육연구및복지시설,51-100대,68
41,경기,41800,13000,운동시설,11-20대,15
45,전북,45790,30000,자원순환관련시설,11-20대,13
46,전남,46150,05000,문화및집회시설,10대 이하,45
46,전남,46130,,,100대 이상,5698
51,강원,51190,24000,방송통신시설,10대 이하,0
47,경북,47900,07000,판매시설,10대 이하,9
50,제주,50130,11000,노유자시설,10대 이하,355
11,서울,11110,15000,숙박시설,100대 이상,1267
11,서울,11140,07000,판매시설,11-20대,15
51,강원,51760,Z8000,교육연구및복지시설,10대 이하,15
41,경기,41480,17000,공장,51-100대,4709
41,경기,41285,19000,위험물저장및처리시설,21-50대,81
11,서울,11560,09000,의료시설,21-50대,476
47,경북,47920,30000,자원순환관련시설,10대 이하,5
11,서울,11590,20000,자동차관련시설,51-100대,138
47,경북,47760,Z3000,근린생활시설,10대 이하,4
51,강원,51130,27000,관광휴게시설,10대 이하,20
51,강원,51790,01000,단독주택,11-20대,98
45,전북,45140,02000,공동주택,21-50대,1033
43,충북,43750,30000,자원순환관련시설,21-50대,23
44,충남,44230,14000,업무시설,10대 이하,34
44,충남,44133,14000,업무시설,10대 이하,849
45,전북,45710,13000,운동시설,21-50대,174
29,광주,29170,11000,노유자시설,51-100대,118
46,전남,46880,Z3000,근린생활시설,10대 이하,0
43,충북,43150,22000,분뇨.쓰레기처리시설,10대 이하,29
43,충북,43770,20000,자동차관련시설,10대 이하,93
41,경기,41820,21000,동물및식물관련시설,11-20대,24
11,서울,11290,10000,교육연구시설,21-50대,679
46,전남,46730,04000,제2종근린생활시설,100대 이상,360
48,경남,48720,Z8000,교육연구및복지시설,10대 이하,4
27,대구,27200,12000,수련시설,11-20대,17
46,전남,46860,30000,자원순환관련시설,10대 이하,21
43,충북,43760,09000,의료시설,11-20대,16
41,경기,41590,01000,단독주택,51-100대,322
29,광주,29110,02000,공동주택,51-100대,1221
28,인천,28710,18000,창고시설,21-50대,77
48,경남,48129,02000,공동주택,100대 이상,264516
41,경기,41285,13000,운동시설,51-100대,525
45,전북,45130,07000,판매시설,51-100대,120
48,경남,48330,05000,문화및집회시설,51-100대,195
48,경남,48240,15000,숙박시설,11-20대,454
47,경북,47130,14000,업무시설,11-20대,601
48,경남,48129,07000,판매시설,100대 이상,428
11,서울,11470,11000,노유자시설,11-20대,118
48,경남,48310,15000,숙박시설,21-50대,361
36,세종,36110,27000,관광휴게시설,100대 이상,615
47,경북,47820,21000,동물및식물관련시설,100대 이상,609
47,경북,47210,19000,위험물저장및처리시설,21-50대,21
28,인천,28200,18000,창고시설,51-100대,245
41,경기,41430,02000,공동주택,11-20대,1179
26,부산,26260,07000,판매시설,100대 이상,2262
27,대구,27290,25000,발전시설,10대 이하,2
51,강원,51230,23000,교정및군사시설,10대 이하,40
27,대구,27290,Z8000,교육연구및복지시설,100대 이상,443
41,경기,41287,11000,노유자시설,100대 이상,1146
28,인천,28237,23000,교정및군사시설,100대 이상,777
11,서울,11650,21000,동물및식물관련시설,10대 이하,0
43,충북,43750,03000,제1종근린생활시설,11-20대,457
45,전북,45800,14000,업무시설,100대 이상,356
51,강원,51770,18000,창고시설,51-100대,117
11,서울,11440,06000,종교시설,21-50대,600
45,전북,45730,03000,제1종근린생활시설,21-50대,272
45,전북,45111,07000,판매시설,100대 이상,3043
28,인천,28110,33000,"국방,군사시설",21-50대,44
43,충북,43720,22000,분뇨.쓰레기처리시설,10대 이하,0
44,충남,44200,29000,장례시설,100대 이상,121
30,대전,30110,06000,종교시설,51-100대,55
41,경기,41570,27000,관광휴게시설,10대 이하,26
44,충남,44133,21000,동물및식물관련시설,10대 이하,52
45,전북,45800,21000,동물및식물관련시설,21-50대,47
30,대전,30110,10000,교육연구시설,10대 이하,134
41,경기,41150,08000,운수시설,100대 이상,4314
44,충남,44270,14000,업무시설,10대 이하,45
44,충남,44200,17000,공장,11-20대,5151
45,전북,45140,14000,업무시설,100대 이상,1535
51,강원,51190,10000,교육연구시설,10대 이하,58
48,경남,48880,18000,창고시설,21-50대,69
47,경북,47210,09000,의료시설,100대 이상,469
41,경기,41111,06000,종교시설,10대 이하,193
41,경기,41287,04000,제2종근린생활시설,10대 이하,3320
41,경기,41287,22000,분뇨.쓰레기처리시설,10대 이하,12
41,경기,41135,09000,의료시설,11-20대,46
47,경북,47900,04000,제2종근린생활시설,10대 이하,387
41,경기,41220,14100,공공업무시설,21-50대,27
48,경남,48840,02000,공동주택,51-100대,536
41,경기,41283,01000,단독주택,10대 이하,6
43,충북,43113,26000,묘지관련시설,10대 이하,0
11,서울,11680,13000,운동시설,11-20대,31
51,강원,51230,21000,동물및식물관련시설,10대 이하,22
41,경기,41410,20000,자동차관련시설,51-100대,561
26,부산,26110,11000,노유자시설,11-20대,12
26,부산,26440,03000,제1종근린생활시설,100대 이상,144
27,대구,27140,24000,방송통신시설,10대 이하,1
11,서울,11620,02000,공동주택,21-50대,3715
41,경기,41830,12000,수련시설,21-50대,31
41,경기,41113,Z5000,문화및집회시설,10대 이하,0
45,전북,45113,20000,자동차관련시설,10대 이하,459
43,충북,43114,03000,제1종근린생활시설,10대 이하,2808
51,강원,51810,10000,교육연구시설,21-50대,163
29,광주,29170,19000,위험물저장및처리시설,100대 이상,392
45,전북,45740,17000,공장,100대 이상,110
41,경기,41465,24000,방송통신시설,10대 이하,3
45,전북,45111,02000,공동주택,10대 이하,943
51,강원,51210,07000,판매시설,51-100대,61
41,경기,41410,06000,종교시설,21-50대,381
11,서울,11590,11000,노유자시설,21-50대,70
41,경기,41173,23000,교정및군사시설,11-20대,14
45,전북,45180,05000,문화및집회시설,11-20대,14
27,대구,27230,03000,제1종근린생활시설,51-100대,661
43,충북,43114,23000,교정및군사시설,10대 이하,12
11,서울,11590,,,10대 이하,42
48,경남,48740,02000,공동주택,11-20대,590
41,경기,41670,10000,교육연구시설,21-50대,427
45,전북,45800,11000,노유자시설,21-50대,21
41,경기,41410,06000,종교시설,11-20대,215
11,서울,11680,27000,관광휴게시설,10대 이하,8
44,충남,44180,,,10대 이하,2
11,서울,11260,04000,제2종근린생활시설,11-20대,839
44,충남,44770,02000,공동주택,100대 이상,3395
11,서울,11590,10000,교육연구시설,10대 이하,381
45,전북,45720,03000,제1종근린생활시설,11-20대,60
41,경기,41285,06000,종교시설,51-100대,245
31,울산,31110,26000,묘지관련시설,10대 이하,0
41,경기,41150,02000,공동주택,11-20대,3308
44,충남,44825,26000,묘지관련시설,10대 이하,0
11,서울,11545,12000,수련시설,10대 이하,1
44,충남,44810,26000,묘지관련시설,100대 이상,160
41,경기,41570,03000,제1종근린생활시설,21-50대,3758
51,강원,51820,13000,운동시설,10대 이하,4
28,인천,28177,,,11-20대,24
41,경기,41115,09000,의료시설,11-20대,37
47,경북,47230,14000,업무시설,21-50대,376
48,경남,48860,24000,방송통신시설,10대 이하,0
29,광주,29140,24000,방송통신시설,10대 이하,5
51,강원,51190,04000,제2종근린생활시설,11-20대,129
45,전북,45210,18000,창고시설,100대 이상,2687
51,강원,51820,15000,숙박시설,10대 이하,370
46,전남,46870,02000,공동주택,10대 이하,234
48,경남,48250,03000,제1종근린생활시설,11-20대,2036
43,충북,43130,27000,관광휴게시설,11-20대,31
27,대구,27710,30000,자원순환관련시설,10대 이하,128
45,전북,45730,01000,단독주택,21-50대,22
47,경북,47290,03000,제1종근린생활시설,10대 이하,2950
41,경기,41135,01000,단독주택,10대 이하,15241
11,서울,11140,05000,문화및집회시설,10대 이하,18
45,전북,45770,10000,교육연구시설,11-20대,192
28,인천,28140,10000,교육연구시설,51-100대,396
41,경기,41271,20000,자동차관련시설,100대 이상,324
41,경기,41590,19000,위험물저장및처리시설,51-100대,132
26,부산,26530,04000,제2종근린생활시설,51-100대,230
51,강원,51190,03000,제1종근린생활시설,11-20대,180
46,전남,46840,11000,노유자시설,100대 이상,3360
26,부산,26290,07000,판매시설,10대 이하,10
47,경북,47730,17000,공장,10대 이하,339
41,경기,41670,04000,제2종근린생활시설,10대 이하,3138
41,경기,41220,01000,단독주택,10대 이하,44693
45,전북,45140,17000,공장,10대 이하,1579
51,강원,51170,17000,공장,21-50대,234
45,전북,45111,20000,자동차관련시설,10대 이하,42
41,경기,41610,23000,교정및군사시설,100대 이상,148
41,경기,41210,07000,판매시설,11-20대,42
46,전남,46230,19000,위험물저장및처리시설,11-20대,29
41,경기,41800,33000,"국방,군사시설",10대 이하,0
11,서울,11545,15000,숙박시설,11-20대,79
31,울산,31710,24000,방송통신시설,11-20대,19
43,충북,43111,05000,문화및집회시설,100대 이상,3609
41,경기,41273,02000,공동주택,10대 이하,13664
48,경남,48720,21000,동물및식물관련시설,10대 이하,16
51,강원,51830,02000,공동주택,51-100대,390
41,경기,41370,20000,자동차관련시설,10대 이하,147
46,전남,46770,06000,종교시설,11-20대,66
41,경기,41173,22000,분뇨.쓰레기처리시설,10대 이하,0
48,경남,48890,Z8000,교육연구및복지시설,11-20대,20
46,전남,46780,16000,위락시설,10대 이하,5
46,전남,46890,02000,공동주택,21-50대,427
47,경북,47130,23000,교정및군사시설,10대 이하,0
44,충남,44230,13000,운동시설,10대 이하,13
26,부산,26500,19000,위험물저장및처리시설,11-20대,12
28,인천,28110,03000,제1종근린생활시설,51-100대,366
51,강원,51800,17000,공장,21-50대,46
11,서울,11440,25000,발전시설,51-100대,83
11,서울,11110,20000,자동차관련시설,51-100대,417
28,인천,28185,16000,위락시설,10대 이하,33
41,경기,41360,02000,공동주택,21-50대,3069
11,서울,11680,10000,교육연구시설,100대 이상,3328
47,경북,47130,07000,판매시설,10대 이하,86
11,서울,11110,Z3000,근린생활시설,10대 이하,11
44,충남,44200,08000,운수시설,100대 이상,564
48,경남,48170,14000,업무시설,100대 이상,9686
29,광주,29170,13000,운동시설,51-100대,511
11,서울,11320,06000,종교시설,21-50대,391
47,경북,47820,Z5000,문화및집회시설,10대 이하,0
26,부산,26200,05000,문화및집회시설,100대 이상,485
43,충북,43112,11000,노유자시설,10대 이하,267
43,충북,43720,12000,수련시설,21-50대,89
28,인천,28260,26000,묘지관련시설,10대 이하,1
51,강원,51150,02000,공동주택,21-50대,1426
41,경기,41410,18000,창고시설,51-100대,52
46,전남,46790,04000,제2종근린생활시설,100대 이상,223
27,대구,27170,09000,의료시설,11-20대,32
41,경기,41287,02000,공동주택,10대 이하,1571
11,서울,11260,03000,제1종근린생활시설,11-20대,519
44,충남,44810,10000,교육연구시설,100대 이상,5871
41,경기,41171,23000,교정및군사시설,21-50대,45
46,전남,46810,20000,자동차관련시설,10대 이하,20
45,전북,45130,07000,판매시설,100대 이상,3888
43,충북,43113,05000,문화및집회시설,10대 이하,7
46,전남,46820,15000,숙박시설,51-100대,96
41,경기,41570,11000,노유자시설,10대 이하,287
43,충북,43130,17000,공장,11-20대,1869
26,부산,26440,04000,제2종근린생활시설,10대 이하,13117
11,서울,11410,07000,판매시설,100대 이상,837
51,강원,51730,11000,노유자시설,21-50대,32
11,서울,11620,10000,교육연구시설,10대 이하,644
11,서울,11230,05000,문화및집회시설,10대 이하,10
41,경기,41500,06000,종교시설,100대 이상,696
41,경기,41273,07000,판매시설,21-50대,441
41,경기,41830,18000,창고시설,51-100대,66
11,서울,11410,10000,교육연구시설,11-20대,170
45,전북,45770,07000,판매시설,21-50대,110
41,경기,41461,Z5000,문화및집회시설,11-20대,17
41,경기,41190,21000,동물및식물관련시설,100대 이상,179
11,서울,11680,,,10대 이하,21
51,강원,51830,16000,위락시설,10대 이하,0
51,강원,51110,14000,업무시설,10대 이하,80
27,대구,27710,14000,업무시설,100대 이상,1579
41,경기,41290,18000,창고시설,11-20대,12
44,충남,44770,30000,자원순환관련시설,10대 이하,9
48,경남,48840,23000,교정및군사시설,11-20대,12
48,경남,48250,08000,운수시설,11-20대,12
44,충남,44790,07000,판매시설,51-100대,123
45,전북,45740,02000,공동주택,21-50대,151
41,경기,41360,Z3000,근린생활시설,11-20대,19
48,경남,48890,13000,운동시설,11-20대,86
41,경기,41461,01000,단독주택,10대 이하,18561
26,부산,26200,11000,노유자시설,100대 이상,3434
51,강원,51760,12000,수련시설,100대 이상,1301
45,전북,45740,01000,단독주택,10대 이하,1110
41,경기,41310,07000,판매시설,100대 이상,15390
46,전남,46790,20000,자동차관련시설,10대 이하,35
11,서울,11260,06000,종교시설,10대 이하,187
48,경남,48890,16000,위락시설,10대 이하,8
47,경북,47940,02000,공동주택,11-20대,55
47,경북,47113,13000,운동시설,21-50대,413
45,전북,45190,04000,제2종근린생활시설,100대 이상,704
46,전남,46880,10000,교육연구시설,10대 이하,44
48,경남,48870,27000,관광휴게시설,10대 이하,2
41,경기,41610,22000,분뇨.쓰레기처리시설,10대 이하,33
47,경북,47230,22000,분뇨.쓰레기처리시설,100대 이상,286
45,전북,45111,03000,제1종근린생활시설,11-20대,1750
47,경북,47770,Z9000,공공용시설,10대 이하,0
47,경북,47830,14000,업무시설,21-50대,137
30,대전,30200,14000,업무시설,51-100대,1172
27,대구,27260,23000,교정및군사시설,51-100대,77
41,경기,41287,13000,운동시설,21-50대,59
27,대구,27230,24000,방송통신시설,10대 이하,1
46,전남,46130,,,11-20대,41
45,전북,45730,03000,제1종근린생활시설,51-100대,60
51,강원,51110,07000,판매시설,11-20대,28
43,충북,43111,14000,업무시설,11-20대,189
26,부산,26110,04000,제2종근린생활시설,51-100대,298
51,강원,51780,25000,발전시설,10대 이하,0
43,충북,43745,Z8000,교육연구및복지시설,10대 이하,0
26,부산,26350,02000,공동주택,100대 이상,662458
41,경기,41670,07000,판매시설,11-20대,15
28,인천,28245,02000,공동주택,10대 이하,10442
48,경남,48880,03000,제1종근린생활시설,11-20대,300
26,부산,26440,14000,업무시설,100대 이상,15484
11,서울,11290,11000,노유자시설,21-50대,133
27,대구,27170,03000,제1종근린생활시설,21-50대,570
47,경북,47920,08000,운수시설,10대 이하,0
41,경기,41150,04000,제2종근린생활시설,10대 이하,3646
31,울산,31710,03000,제1종근린생활시설,11-20대,843
50,제주,50130,20000,자동차관련시설,100대 이상,1757
41,경기,41150,18000,창고시설,11-20대,57
46,전남,46770,13000,운동시설,21-50대,22
46,전남,46870,05000,문화및집회시설,100대 이상,175
45,전북,45190,06000,종교시설,10대 이하,96
26,부산,26440,10000,교육연구시설,100대 이상,1836
11,서울,11440,06000,종교시설,11-20대,439
48,경남,48170,07000,판매시설,100대 이상,9587
41,경기,41281,03000,제1종근린생활시설,51-100대,2233
44,충남,44710,09000,의료시설,21-50대,67
41,경기,41630,17000,공장,11-20대,4238
48,경남,48870,07000,판매시설,11-20대,28
27,대구,27170,03000,제1종근린생활시설,100대 이상,107
50,제주,50110,08000,운수시설,10대 이하,13
26,부산,26500,12000,수련시설,10대 이하,0
46,전남,46900,14000,업무시설,10대 이하,20
36,세종,36110,13000,운동시설,10대 이하,53
11,서울,11545,15000,숙박시설,21-50대,209
51,강원,51800,13000,운동시설,51-100대,66
44,충남,44760,24000,방송통신시설,10대 이하,0
44,충남,44800,07000,판매시설,11-20대,82
11,서울,11560,02000,공동주택,11-20대,2148
48,경남,48890,07000,판매시설,11-20대,20
46,전남,46780,22000,분뇨.쓰레기처리시설,10대 이하,39
47,경북,47730,17000,공장,100대 이상,420
41,경기,41463,04000,제2종근린생활시설,11-20대,1763
46,전남,46150,01000,단독주택,10대 이하,11222
48,경남,48840,10000,교육연구시설,100대 이상,1546
46,전남,46150,14000,업무시설,10대 이하,285
51,강원,51780,02000,공동주택,11-20대,303
48,경남,48170,07000,판매시설,21-50대,940
11,서울,11290,11000,노유자시설,11-20대,93
51,강원,51150,14000,업무시설,51-100대,1027
46,전남,46790,15000,숙박시설,10대 이하,113
48,경남,48730,03000,제1종근린생활시설,51-100대,193
41,경기,41190,11000,노유자시설,10대 이하,376
26,부산,26290,24000,방송통신시설,21-50대,42
46,전남,46800,15000,숙박시설,51-100대,90
11,서울,11350,09000,의료시설,100대 이상,5832
47,경북,47150,15000,숙박시설,21-50대,100
43,충북,43745,01000,단독주택,21-50대,46
44,충남,44710,03000,제1종근린생활시설,100대 이상,142
26,부산,26230,16000,위락시설,11-20대,13
11,서울,11170,02000,공동주택,11-20대,3710
31,울산,31710,Z9000,공공용시설,10대 이하,0
47,경북,47130,03000,제1종근린생활시설,10대 이하,3315
46,전남,46810,21000,동물및식물관련시설,21-50대,99
36,세종,36110,28000,가설건축물,10대 이하,0
26,부산,26470,21000,동물및식물관련시설,10대 이하,0
44,충남,44230,12000,수련시설,100대 이상,159
43,충북,43750,26000,묘지관련시설,10대 이하,0
47,경북,47920,04000,제2종근린생활시설,11-20대,37
41,경기,41610,13000,운동시설,10대 이하,71
50,제주,50110,03009,양수장,10대 이하,0
29,광주,29140,09000,의료시설,21-50대,634
46,전남,46790,13000,운동시설,100대 이상,5179
26,부산,26320,11000,노유자시설,10대 이하,151
27,대구,27720,04000,제2종근린생활시설,10대 이하,442
45,전북,45130,06000,종교시설,51-100대,489
41,경기,41570,07000,판매시설,100대 이상,6456
46,전남,46170,06000,종교시설,21-50대,225
26,부산,26290,11000,노유자시설,100대 이상,381
11,서울,11170,Z5000,문화및집회시설,100대 이상,754
48,경남,48123,20000,자동차관련시설,11-20대,50
11,서울,11680,20000,자동차관련시설,100대 이상,2000
47,경북,47210,04000,제2종근린생활시설,100대 이상,258
31,울산,31140,11000,노유자시설,21-50대,105
44,충남,44150,07000,판매시설,10대 이하,0
47,경북,47230,10000,교육연구시설,11-20대,33
45,전북,45800,,,11-20대,20
41,경기,41550,26000,묘지관련시설,21-50대,22
48,경남,48730,30000,자원순환관련시설,21-50대,314
27,대구,27710,20000,자동차관련시설,11-20대,108
41,경기,41135,07000,판매시설,10대 이하,0
28,인천,28260,09000,의료시설,11-20대,71
27,대구,27140,15000,숙박시설,51-100대,56
46,전남,46890,22000,분뇨.쓰레기처리시설,10대 이하,13
26,부산,26320,06000,종교시설,51-100대,52
48,경남,48310,08000,운수시설,10대 이하,8
28,인천,28140,18000,창고시설,21-50대,122
26,부산,26290,04000,제2종근린생활시설,10대 이하,2191
11,서울,11500,08000,운수시설,100대 이상,93681
11,서울,11290,20000,자동차관련시설,10대 이하,24
28,인천,28237,24000,방송통신시설,11-20대,12
47,경북,47111,01000,단독주택,10대 이하,11109
48,경남,48170,18000,창고시설,11-20대,213
48,경남,48720,05000,문화및집회시설,51-100대,80
27,대구,27140,20000,자동차관련시설,11-20대,144
41,경기,41281,13000,운동시설,10대 이하,47
51,강원,51820,13000,운동시설,100대 이상,2434
29,광주,29170,10000,교육연구시설,21-50대,1994
26,부산,26710,07000,판매시설,100대 이상,65135
28,인천,28200,04000,제2종근린생활시설,51-100대,930
43,충북,43740,15000,숙박시설,100대 이상,159
45,전북,45730,24000,방송통신시설,10대 이하,0
41,경기,41290,22000,분뇨.쓰레기처리시설,10대 이하,0
50,제주,50110,18000,창고시설,10대 이하,3261
11,서울,11110,Z8000,교육연구및복지시설,10대 이하,14
41,경기,41463,05000,문화및집회시설,21-50대,206
47,경북,47111,05000,문화및집회시설,10대 이하,42
29,광주,29140,02000,공동주택,100대 이상,212773
41,경기,41650,18000,창고시설,21-50대,532
44,충남,44150,04000,제2종근린생활시설,21-50대,231
41,경기,41800,Z6000,판매및영업시설,10대 이하,0
44,충남,44133,27000,관광휴게시설,10대 이하,0
48,경남,48880,31000,야영장시설,11-20대,20
43,충북,43130,15000,숙박시설,10대 이하,371
28,인천,28200,11000,노유자시설,21-50대,187
43,충북,43800,17000,공장,100대 이상,8101
51,강원,51720,04000,제2종근린생활시설,51-100대,195
28,인천,28200,13000,운동시설,100대 이상,174
26,부산,26440,Z5000,문화및집회시설,10대 이하,5
11,서울,11110,13000,운동시설,10대 이하,0
48,경남,48240,23000,교정및군사시설,100대 이상,4020
28,인천,28185,16000,위락시설,11-20대,37
31,울산,31140,08000,운수시설,100대 이상,1177
48,경남,48850,,,11-20대,46
28,인천,28245,16000,위락시설,10대 이하,2
28,인천,28720,18000,창고시설,21-50대,32
51,강원,51190,11000,노유자시설,21-50대,221
45,전북,45800,10000,교육연구시설,10대 이하,20
41,경기,41670,29000,장례시설,11-20대,15
51,강원,51130,14000,업무시설,51-100대,1831
47,경북,47840,02000,공동주택,100대 이상,1027
26,부산,26110,04000,제2종근린생활시설,100대 이상,162
46,전남,46860,17000,공장,10대 이하,635
41,경기,41390,18000,창고시설,100대 이상,5898
11,서울,11140,Z3000,근린생활시설,10대 이하,0
41,경기,41610,14000,업무시설,100대 이상,545
11,서울,11530,02000,공동주택,11-20대,4026
51,강원,51800,Z9000,공공용시설,10대 이하,0
44,충남,44150,02000,공동주택,10대 이하,426
31,울산,31140,10000,교육연구시설,11-20대,477
48,경남,48170,14000,업무시설,21-50대,1646
46,전남,46110,09000,의료시설,51-100대,515
28,인천,28177,Z3000,근린생활시설,11-20대,13
43,충북,43720,19000,위험물저장및처리시설,10대 이하,19
41,경기,41590,30000,자원순환관련시설,21-50대,478
47,경북,47280,14000,업무시설,51-100대,69
11,서울,11140,02000,공동주택,10대 이하,2918
41,경기,41360,06000,종교시설,21-50대,1310
29,광주,29155,14000,업무시설,11-20대,329
41,경기,41360,02000,공동주택,100대 이상,549873
26,부산,26320,10000,교육연구시설,10대 이하,116
46,전남,46130,29000,장례시설,11-20대,16
43,충북,43760,17000,공장,11-20대,461
46,전남,46900,08000,운수시설,10대 이하,18
46,전남,46150,20000,자동차관련시설,10대 이하,178
11,서울,11170,04000,제2종근린생활시설,11-20대,725
41,경기,41131,03000,제1종근린생활시설,11-20대,579
11,서울,11740,04000,제2종근린생활시설,21-50대,1132
43,충북,43112,27000,관광휴게시설,10대 이하,0
51,강원,51230,30000,자원순환관련시설,21-50대,25
11,서울,11200,22000,분뇨.쓰레기처리시설,10대 이하,6
48,경남,48250,22000,분뇨.쓰레기처리시설,10대 이하,290
50,제주,50110,10000,교육연구시설,11-20대,531
11,서울,11305,12000,수련시설,10대 이하,7
44,충남,44200,,,100대 이상,2167
41,경기,41171,06000,종교시설,21-50대,113
41,경기,41800,09000,의료시설,21-50대,29
51,강원,51110,11000,노유자시설,11-20대,208
41,경기,41650,05000,문화및집회시설,51-100대,139
26,부산,26200,,,21-50대,48
30,대전,30140,27000,관광휴게시설,10대 이하,0
51,강원,51830,14000,업무시설,51-100대,134
36,세종,36110,09000,의료시설,51-100대,86
46,전남,46780,10000,교육연구시설,10대 이하,18
48,경남,48123,,,51-100대,52
43,충북,43150,04000,제2종근린생활시설,10대 이하,2296
11,서울,11140,09000,의료시설,10대 이하,9
26,부산,26440,04000,제2종근린생활시설,100대 이상,2350
31,울산,31200,25000,발전시설,11-20대,14
48,경남,48330,06000,종교시설,100대 이상,122
47,경북,47290,13000,운동시설,10대 이하,79
41,경기,41480,Z9000,공공용시설,10대 이하,0
48,경남,48890,27000,관광휴게시설,11-20대,65
45,전북,45730,04000,제2종근린생활시설,10대 이하,364
11,서울,11290,01000,단독주택,11-20대,228
27,대구,27110,Z5000,문화및집회시설,11-20대,13
45,전북,45740,03000,제1종근린생활시설,10대 이하,295
44,충남,44131,20000,자동차관련시설,11-20대,193
46,전남,46720,13000,운동시설,11-20대,30
51,강원,51190,17000,공장,51-100대,72
47,경북,47930,24000,방송통신시설,51-100대,69
41,경기,41111,09000,의료시설,100대 이상,129
26,부산,26260,07000,판매시설,51-100대,234
26,부산,26320,Z9000,공공용시설,10대 이하,1
41,경기,41115,09000,의료시설,100대 이상,1229
44,충남,44770,05000,문화및집회시설,21-50대,59
41,경기,41111,14000,업무시설,21-50대,978
28,인천,28260,01000,단독주택,10대 이하,13748
46,전남,46130,02000,공동주택,10대 이하,657
48,경남,48129,27000,관광휴게시설,11-20대,13
45,전북,45180,25000,발전시설,21-50대,35
27,대구,27260,03000,제1종근린생활시설,11-20대,867
41,경기,41113,09000,의료시설,10대 이하,8
46,전남,46910,27000,관광휴게시설,10대 이하,0
30,대전,30200,23000,교정및군사시설,21-50대,114
28,인천,28140,20000,자동차관련시설,100대 이상,241
29,광주,29170,Z9000,공공용시설,10대 이하,0
47,경북,47130,17000,공장,100대 이상,23096
50,제주,50110,17000,공장,10대 이하,900
48,경남,48121,14000,업무시설,100대 이상,3717
51,강원,51750,09000,의료시설,10대 이하,14
27,대구,27710,20000,자동차관련시설,100대 이상,1183
26,부산,26110,06000,종교시설,21-50대,36
46,전남,46840,29000,장례시설,21-50대,44
51,강원,51800,07000,판매시설,11-20대,19
51,강원,51750,10000,교육연구시설,100대 이상,498
46,전남,46820,03000,제1종근린생활시설,100대 이상,268
46,전남,46810,13000,운동시설,21-50대,25
41,경기,41450,09000,의료시설,10대 이하,16
41,경기,41550,05000,문화및집회시설,10대 이하,140
46,전남,46910,19000,위험물저장및처리시설,11-20대,54
46,전남,46800,17000,공장,100대 이상,1643
46,전남,46830,02000,공동주택,51-100대,421
44,충남,44180,17000,공장,11-20대,435
41,경기,41111,02000,공동주택,21-50대,1451
51,강원,51130,13000,운동시설,21-50대,217
51,강원,51110,30000,자원순환관련시설,51-100대,168
30,대전,30140,17000,공장,10대 이하,28
47,경북,47230,15000,숙박시설,10대 이하,141
44,충남,44230,10000,교육연구시설,21-50대,282
47,경북,47111,21000,동물및식물관련시설,10대 이하,51
31,울산,31140,08000,운수시설,10대 이하,14
44,충남,44825,16000,위락시설,10대 이하,19
30,대전,30200,17000,공장,51-100대,1652
44,충남,44230,14000,업무시설,21-50대,551
48,경남,48240,09000,의료시설,51-100대,185
41,경기,41590,15000,숙박시설,10대 이하,595
11,서울,11680,13000,운동시설,51-100대,305
28,인천,28237,10000,교육연구시설,100대 이상,1058
27,대구,27110,02000,공동주택,11-20대,321
46,전남,46810,07000,판매시설,21-50대,38
48,경남,48730,04000,제2종근린생활시설,10대 이하,1392
43,충북,43730,03000,제1종근린생활시설,10대 이하,539
44,충남,44150,19000,위험물저장및처리시설,21-50대,291
45,전북,45710,Z3000,근린생활시설,10대 이하,27
41,경기,41250,15000,숙박시설,11-20대,80
26,부산,26140,13000,운동시설,51-100대,66
26,부산,26530,15000,숙박시설,11-20대,281
41,경기,41830,21000,동물및식물관련시설,51-100대,146
26,부산,26260,,,10대 이하,9
43,충북,43114,15000,숙박시설,51-100대,79
31,울산,31170,10000,교육연구시설,11-20대,141
47,경북,47930,13000,운동시설,10대 이하,7
27,대구,27260,10000,교육연구시설,10대 이하,545
44,충남,44810,Z3000,근린생활시설,10대 이하,9
11,서울,11320,07000,판매시설,21-50대,58
41,경기,41133,02000,공동주택,10대 이하,5097
41,경기,41480,06000,종교시설,21-50대,691
27,대구,27230,10000,교육연구시설,11-20대,256
41,경기,41670,02000,공동주택,21-50대,1378
44,충남,44230,17000,공장,21-50대,1831
48,경남,48720,30000,자원순환관련시설,10대 이하,12
43,충북,43750,30000,자원순환관련시설,10대 이하,40
28,인천,28260,08000,운수시설,100대 이상,7869
11,서울,11170,09000,의료시설,21-50대,44
47,경북,47111,23000,교정및군사시설,51-100대,325
44,충남,44270,25000,발전시설,21-50대,47
47,경북,47170,20000,자동차관련시설,51-100대,67
41,경기,41370,14000,업무시설,21-50대,883
48,경남,48870,26000,묘지관련시설,10대 이하,0
47,경북,47113,04000,제2종근린생활시설,10대 이하,4433
41,경기,41285,24000,방송통신시설,10대 이하,16
44,충남,44133,01000,단독주택,100대 이상,139
41,경기,41550,06000,종교시설,10대 이하,354
43,충북,43112,14000,업무시설,21-50대,623
43,충북,43760,23000,교정및군사시설,100대 이상,1660
41,경기,41273,Z3000,근린생활시설,51-100대,66
45,전북,45800,09000,의료시설,10대 이하,11
51,강원,51110,04000,제2종근린생활시설,100대 이상,1010
11,서울,11680,24000,방송통신시설,10대 이하,5
46,전남,46150,18000,창고시설,51-100대,90
41,경기,41465,05000,문화및집회시설,21-50대,69
31,울산,31170,10000,교육연구시설,100대 이상,519
41,경기,41610,24000,방송통신시설,10대 이하,0
46,전남,46130,31000,야영장시설,21-50대,26
41,경기,41650,21000,동물및식물관련시설,21-50대,23
45,전북,45710,02000,공동주택,21-50대,253
51,강원,51190,15000,숙박시설,11-20대,75
26,부산,26200,14000,업무시설,51-100대,773
41,경기,41173,18000,창고시설,51-100대,51
11,서울,11320,20000,자동차관련시설,21-50대,139
44,충남,44131,18000,창고시설,21-50대,371
11,서울,11110,01000,단독주택,11-20대,136
48,경남,48125,09000,의료시설,100대 이상,1460
29,광주,29200,JY,,10대 이하,9
45,전북,45800,08000,운수시설,10대 이하,20
41,경기,41360,13000,운동시설,21-50대,340
44,충남,44210,17000,공장,11-20대,797
41,경기,41117,17000,공장,100대 이상,175730
26,부산,26410,09000,의료시설,51-100대,613
46,전남,46800,06000,종교시설,51-100대,82
41,경기,41150,21000,동물및식물관련시설,10대 이하,2
51,강원,51750,Z3000,근린생활시설,10대 이하,10
28,인천,28110,30000,자원순환관련시설,11-20대,20
26,부산,26410,14000,업무시설,100대 이상,601
41,경기,41570,07000,판매시설,21-50대,248
41,경기,41800,Z9000,공공용시설,10대 이하,0
28,인천,28237,23000,교정및군사시설,10대 이하,33
41,경기,41285,01000,단독주택,10대 이하,15637
29,광주,29200,27000,관광휴게시설,11-20대,14
27,대구,27140,18000,창고시설,21-50대,161
45,전북,45130,01000,단독주택,100대 이상,202
47,경북,47190,09000,의료시설,51-100대,689
45,전북,45180,25000,발전시설,10대 이하,0
48,경남,48820,Z5000,문화및집회시설,10대 이하,0
45,전북,45113,JY,,11-20대,12
29,광주,29170,14000,업무시설,51-100대,788
27,대구,27170,04000,제2종근린생활시설,21-50대,536
48,경남,48123,10000,교육연구시설,51-100대,843
43,충북,43750,21000,동물및식물관련시설,11-20대,17
51,강원,51130,25000,발전시설,21-50대,242
27,대구,27200,08000,운수시설,10대 이하,0
11,서울,11260,13000,운동시설,51-100대,51
11,서울,11590,14000,업무시설,51-100대,287
26,부산,26290,19000,위험물저장및처리시설,11-20대,74
41,경기,41800,04000,제2종근린생활시설,51-100대,134
26,부산,26320,17000,공장,100대 이상,118
11,서울,11170,14000,업무시설,51-100대,2395
43,충북,43745,27000,관광휴게시설,51-100대,65
30,대전,30140,09000,의료시설,100대 이상,4407
46,전남,46810,15000,숙박시설,10대 이하,93
41,경기,41115,04000,제2종근린생활시설,21-50대,1500
29,광주,29170,27000,관광휴게시설,10대 이하,0
41,경기,41210,,,10대 이하,68
45,전북,45710,18000,창고시설,11-20대,186
43,충북,43760,05000,문화및집회시설,51-100대,308
28,인천,28110,20000,자동차관련시설,11-20대,108
45,전북,45710,03000,제1종근린생활시설,21-50대,576
11,서울,11680,20000,자동차관련시설,51-100대,592
45,전북,45210,03000,제1종근린생활시설,100대 이상,833
50,제주,50130,13000,운동시설,11-20대,105
43,충북,43730,20000,자동차관련시설,11-20대,12
41,경기,41410,17000,공장,21-50대,2375
41,경기,41830,21000,동물및식물관련시설,100대 이상,314
36,세종,36110,02000,공동주택,21-50대,752
28,인천,28177,Z8000,교육연구및복지시설,51-100대,148
31,울산,31710,30000,자원순환관련시설,21-50대,92
47,경북,47150,Z9000,공공용시설,10대 이하,0
26,부산,26200,27000,관광휴게시설,10대 이하,0
26,부산,26710,23000,교정및군사시설,10대 이하,0
44,충남,44810,15000,숙박시설,11-20대,361
45,전북,45710,27000,관광휴게시설,10대 이하,4
41,경기,41360,22000,분뇨.쓰레기처리시설,21-50대,38
47,경북,47770,10000,교육연구시설,100대 이상,1545
46,전남,46230,11000,노유자시설,21-50대,189
41,경기,41410,19000,위험물저장및처리시설,10대 이하,46
46,전남,46720,09000,의료시설,51-100대,54
41,경기,41173,11000,노유자시설,11-20대,46
28,인천,28245,15000,숙박시설,10대 이하,86
28,인천,28710,26000,묘지관련시설,21-50대,48
27,대구,27260,02000,공동주택,21-50대,1429
44,충남,44790,14000,업무시설,21-50대,121
44,충남,44133,13000,운동시설,100대 이상,745
43,충북,43750,09000,의료시설,21-50대,28
44,충남,44131,04000,제2종근린생활시설,51-100대,535
45,전북,45790,13000,운동시설,10대 이하,13
28,인천,28185,01000,단독주택,11-20대,104
43,충북,43760,15000,숙박시설,21-50대,89
29,광주,29200,20000,자동차관련시설,10대 이하,443
11,서울,11710,18000,창고시설,100대 이상,1622
28,인천,28185,09000,의료시설,51-100대,194
41,경기,41390,,,51-100대,157
47,경북,47130,30000,자원순환관련시설,51-100대,82
41,경기,41670,15000,숙박시설,10대 이하,166
41,경기,41220,14000,업무시설,11-20대,1124
41,경기,41590,01000,단독주택,21-50대,226
48,경남,48730,02000,공동주택,100대 이상,29416
28,인천,28177,07000,판매시설,21-50대,277
41,경기,41135,14000,업무시설,11-20대,207
45,전북,45740,03000,제1종근린생활시설,51-100대,84
29,광주,29170,20000,자동차관련시설,100대 이상,3620
41,경기,41220,06000,종교시설,10대 이하,451
27,대구,27290,10000,교육연구시설,10대 이하,432
11,서울,11680,03000,제1종근린생활시설,51-100대,1011
31,울산,31140,,,21-50대,63
46,전남,46870,15000,숙박시설,11-20대,142
27,대구,27290,15000,숙박시설,51-100대,201
47,경북,47190,02000,공동주택,21-50대,2549
45,전북,45140,19000,위험물저장및처리시설,10대 이하,144
45,전북,45770,07000,판매시설,10대 이하,0
11,서울,11170,03000,제1종근린생활시설,11-20대,362
45,전북,45740,14000,업무시설,21-50대,139
41,경기,41250,04000,제2종근린생활시설,11-20대,254
50,제주,50130,29000,장례시설,10대 이하,8
28,인천,28185,06000,종교시설,10대 이하,117
43,충북,43113,25000,발전시설,11-20대,18
51,강원,51130,Z8000,교육연구및복지시설,11-20대,14
47,경북,47280,03000,제1종근린생활시설,10대 이하,892
41,경기,41610,18000,창고시설,10대 이하,4354
46,전남,46870,29000,장례시설,10대 이하,10
29,광주,29140,18000,창고시설,100대 이상,124
51,강원,51780,18000,창고시설,10대 이하,264
47,경북,47113,07000,판매시설,21-50대,173
44,충남,44133,Z8000,교육연구및복지시설,100대 이상,888
28,인천,28110,08000,운수시설,21-50대,911
11,서울,11500,10000,교육연구시설,100대 이상,12725
43,충북,43740,17000,공장,21-50대,549
41,경기,41450,09000,의료시설,21-50대,57
30,대전,30230,15000,숙박시설,21-50대,149
26,부산,26230,,,11-20대,76
41,경기,41111,20000,자동차관련시설,21-50대,170
48,경남,48121,15000,숙박시설,10대 이하,196
46,전남,46810,03000,제1종근린생활시설,51-100대,52
43,충북,43720,27000,관광휴게시설,21-50대,23
41,경기,41113,04000,제2종근린생활시설,100대 이상,1035
27,대구,27260,13000,운동시설,21-50대,328
41,경기,41271,15000,숙박시설,10대 이하,88
27,대구,27710,03000,제1종근린생활시설,51-100대,1149
41,경기,41135,07000,판매시설,11-20대,46
51,강원,51110,15000,숙박시설,21-50대,93
26,부산,26500,19000,위험물저장및처리시설,10대 이하,32
41,경기,41650,09000,의료시설,21-50대,149
51,강원,51150,13000,운동시설,11-20대,101
45,전북,45180,10000,교육연구시설,11-20대,63
11,서울,11650,Z5000,문화및집회시설,10대 이하,0
26,부산,26110,14000,업무시설,100대 이상,2663
46,전남,46910,14000,업무시설,51-100대,219
48,경남,48740,20000,자동차관련시설,11-20대,30
47,경북,47770,20000,자동차관련시설,10대 이하,19
11,서울,11320,02000,공동주택,100대 이상,211843
41,경기,41430,19000,위험물저장및처리시설,10대 이하,67
41,경기,41370,19000,위험물저장및처리시설,11-20대,86
11,서울,11530,02000,공동주택,21-50대,4409
29,광주,29110,20000,자동차관련시설,21-50대,240
41,경기,41670,23000,교정및군사시설,51-100대,156
29,광주,29200,31000,야영장시설,10대 이하,0
43,충북,43130,22000,분뇨.쓰레기처리시설,51-100대,83
41,경기,41370,10000,교육연구시설,21-50대,1430
45,전북,45140,10000,교육연구시설,100대 이상,2789
46,전남,46770,03000,제1종근린생활시설,100대 이상,527
44,충남,44200,29000,장례시설,10대 이하,8
50,제주,50130,15000,숙박시설,10대 이하,1580
11,서울,11260,20000,자동차관련시설,10대 이하,11
41,경기,41173,05000,문화및집회시설,21-50대,35
11,서울,11560,03000,제1종근린생활시설,10대 이하,1781
41,경기,41550,20000,자동차관련시설,11-20대,56
41,경기,41630,14000,업무시설,10대 이하,26
41,경기,41273,18000,창고시설,11-20대,60
43,충북,43150,04100,운동시설,21-50대,22
47,경북,47230,02000,공동주택,11-20대,297
28,인천,28177,10000,교육연구시설,100대 이상,13199
11,서울,11680,07000,판매시설,10대 이하,8
50,제주,50110,Z8000,교육연구및복지시설,51-100대,58
51,강원,51730,Z5000,문화및집회시설,11-20대,26
28,인천,28140,11000,노유자시설,11-20대,29
47,경북,47840,01000,단독주택,11-20대,1052
28,인천,28177,01000,단독주택,11-20대,58
46,전남,46840,07000,판매시설,10대 이하,3
26,부산,26380,03000,제1종근린생활시설,21-50대,1039
48,경남,48840,11000,노유자시설,21-50대,51
41,경기,41670,12000,수련시설,51-100대,100
43,충북,43745,03000,제1종근린생활시설,11-20대,138
41,경기,41133,21000,동물및식물관련시설,10대 이하,1
43,충북,43760,16000,위락시설,10대 이하,0
44,충남,44131,,,10대 이하,38
48,경남,48330,06000,종교시설,51-100대,133
29,광주,29170,09000,의료시설,100대 이상,2395
11,서울,11545,Z3000,근린생활시설,100대 이상,480
47,경북,47900,,,51-100대,74
41,경기,41281,20000,자동차관련시설,11-20대,145
41,경기,41820,01000,단독주택,11-20대,584
48,경남,48850,02000,공동주택,51-100대,317
11,서울,11710,22000,분뇨.쓰레기처리시설,100대 이상,294
41,경기,41670,14000,업무시설,10대 이하,25
41,경기,41830,13000,운동시설,10대 이하,20
26,부산,26500,20000,자동차관련시설,10대 이하,44
48,경남,48220,20000,자동차관련시설,51-100대,267
41,경기,41133,14000,업무시설,11-20대,64
41,경기,41480,04000,제2종근린생활시설,11-20대,3788
41,경기,41480,02000,공동주택,11-20대,6688
48,경남,48330,04000,제2종근린생활시설,10대 이하,6237
48,경남,48310,24000,방송통신시설,10대 이하,2
48,경남,48720,05000,문화및집회시설,11-20대,20
11,서울,11350,04000,제2종근린생활시설,10대 이하,2676
30,대전,30140,11000,노유자시설,10대 이하,268
41,경기,41271,11000,노유자시설,100대 이상,2385
41,경기,41390,Z8000,교육연구및복지시설,10대 이하,4
11,서울,11530,13000,운동시설,51-100대,98
47,경북,47111,03000,제1종근린생활시설,11-20대,640
45,전북,45111,01000,단독주택,51-100대,58
11,서울,11740,20000,자동차관련시설,51-100대,388
48,경남,48129,06000,종교시설,11-20대,128
29,광주,29155,22000,분뇨.쓰레기처리시설,10대 이하,13
47,경북,47210,27000,관광휴게시설,10대 이하,0
51,강원,51150,07000,판매시설,10대 이하,22
47,경북,47190,31000,야영장시설,10대 이하,3
41,경기,41271,02000,공동주택,51-100대,255
48,경남,48129,17200,유해공장,10대 이하,18
41,경기,41500,07000,판매시설,10대 이하,7
41,경기,41210,20000,자동차관련시설,51-100대,372
28,인천,28720,04000,제2종근린생활시설,11-20대,184
46,전남,46780,05000,문화및집회시설,100대 이상,699
41,경기,41171,04000,제2종근린생활시설,100대 이상,120
46,전남,46230,30000,자원순환관련시설,21-50대,40
46,전남,46890,03000,제1종근린생활시설,100대 이상,199
41,경기,41135,04000,제2종근린생활시설,10대 이하,1588
27,대구,27110,06000,종교시설,51-100대,80
11,서울,11560,15000,숙박시설,100대 이상,437
48,경남,48123,15000,숙박시설,10대 이하,141
47,경북,47111,30000,자원순환관련시설,21-50대,181
45,전북,45140,,,10대 이하,258
41,경기,41290,06000,종교시설,10대 이하,9
11,서울,11620,11000,노유자시설,10대 이하,230
26,부산,26140,18000,창고시설,21-50대,220
27,대구,27260,Z5000,문화및집회시설,10대 이하,6
11,서울,11410,17000,공장,10대 이하,0
28,인천,28110,15000,숙박시설,51-100대,207
30,대전,30110,13000,운동시설,11-20대,30
44,충남,44210,10000,교육연구시설,11-20대,154
44,충남,44150,17000,공장,11-20대,449
46,전남,46860,18000,창고시설,51-100대,66
47,경북,47230,13000,운동시설,11-20대,100
51,강원,51820,,,10대 이하,37
45,전북,45130,10000,교육연구시설,10대 이하,226
43,충북,43770,23000,교정및군사시설,10대 이하,0
41,경기,41111,13000,운동시설,100대 이상,594
44,충남,44825,14000,업무시설,100대 이상,989
48,경남,48125,Z8000,교육연구및복지시설,21-50대,44
46,전남,46770,10000,교육연구시설,11-20대,158
47,경북,47280,10000,교육연구시설,21-50대,300
48,경남,48220,20000,자동차관련시설,100대 이상,140
48,경남,48840,01000,단독주택,10대 이하,1269
48,경남,48310,11000,노유자시설,100대 이상,959
43,충북,43760,10000,교육연구시설,51-100대,76
30,대전,30170,02000,공동주택,11-20대,1467
43,충북,43770,12000,수련시설,21-50대,29
45,전북,45750,02000,공동주택,21-50대,207
41,경기,41370,03000,제1종근린생활시설,51-100대,326
43,충북,43730,10000,교육연구시설,11-20대,24
27,대구,27710,07000,판매시설,21-50대,106
28,인천,28110,08000,운수시설,10대 이하,168
41,경기,41550,04000,제2종근린생활시설,100대 이상,472
11,서울,11305,10000,교육연구시설,11-20대,119
46,전남,46800,10000,교육연구시설,21-50대,277
50,제주,50130,14000,업무시설,11-20대,300
48,경남,48730,14000,업무시설,11-20대,144
41,경기,41450,31000,야영장시설,10대 이하,11
44,충남,44770,29000,장례시설,51-100대,81
41,경기,41550,13000,운동시설,10대 이하,33
28,인천,28140,04000,제2종근린생활시설,11-20대,94
46,전남,46710,05000,문화및집회시설,51-100대,176
41,경기,41370,24000,방송통신시설,10대 이하,14
44,충남,44210,21000,동물및식물관련시설,21-50대,82
47,경북,47840,07000,판매시설,10대 이하,30
48,경남,48127,17000,공장,100대 이상,5511
26,부산,26170,14000,업무시설,21-50대,1192
48,경남,48220,17000,공장,21-50대,424
41,경기,41800,03000,제1종근린생활시설,21-50대,177
46,전남,46710,,,10대 이하,16
27,대구,27140,14000,업무시설,21-50대,1042
41,경기,41590,23000,교정및군사시설,10대 이하,46
27,대구,27290,09000,의료시설,10대 이하,4
47,경북,47750,25000,발전시설,11-20대,17
46,전남,46830,23000,교정및군사시설,11-20대,102
41,경기,41820,21000,동물및식물관련시설,10대 이하,347
27,대구,27110,18000,창고시설,10대 이하,122
48,경남,48270,16000,위락시설,10대 이하,40
31,울산,31110,06000,종교시설,10대 이하,142
44,충남,44800,14000,업무시설,11-20대,174
31,울산,31710,14000,업무시설,10대 이하,98
45,전북,45190,07000,판매시설,21-50대,120
47,경북,47250,17000,공장,21-50대,734
27,대구,27260,27000,관광휴게시설,10대 이하,6
41,경기,41310,09000,의료시설,100대 이상,693
11,서울,11560,05000,문화및집회시설,11-20대,26
26,부산,26290,17000,공장,10대 이하,118
28,인천,28260,02000,공동주택,10대 이하,11910
41,경기,41190,17000,공장,10대 이하,5543
45,전북,45140,09000,의료시설,100대 이상,11400
11,서울,11320,21000,동물및식물관련시설,10대 이하,0
47,경북,47190,29000,장례시설,100대 이상,133
48,경남,48720,08000,운수시설,10대 이하,9
47,경북,47170,17000,공장,100대 이상,1454
26,부산,26320,04000,제2종근린생활시설,100대 이상,438
51,강원,51810,15000,숙박시설,100대 이상,102
27,대구,27710,09000,의료시설,10대 이하,6
27,대구,27710,13000,운동시설,51-100대,329
45,전북,45140,20000,자동차관련시설,10대 이하,109
26,부산,26350,13000,운동시설,11-20대,29
30,대전,30110,07000,판매시설,11-20대,46
27,대구,27170,14000,업무시설,51-100대,278
41,경기,41590,17000,공장,51-100대,11947
45,전북,45130,18000,창고시설,100대 이상,1957
48,경남,48330,21000,동물및식물관련시설,11-20대,15
27,대구,27200,07000,판매시설,11-20대,40
46,전남,46840,19000,위험물저장및처리시설,11-20대,40
48,경남,48270,27000,관광휴게시설,51-100대,66
45,전북,45750,33000,"국방,군사시설",10대 이하,0
45,전북,45180,04000,제2종근린생활시설,21-50대,273
44,충남,44230,11000,노유자시설,51-100대,221
46,전남,46780,13000,운동시설,11-20대,27
45,전북,45113,12000,수련시설,10대 이하,7
41,경기,41283,Z8000,교육연구및복지시설,100대 이상,3432
47,경북,47940,08000,운수시설,10대 이하,1
48,경남,48880,08000,운수시설,10대 이하,15
41,경기,41171,04000,제2종근린생활시설,21-50대,340
51,강원,51820,04000,제2종근린생활시설,100대 이상,2095
47,경북,47280,03001,소매점,10대 이하,4
26,부산,26500,30000,자원순환관련시설,10대 이하,0
43,충북,43800,09000,의료시설,11-20대,15
48,경남,48870,10000,교육연구시설,100대 이상,165
45,전북,45210,27000,관광휴게시설,100대 이상,366
46,전남,46720,13000,운동시설,21-50대,94
46,전남,46790,27000,관광휴게시설,10대 이하,0
41,경기,41590,27000,관광휴게시설,11-20대,90
46,전남,46890,,,11-20대,45
31,울산,31110,03000,제1종근린생활시설,100대 이상,507
48,경남,48240,03000,제1종근린생활시설,21-50대,722
51,강원,51230,02000,공동주택,100대 이상,12484
45,전북,45180,23000,교정및군사시설,10대 이하,3
11,서울,11200,,,10대 이하,12
46,전남,46860,13000,운동시설,10대 이하,4
26,부산,26320,Z5000,문화및집회시설,10대 이하,0
11,서울,11260,02000,공동주택,10대 이하,18383
11,서울,11620,14000,업무시설,11-20대,1712
11,서울,11680,02000,공동주택,100대 이상,255524
41,경기,41390,27000,관광휴게시설,10대 이하,16
29,광주,29110,Z8000,교육연구및복지시설,11-20대,12
51,강원,51110,Z8000,교육연구및복지시설,51-100대,257
46,전남,46910,02000,공동주택,11-20대,60
45,전북,45130,18000,창고시설,21-50대,319
51,강원,51230,Z3000,근린생활시설,10대 이하,26
51,강원,51720,02000,공동주택,11-20대,425
43,충북,43130,,,51-100대,164
44,충남,44180,12000,수련시설,10대 이하,12
41,경기,41820,03000,제1종근린생활시설,10대 이하,1403
48,경남,48240,24000,방송통신시설,21-50대,27
26,부산,26260,15000,숙박시설,21-50대,157
11,서울,11500,06000,종교시설,10대 이하,259
27,대구,27720,30000,자원순환관련시설,51-100대,96
11,서울,11350,10000,교육연구시설,21-50대,1523
46,전남,46130,08000,운수시설,11-20대,49
41,경기,41550,11000,노유자시설,51-100대,111
26,부산,26350,17000,공장,21-50대,358
48,경남,48890,03000,제1종근린생활시설,51-100대,63
48,경남,48330,06000,종교시설,11-20대,288
27,대구,27710,10000,교육연구시설,100대 이상,5182
41,경기,41220,08000,운수시설,10대 이하,28
48,경남,48240,02000,공동주택,21-50대,1506
11,서울,11215,14000,업무시설,11-20대,787
43,충북,43130,31000,야영장시설,10대 이하,2
31,울산,31110,04000,제2종근린생활시설,10대 이하,2574
44,충남,44131,31000,야영장시설,10대 이하,83
46,전남,46710,06000,종교시설,21-50대,79
43,충북,43113,05000,문화및집회시설,11-20대,66
26,부산,26380,19000,위험물저장및처리시설,10대 이하,147
47,경북,47230,15000,숙박시설,51-100대,264
41,경기,41310,07000,판매시설,11-20대,125
46,전남,46230,29000,장례시설,51-100대,55
47,경북,47760,24000,방송통신시설,21-50대,41
48,경남,48730,11100,아동관련시설,10대 이하,0
29,광주,29200,30000,자원순환관련시설,11-20대,47
28,인천,28140,10000,교육연구시설,11-20대,29
27,대구,27230,04000,제2종근린생활시설,21-50대,665
45,전북,45740,10000,교육연구시설,100대 이상,1386
26,부산,26500,07000,판매시설,10대 이하,0
29,광주,29170,24000,방송통신시설,21-50대,40
41,경기,41115,06000,종교시설,10대 이하,80
26,부산,26410,01000,단독주택,21-50대,24
47,경북,47750,30000,자원순환관련시설,10대 이하,2
51,강원,51230,18000,창고시설,21-50대,52
48,경남,48240,06000,종교시설,21-50대,175
26,부산,26440,19000,위험물저장및처리시설,10대 이하,318
11,서울,11500,03000,제1종근린생활시설,100대 이상,2164
51,강원,51820,10000,교육연구시설,11-20대,150
11,서울,11260,04000,제2종근린생활시설,10대 이하,3578
47,경북,47840,Z5000,문화및집회시설,10대 이하,0
31,울산,31170,30000,자원순환관련시설,21-50대,49
44,충남,44150,21000,동물및식물관련시설,10대 이하,14
48,경남,48730,13000,운동시설,10대 이하,30
41,경기,41590,24000,방송통신시설,100대 이상,845
44,충남,44230,07000,판매시설,11-20대,14
11,서울,11590,01000,단독주택,11-20대,51
46,전남,46910,14000,업무시설,10대 이하,14
45,전북,45140,14000,업무시설,21-50대,712
48,경남,48123,13000,운동시설,51-100대,187
48,경남,48850,15000,숙박시설,21-50대,116
41,경기,41610,13000,운동시설,100대 이상,7650
41,경기,41570,19000,위험물저장및처리시설,21-50대,77
26,부산,26320,16000,위락시설,10대 이하,15
28,인천,28245,19000,위험물저장및처리시설,11-20대,14
48,경남,48129,12000,수련시설,11-20대,22
43,충북,43113,15000,숙박시설,100대 이상,393
47,경북,47170,30000,자원순환관련시설,21-50대,21
46,전남,46820,02000,공동주택,10대 이하,175
27,대구,27290,17000,공장,10대 이하,7333
31,울산,31170,09000,의료시설,51-100대,131
46,전남,46840,,,11-20대,11
11,서울,11110,11000,노유자시설,10대 이하,146
43,충북,43112,,,21-50대,42
45,전북,45190,17000,공장,21-50대,862
48,경남,48840,01000,단독주택,21-50대,103
47,경북,47730,21000,동물및식물관련시설,10대 이하,31
43,충북,43740,18000,창고시설,21-50대,21
51,강원,51730,11000,노유자시설,51-100대,51
46,전남,46900,15000,숙박시설,100대 이상,758
41,경기,41650,14000,업무시설,100대 이상,273
27,대구,27230,09000,의료시설,51-100대,776
31,울산,31710,03000,제1종근린생활시설,21-50대,1876
11,서울,11140,17000,공장,10대 이하,23
46,전남,46870,13000,운동시설,11-20대,51
47,경북,47730,09000,의료시설,11-20대,46
50,제주,50110,16000,위락시설,51-100대,52
11,서울,11230,17000,공장,11-20대,11
41,경기,41271,33000,"국방,군사시설",10대 이하,0
43,충북,43112,17000,공장,100대 이상,6305
48,경남,48820,09000,의료시설,11-20대,12
41,경기,41285,07000,판매시설,11-20대,12
11,서울,11740,14000,업무시설,51-100대,1800
46,전남,46910,08000,운수시설,21-50대,30
11,서울,11710,05000,문화및집회시설,10대 이하,29
47,경북,47250,15000,숙박시설,10대 이하,98
44,충남,44270,Z6000,판매및영업시설,10대 이하,0
44,충남,44825,05000,문화및집회시설,10대 이하,17
41,경기,41360,18000,창고시설,100대 이상,872
47,경북,47113,09000,의료시설,10대 이하,62
41,경기,41800,03000,제1종근린생활시설,100대 이상,303
45,전북,45140,27000,관광휴게시설,100대 이상,450
47,경북,47760,14000,업무시설,100대 이상,123
47,경북,47113,10000,교육연구시설,10대 이하,231
44,충남,44150,04000,제2종근린생활시설,10대 이하,1598
11,서울,11305,07000,판매시설,10대 이하,14
43,충북,43740,,,51-100대,86
43,충북,43112,08000,운수시설,21-50대,56
43,충북,43720,08000,운수시설,10대 이하,0
47,경북,47940,05000,문화및집회시설,100대 이상,555
27,대구,27710,,,11-20대,30
43,충북,43150,15000,숙박시설,11-20대,226
11,서울,11740,11000,노유자시설,11-20대,90
46,전남,46810,28000,가설건축물,10대 이하,0
46,전남,46870,Z5000,문화및집회시설,11-20대,12
26,부산,26320,20000,자동차관련시설,100대 이상,848
48,경남,48310,12000,수련시설,11-20대,17
45,전북,45800,25000,발전시설,10대 이하,0
50,제주,50110,18000,창고시설,100대 이상,2358
26,부산,26410,12000,수련시설,10대 이하,8
11,서울,11410,04000,제2종근린생활시설,51-100대,268
27,대구,27260,12000,수련시설,10대 이하,5
46,전남,46770,25000,발전시설,21-50대,25
11,서울,11500,14000,업무시설,100대 이상,29351
41,경기,41820,Z9000,공공용시설,10대 이하,0
11,서울,11740,18000,창고시설,10대 이하,13
41,경기,41111,08000,운수시설,51-100대,58
45,전북,45750,14000,업무시설,11-20대,36
11,서울,11470,07000,판매시설,21-50대,93
45,전북,45720,07000,판매시설,10대 이하,0
45,전북,45720,11000,노유자시설,21-50대,62
51,강원,51820,03000,제1종근린생활시설,11-20대,245
48,경남,48720,17000,공장,51-100대,635
44,충남,44790,10000,교육연구시설,21-50대,75
51,강원,51110,17000,공장,100대 이상,2228
41,경기,41461,,,10대 이하,29
31,울산,31110,13000,운동시설,11-20대,53
11,서울,11215,03000,제1종근린생활시설,21-50대,639
47,경북,47113,18000,창고시설,100대 이상,1011
41,경기,41550,24000,방송통신시설,100대 이상,115
26,부산,26470,02000,공동주택,10대 이하,4809
45,전북,45210,09000,의료시설,100대 이상,756
41,경기,41210,01000,단독주택,11-20대,12
48,경남,48220,24000,방송통신시설,10대 이하,0
44,충남,44200,09000,의료시설,11-20대,28
47,경북,47230,Z3000,근린생활시설,10대 이하,23
41,경기,41590,16000,위락시설,10대 이하,22
11,서울,11620,13000,운동시설,10대 이하,4
11,서울,11200,06000,종교시설,51-100대,242
26,부산,26320,17000,공장,11-20대,56
44,충남,44800,02000,공동주택,21-50대,1503
47,경북,47150,10000,교육연구시설,11-20대,102
41,경기,41133,01000,단독주택,11-20대,27
41,경기,41210,04000,제2종근린생활시설,100대 이상,118
41,경기,41450,17000,공장,100대 이상,14451
44,충남,44200,20000,자동차관련시설,21-50대,491
44,충남,44710,23000,교정및군사시설,10대 이하,4
41,경기,41480,27000,관광휴게시설,21-50대,78
11,서울,11140,15000,숙박시설,10대 이하,159
45,전북,45113,11000,노유자시설,21-50대,76
41,경기,41281,13000,운동시설,51-100대,726
29,광주,29200,Z5000,문화및집회시설,10대 이하,27
41,경기,41630,25000,발전시설,10대 이하,0
51,강원,51720,19000,위험물저장및처리시설,11-20대,35
44,충남,44131,07000,판매시설,100대 이상,2509
27,대구,27720,14000,업무시설,11-20대,39
43,충북,43750,09000,의료시설,11-20대,14
44,충남,44131,13000,운동시설,21-50대,208
45,전북,45800,15000,숙박시설,21-50대,215
45,전북,45210,13000,운동시설,11-20대,37
29,광주,29200,11000,노유자시설,11-20대,203
47,경북,47940,21000,동물및식물관련시설,10대 이하,34
31,울산,31110,02000,공동주택,11-20대,3294
44,충남,44810,06000,종교시설,10대 이하,177
47,경북,47290,18000,창고시설,10대 이하,564
27,대구,27140,Z6000,판매및영업시설,10대 이하,0
11,서울,11590,01000,단독주택,100대 이상,646
41,경기,41271,11000,노유자시설,51-100대,63
51,강원,51210,Z3000,근린생활시설,11-20대,30
26,부산,26470,07000,판매시설,100대 이상,4537
47,경북,47150,Z5000,문화및집회시설,10대 이하,3
41,경기,41390,30000,자원순환관련시설,21-50대,111
41,경기,41111,13000,운동시설,51-100대,91
11,서울,11320,02000,공동주택,51-100대,2121
47,경북,47210,30000,자원순환관련시설,21-50대,34
44,충남,44131,02000,공동주택,21-50대,1881
43,충북,43750,07000,판매시설,100대 이상,920
26,부산,26200,10000,교육연구시설,10대 이하,49
41,경기,41273,25000,발전시설,10대 이하,3
43,충북,43130,,,100대 이상,1650
44,충남,44825,24000,방송통신시설,10대 이하,2
48,경남,48890,13000,운동시설,100대 이상,1707
46,전남,46780,01000,단독주택,10대 이하,1332
48,경남,48720,17000,공장,10대 이하,302
47,경북,47250,17000,공장,11-20대,269
30,대전,30110,11000,노유자시설,11-20대,64
41,경기,41630,22000,분뇨.쓰레기처리시설,10대 이하,79
45,전북,45111,21000,동물및식물관련시설,11-20대,16
30,대전,30110,Z5000,문화및집회시설,10대 이하,10
45,전북,45140,29000,장례시설,100대 이상,264
41,경기,41461,10000,교육연구시설,51-100대,1821
41,경기,41310,06000,종교시설,10대 이하,107
48,경남,48127,01000,단독주택,10대 이하,3844
11,서울,11260,19000,위험물저장및처리시설,10대 이하,18
26,부산,26230,04000,제2종근린생활시설,100대 이상,10519
45,전북,45770,05000,문화및집회시설,21-50대,70
11,서울,11680,24000,방송통신시설,100대 이상,506
26,부산,26320,06000,종교시설,100대 이상,347
46,전남,46710,30000,자원순환관련시설,10대 이하,9
45,전북,45210,02000,공동주택,11-20대,119
46,전남,46720,02000,공동주택,51-100대,409
51,강원,51190,17000,공장,10대 이하,294
43,충북,43745,17000,공장,21-50대,1293
11,서울,11740,10000,교육연구시설,21-50대,774
44,충남,44800,01000,단독주택,11-20대,1468
30,대전,30140,21000,동물및식물관련시설,10대 이하,4
45,전북,45130,,,11-20대,11
31,울산,31140,22000,분뇨.쓰레기처리시설,10대 이하,19
41,경기,41281,20000,자동차관련시설,21-50대,305
27,대구,27110,01000,단독주택,10대 이하,4043
44,충남,44770,12000,수련시설,11-20대,18
11,서울,11305,14000,업무시설,51-100대,941
41,경기,41390,14000,업무시설,10대 이하,95
47,경북,47920,16000,위락시설,10대 이하,0
41,경기,41480,30000,자원순환관련시설,21-50대,225
45,전북,45180,14000,업무시설,11-20대,101
47,경북,47111,23000,교정및군사시설,100대 이상,102
29,광주,29170,Z3000,근린생활시설,11-20대,28
11,서울,11530,Z6000,판매및영업시설,100대 이상,766
45,전북,45740,11000,노유자시설,21-50대,43
44,충남,44800,20000,자동차관련시설,100대 이상,131
46,전남,46820,08000,운수시설,21-50대,45
48,경남,48720,12000,수련시설,11-20대,52
48,경남,48220,03000,제1종근린생활시설,11-20대,348
11,서울,11620,15000,숙박시설,10대 이하,326
47,경북,47290,19000,위험물저장및처리시설,21-50대,88
26,부산,26350,09000,의료시설,51-100대,83
48,경남,48250,08000,운수시설,21-50대,31
11,서울,11650,10000,교육연구시설,11-20대,694
41,경기,41250,31000,야영장시설,10대 이하,14
11,서울,11305,14000,업무시설,21-50대,564
46,전남,46800,27000,관광휴게시설,100대 이상,526
51,강원,51720,01000,단독주택,51-100대,332
26,부산,26290,07000,판매시설,100대 이상,1516
44,충남,44150,03000,제1종근린생활시설,10대 이하,1091
41,경기,41115,10000,교육연구시설,11-20대,142
26,부산,26350,10000,교육연구시설,51-100대,1478
46,전남,46230,31000,야영장시설,10대 이하,4
41,경기,41310,20000,자동차관련시설,51-100대,596
41,경기,41220,10000,교육연구시설,21-50대,2023
28,인천,28710,22000,분뇨.쓰레기처리시설,21-50대,40
11,서울,11470,15000,숙박시설,11-20대,19
28,인천,28177,17000,공장,21-50대,795
46,전남,46110,,,21-50대,33
46,전남,46150,Z5000,문화및집회시설,10대 이하,0
46,전남,46900,17000,공장,10대 이하,152
48,경남,48170,26000,묘지관련시설,10대 이하,6
48,경남,48240,20000,자동차관련시설,100대 이상,187
51,강원,51210,05000,문화및집회시설,100대 이상,424
31,울산,31710,27000,관광휴게시설,11-20대,65
41,경기,41133,17000,공장,100대 이상,14763
50,제주,50110,01000,단독주택,11-20대,6327
26,부산,26500,04000,제2종근린생활시설,51-100대,189
27,대구,27170,Z3000,근린생활시설,10대 이하,10
43,충북,43150,30000,자원순환관련시설,11-20대,31
28,인천,28237,13000,운동시설,21-50대,70
29,광주,29155,Z9000,공공용시설,10대 이하,0
27,대구,27230,11000,노유자시설,10대 이하,303
28,인천,28260,02000,공동주택,21-50대,9778
27,대구,27720,31000,야영장시설,100대 이상,596
45,전북,45113,,,11-20대,42
43,충북,43130,18000,창고시설,11-20대,74
11,서울,11350,22000,분뇨.쓰레기처리시설,100대 이상,142
48,경남,48240,Z8000,교육연구및복지시설,10대 이하,0
47,경북,47940,17000,공장,11-20대,97
45,전북,45720,31000,야영장시설,10대 이하,10
48,경남,48330,12000,수련시설,100대 이상,204
41,경기,41171,07000,판매시설,51-100대,137
48,경남,48740,13000,운동시설,11-20대,130
47,경북,47750,Z3000,근린생활시설,10대 이하,0
46,전남,46900,04000,제2종근린생활시설,10대 이하,396
31,울산,31140,03000,제1종근린생활시설,10대 이하,3684
50,제주,50110,05000,문화및집회시설,100대 이상,9845
29,광주,29140,30000,자원순환관련시설,100대 이상,2050
48,경남,48125,Z3000,근린생활시설,21-50대,98
41,경기,41500,Z3000,근린생활시설,10대 이하,31
47,경북,47210,Z5000,문화및집회시설,10대 이하,0
48,경남,48240,08000,운수시설,10대 이하,7
44,충남,44810,29000,장례시설,21-50대,24
28,인천,28710,05000,문화및집회시설,100대 이상,159
41,경기,41465,14000,업무시설,21-50대,580
41,경기,41150,22000,분뇨.쓰레기처리시설,10대 이하,3
51,강원,51830,10000,교육연구시설,21-50대,172
31,울산,31710,19000,위험물저장및처리시설,51-100대,144
47,경북,47111,17000,공장,51-100대,3592
44,충남,44270,07000,판매시설,100대 이상,2591
45,전북,45710,29000,장례시설,10대 이하,0
41,경기,41250,11000,노유자시설,100대 이상,105
27,대구,27140,18000,창고시설,51-100대,258
51,강원,51720,13000,운동시설,10대 이하,53
45,전북,45750,05000,문화및집회시설,51-100대,70
51,강원,51720,16000,위락시설,100대 이상,199
43,충북,43750,30000,자원순환관련시설,51-100대,126
28,인천,28177,07000,판매시설,11-20대,30
28,인천,28710,03000,제1종근린생활시설,100대 이상,1348
43,충북,43720,12000,수련시설,10대 이하,0
47,경북,47113,02000,공동주택,11-20대,1366
46,전남,46890,13000,운동시설,10대 이하,17
26,부산,26230,14000,업무시설,100대 이상,10800
45,전북,45130,07000,판매시설,21-50대,319
46,전남,46880,27000,관광휴게시설,21-50대,70
26,부산,26200,15000,숙박시설,10대 이하,101
29,광주,29155,29000,장례시설,21-50대,35
28,인천,28245,11000,노유자시설,10대 이하,226
41,경기,41190,05000,문화및집회시설,21-50대,109
44,충남,44710,02000,공동주택,51-100대,690
31,울산,31710,01000,단독주택,11-20대,3238
11,서울,11560,10000,교육연구시설,51-100대,781
41,경기,41370,05000,문화및집회시설,51-100대,282
29,광주,29110,20000,자동차관련시설,100대 이상,1866
27,대구,27140,17000,공장,21-50대,721
48,경남,48250,03100,공공시설,10대 이하,0
50,제주,50110,24000,방송통신시설,21-50대,114
41,경기,41410,01000,단독주택,10대 이하,4816
41,경기,41550,02000,공동주택,21-50대,708
47,경북,47113,05000,문화및집회시설,10대 이하,30
48,경남,48310,10000,교육연구시설,21-50대,888
41,경기,41630,,,21-50대,136
44,충남,44131,22000,분뇨.쓰레기처리시설,51-100대,87
48,경남,48127,05000,문화및집회시설,10대 이하,0
27,대구,27200,19000,위험물저장및처리시설,10대 이하,24
45,전북,45800,10000,교육연구시설,11-20대,268
48,경남,48890,10000,교육연구시설,21-50대,282
28,인천,28720,Z8000,교육연구및복지시설,10대 이하,0
41,경기,41310,08000,운수시설,10대 이하,0
45,전북,45740,13000,운동시설,100대 이상,2862
48,경남,48820,09000,의료시설,21-50대,112
47,경북,47113,04000,제2종근린생활시설,100대 이상,1049
44,충남,44210,27000,관광휴게시설,10대 이하,3
45,전북,45140,29000,장례시설,10대 이하,0
47,경북,47750,27000,관광휴게시설,21-50대,86
48,경남,48250,11000,노유자시설,51-100대,127
26,부산,26380,08000,운수시설,11-20대,18
26,부산,26440,08000,운수시설,21-50대,49
43,충북,43800,11000,노유자시설,11-20대,19
31,울산,31200,14000,업무시설,100대 이상,2106
47,경북,47113,14000,업무시설,100대 이상,2017
41,경기,41210,06000,종교시설,21-50대,410
51,강원,51780,12000,수련시설,100대 이상,129
43,충북,43760,21000,동물및식물관련시설,11-20대,51
26,부산,26200,Z8000,교육연구및복지시설,10대 이하,0
48,경남,48310,12000,수련시설,51-100대,89
51,강원,51150,26000,묘지관련시설,100대 이상,290
47,경북,47280,14000,업무시설,10대 이하,24
41,경기,41461,23000,교정및군사시설,100대 이상,10709
27,대구,27170,02000,공동주택,100대 이상,38741
26,부산,26170,03000,제1종근린생활시설,51-100대,54
51,강원,51110,03000,제1종근린생활시설,11-20대,962
44,충남,44270,06000,종교시설,21-50대,333
26,부산,26500,16000,위락시설,10대 이하,7
45,전북,45790,07000,판매시설,10대 이하,0
48,경남,48730,27000,관광휴게시설,100대 이상,2810
47,경북,47190,,,10대 이하,15
29,광주,29140,22000,분뇨.쓰레기처리시설,51-100대,99
26,부산,26230,14000,업무시설,11-20대,1157
48,경남,48330,,,10대 이하,12
43,충북,43113,15000,숙박시설,10대 이하,498
41,경기,41550,19000,위험물저장및처리시설,51-100대,65
47,경북,47830,15000,숙박시설,11-20대,16
44,충남,44800,11000,노유자시설,11-20대,51
28,인천,28185,09000,의료시설,11-20대,37
11,서울,11350,Z8000,교육연구및복지시설,10대 이하,0
47,경북,47170,20000,자동차관련시설,21-50대,196
45,전북,45730,20000,자동차관련시설,10대 이하,3
44,충남,44800,07000,판매시설,21-50대,131
48,경남,48220,21000,동물및식물관련시설,10대 이하,33
41,경기,41310,Z5000,문화및집회시설,10대 이하,8
27,대구,27200,Z8000,교육연구및복지시설,21-50대,92
45,전북,45130,18000,창고시설,10대 이하,476
47,경북,47840,04000,제2종근린생활시설,100대 이상,167
26,부산,26110,07000,판매시설,100대 이상,254
11,서울,11200,18000,창고시설,51-100대,89
51,강원,51820,Z3000,근린생활시설,10대 이하,0
45,전북,45111,18000,창고시설,10대 이하,127
44,충남,44180,02000,공동주택,51-100대,1033
28,인천,28260,11000,노유자시설,10대 이하,529
48,경남,48330,06000,종교시설,21-50대,250
46,전남,46110,06000,종교시설,51-100대,279
28,인천,28200,08000,운수시설,21-50대,33
46,전남,46860,23000,교정및군사시설,10대 이하,5
48,경남,48330,07000,판매시설,11-20대,138
41,경기,41670,19000,위험물저장및처리시설,10대 이하,72
11,서울,11530,07000,판매시설,100대 이상,9557
28,인천,28200,22000,분뇨.쓰레기처리시설,21-50대,22
11,서울,11380,03000,제1종근린생활시설,11-20대,485
41,경기,41480,22000,분뇨.쓰레기처리시설,51-100대,70
41,경기,41820,22000,분뇨.쓰레기처리시설,11-20대,29
46,전남,46910,15000,숙박시설,51-100대,117
27,대구,27230,05000,문화및집회시설,51-100대,296
11,서울,11380,02000,공동주택,100대 이상,188036
51,강원,51230,24000,방송통신시설,10대 이하,0
46,전남,46770,17000,공장,100대 이상,126
41,경기,41550,03000,제1종근린생활시설,10대 이하,2984
48,경남,48330,21000,동물및식물관련시설,51-100대,96
47,경북,47290,04000,제2종근린생활시설,100대 이상,326
41,경기,41273,03000,제1종근린생활시설,21-50대,1607
43,충북,43111,22000,분뇨.쓰레기처리시설,10대 이하,15
28,인천,28260,Z3000,근린생활시설,21-50대,22
36,세종,36110,22000,분뇨.쓰레기처리시설,11-20대,45
44,충남,44210,15000,숙박시설,100대 이상,324
26,부산,26110,14000,업무시설,10대 이하,119
48,경남,48330,08000,운수시설,51-100대,90
44,충남,44133,07000,판매시설,11-20대,17
48,경남,48121,02000,공동주택,21-50대,2120
44,충남,44133,04000,제2종근린생활시설,51-100대,544
46,전남,46900,06000,종교시설,11-20대,25
48,경남,48890,31000,야영장시설,10대 이하,0
43,충북,43800,21000,동물및식물관련시설,10대 이하,10
41,경기,41500,23000,교정및군사시설,21-50대,119
27,대구,27200,Z8000,교육연구및복지시설,51-100대,59
46,전남,46770,11000,노유자시설,10대 이하,120
27,대구,27260,21000,동물및식물관련시설,10대 이하,5
41,경기,41590,12000,수련시설,51-100대,76
47,경북,47130,13000,운동시설,100대 이상,13799
46,전남,46790,04000,제2종근린생활시설,10대 이하,1629
43,충북,43760,14000,업무시설,100대 이상,188
43,충북,43750,11000,노유자시설,51-100대,105
43,충북,43770,06000,종교시설,10대 이하,139
46,전남,46110,07000,판매시설,51-100대,401
41,경기,41250,26000,묘지관련시설,21-50대,37
41,경기,41410,,,10대 이하,4
44,충남,44760,01000,단독주택,21-50대,27
51,강원,51110,14000,업무시설,51-100대,1827
11,서울,11320,24000,방송통신시설,10대 이하,3
51,강원,51820,12000,수련시설,10대 이하,4
41,경기,41117,Z8000,교육연구및복지시설,100대 이상,1150
48,경남,48129,17000,공장,11-20대,536
41,경기,41150,03000,제1종근린생활시설,10대 이하,2508
43,충북,43750,14000,업무시설,100대 이상,4486
48,경남,48129,18000,창고시설,51-100대,1291
51,강원,51790,14000,업무시설,51-100대,99
47,경북,47150,09000,의료시설,10대 이하,3
45,전북,45111,Z8000,교육연구및복지시설,100대 이상,956
45,전북,45210,18000,창고시설,21-50대,356
48,경남,48121,18000,창고시설,100대 이상,724
45,전북,45140,Z5000,문화및집회시설,100대 이상,111
50,제주,50130,26000,묘지관련시설,21-50대,42
30,대전,30170,12000,수련시설,10대 이하,0
26,부산,26530,14000,업무시설,100대 이상,1099
44,충남,44800,09000,의료시설,21-50대,39
41,경기,41610,10000,교육연구시설,10대 이하,189
26,부산,26380,05000,문화및집회시설,51-100대,51
11,서울,11620,Z3000,근린생활시설,11-20대,13
28,인천,28237,30000,자원순환관련시설,10대 이하,6
43,충북,43730,02000,공동주택,51-100대,416
11,서울,11500,20000,자동차관련시설,21-50대,217
46,전남,46860,03000,제1종근린생활시설,10대 이하,321
45,전북,45800,09000,의료시설,11-20대,13
51,강원,51110,25000,발전시설,100대 이상,2765
46,전남,46870,01000,단독주택,10대 이하,1072
41,경기,41550,27000,관광휴게시설,51-100대,70
44,충남,44230,06000,종교시설,11-20대,163
46,전남,46800,24000,방송통신시설,10대 이하,0
11,서울,11140,07000,판매시설,51-100대,761
48,경남,48720,01000,단독주택,21-50대,47
41,경기,41173,04000,제2종근린생활시설,51-100대,346
47,경북,47210,30000,자원순환관련시설,10대 이하,0
41,경기,41800,04000,제2종근린생활시설,11-20대,136
41,경기,41287,22000,분뇨.쓰레기처리시설,51-100대,82
47,경북,47210,14000,업무시설,100대 이상,148
43,충북,43760,04000,제2종근린생활시설,10대 이하,512
51,강원,51720,27000,관광휴게시설,10대 이하,5
41,경기,41360,14000,업무시설,51-100대,1062
46,전남,46150,26000,묘지관련시설,100대 이상,371
28,인천,28185,05000,문화및집회시설,51-100대,68
44,충남,44200,21000,동물및식물관련시설,11-20대,12
28,인천,28710,12000,수련시설,51-100대,53
41,경기,41650,21000,동물및식물관련시설,11-20대,111
43,충북,43130,12000,수련시설,100대 이상,146
41,경기,41310,04000,제2종근린생활시설,51-100대,214
41,경기,41450,10000,교육연구시설,11-20대,126
43,충북,43760,04000,제2종근린생활시설,21-50대,63
45,전북,45770,Z8000,교육연구및복지시설,21-50대,23
51,강원,51810,33000,"국방,군사시설",10대 이하,0
48,경남,48129,Z5000,문화및집회시설,21-50대,95
47,경북,47930,20000,자동차관련시설,10대 이하,28
41,경기,41287,20000,자동차관련시설,100대 이상,1019
45,전북,45130,,,21-50대,99
46,전남,46780,04000,제2종근린생활시설,10대 이하,525
51,강원,51820,11000,노유자시설,11-20대,44
51,강원,51810,13000,운동시설,51-100대,68
44,충남,44770,21000,동물및식물관련시설,51-100대,54
45,전북,45130,Z6000,판매및영업시설,51-100대,70
26,부산,26260,,,100대 이상,1531
11,서울,11200,,,21-50대,26
41,경기,41360,20000,자동차관련시설,10대 이하,310
48,경남,48270,11000,노유자시설,51-100대,98
41,경기,41670,08000,운수시설,10대 이하,0
44,충남,44790,22000,분뇨.쓰레기처리시설,51-100대,54
41,경기,41465,02000,공동주택,51-100대,1291
11,서울,11740,05000,문화및집회시설,100대 이상,353
26,부산,26500,02000,공동주택,10대 이하,7826
41,경기,41550,29000,장례시설,10대 이하,3
47,경북,47170,10000,교육연구시설,10대 이하,73
41,경기,41830,06000,종교시설,11-20대,116
50,제주,50130,23000,교정및군사시설,51-100대,51
46,전남,46710,02000,공동주택,51-100대,264
47,경북,47190,22000,분뇨.쓰레기처리시설,11-20대,32
51,강원,51230,27000,관광휴게시설,10대 이하,11
27,대구,27710,,,10대 이하,45
48,경남,48740,13000,운동시설,21-50대,166
46,전남,46910,07000,판매시설,100대 이상,105
31,울산,31140,13000,운동시설,10대 이하,20
11,서울,11215,,,21-50대,151
51,강원,51190,24000,방송통신시설,11-20대,17
46,전남,46840,07000,판매시설,21-50대,108
44,충남,44790,02000,공동주택,21-50대,484
47,경북,47150,,,100대 이상,1104
45,전북,45130,31000,야영장시설,10대 이하,0
45,전북,45800,23000,교정및군사시설,11-20대,14
30,대전,30110,02000,공동주택,11-20대,694
41,경기,41390,14000,업무시설,11-20대,201
47,경북,47111,19000,위험물저장및처리시설,51-100대,60
11,서울,11200,14000,업무시설,21-50대,2716
51,강원,51110,,,11-20대,32
47,경북,47840,Z8000,교육연구및복지시설,51-100대,77
46,전남,46830,17000,공장,51-100대,1544
31,울산,31110,17000,공장,10대 이하,28
51,강원,51800,17000,공장,10대 이하,134
41,경기,41135,11000,노유자시설,11-20대,132
11,서울,11140,17000,공장,21-50대,72
30,대전,30170,18000,창고시설,10대 이하,116
51,강원,51820,10000,교육연구시설,100대 이상,156
11,서울,11530,11000,노유자시설,100대 이상,253
41,경기,41800,19000,위험물저장및처리시설,21-50대,101
41,경기,41410,13000,운동시설,10대 이하,9
43,충북,43720,06000,종교시설,10대 이하,54
26,부산,26290,06000,종교시설,11-20대,147
30,대전,30110,10000,교육연구시설,21-50대,950
43,충북,43111,07000,판매시설,100대 이상,2392
11,서울,11170,Z3000,근린생활시설,11-20대,38
31,울산,31710,20000,자동차관련시설,21-50대,82
27,대구,27140,19000,위험물저장및처리시설,11-20대,30
41,경기,41650,Z3000,근린생활시설,11-20대,13
46,전남,46110,13000,운동시설,51-100대,239
46,전남,46710,16000,위락시설,10대 이하,2
47,경북,47920,20000,자동차관련시설,100대 이상,139
28,인천,28185,15000,숙박시설,11-20대,239
47,경북,47111,14000,업무시설,10대 이하,220
11,서울,11410,Z8000,교육연구및복지시설,21-50대,123
45,전북,45130,23000,교정및군사시설,11-20대,30
41,경기,41310,09000,의료시설,11-20대,69
43,충북,43113,09000,의료시설,11-20대,51
11,서울,11410,05000,문화및집회시설,10대 이하,44
46,전남,46720,07000,판매시설,11-20대,18
28,인천,28185,05000,문화및집회시설,21-50대,174
11,서울,11305,10000,교육연구시설,51-100대,744
28,인천,28200,23000,교정및군사시설,21-50대,108
50,제주,50130,02000,공동주택,10대 이하,2569
41,경기,41210,25000,발전시설,100대 이상,959
46,전남,46130,09000,의료시설,100대 이상,1495
26,부산,26170,08000,운수시설,10대 이하,0
41,경기,41500,24000,방송통신시설,100대 이상,111
26,부산,26290,13000,운동시설,51-100대,230
41,경기,41550,01000,단독주택,21-50대,47
46,전남,46780,13000,운동시설,51-100대,238
48,경남,48740,07000,판매시설,21-50대,145
41,경기,41131,20000,자동차관련시설,51-100대,774
43,충북,43720,14000,업무시설,10대 이하,32
41,경기,41590,Z8000,교육연구및복지시설,21-50대,32
46,전남,46800,14000,업무시설,100대 이상,135
41,경기,41500,04000,제2종근린생활시설,100대 이상,1526
11,서울,11470,03000,제1종근린생활시설,51-100대,414
46,전남,46710,20000,자동차관련시설,21-50대,30
46,전남,46880,27000,관광휴게시설,11-20대,19
48,경남,48240,09000,의료시설,21-50대,113
51,강원,51810,27000,관광휴게시설,21-50대,80
48,경남,48310,05000,문화및집회시설,51-100대,74
26,부산,26440,20000,자동차관련시설,100대 이상,6503
26,부산,26500,,,100대 이상,2634
27,대구,27170,02000,공동주택,11-20대,1293
26,부산,26260,Z8000,교육연구및복지시설,100대 이상,109
41,경기,41370,20000,자동차관련시설,21-50대,136
45,전북,45800,14000,업무시설,21-50대,420
43,충북,43150,03000,제1종근린생활시설,51-100대,63
47,경북,47820,22000,분뇨.쓰레기처리시설,10대 이하,3
47,경북,47280,05000,문화및집회시설,11-20대,16
46,전남,46800,04000,제2종근린생활시설,100대 이상,168
41,경기,41271,05000,문화및집회시설,11-20대,34
48,경남,48170,17000,공장,11-20대,1904
48,경남,48220,04201,교회,10대 이하,0
50,제주,50130,19000,위험물저장및처리시설,10대 이하,107
41,경기,41820,11000,노유자시설,11-20대,87
11,서울,11560,15000,숙박시설,10대 이하,241
41,경기,41590,15000,숙박시설,100대 이상,3549
46,전남,46170,11000,노유자시설,10대 이하,155
26,부산,26410,18000,창고시설,10대 이하,107
47,경북,47760,16000,위락시설,10대 이하,13
44,충남,44250,30000,자원순환관련시설,11-20대,12
43,충북,43730,26000,묘지관련시설,10대 이하,0
44,충남,44270,,,10대 이하,36
48,경남,48740,02000,공동주택,21-50대,881
29,광주,29170,Z5000,문화및집회시설,21-50대,42
44,충남,44230,10000,교육연구시설,51-100대,1156
31,울산,31170,05000,문화및집회시설,51-100대,148
29,광주,29140,01000,단독주택,11-20대,1533
46,전남,46910,18000,창고시설,11-20대,148
43,충북,43760,18000,창고시설,21-50대,53
41,경기,41480,18000,창고시설,11-20대,1000
46,전남,46820,15000,숙박시설,100대 이상,126
51,강원,51230,10000,교육연구시설,21-50대,150
47,경북,47920,18000,창고시설,51-100대,70
45,전북,45140,11000,노유자시설,100대 이상,681
41,경기,41173,14000,업무시설,10대 이하,65
44,충남,44131,10000,교육연구시설,10대 이하,160
46,전남,46770,21000,동물및식물관련시설,10대 이하,57
45,전북,45190,08000,운수시설,10대 이하,14
31,울산,31200,06000,종교시설,51-100대,90
29,광주,29110,07000,판매시설,51-100대,58
48,경남,48170,13000,운동시설,11-20대,144
28,인천,28710,14000,업무시설,11-20대,72
51,강원,51780,11000,노유자시설,11-20대,35
41,경기,41310,13000,운동시설,21-50대,132
28,인천,28177,15000,숙박시설,21-50대,102
11,서울,11410,10000,교육연구시설,51-100대,848
41,경기,41500,15000,숙박시설,100대 이상,5228
46,전남,46800,08000,운수시설,10대 이하,0
44,충남,44150,03000,제1종근린생활시설,21-50대,697
45,전북,45180,10000,교육연구시설,10대 이하,114
44,충남,44180,03000,제1종근린생활시설,51-100대,291
11,서울,11140,01000,단독주택,21-50대,25
26,부산,26260,05000,문화및집회시설,51-100대,259
47,경북,47900,14000,업무시설,21-50대,72
41,경기,41670,Z8000,교육연구및복지시설,10대 이하,10
51,강원,51170,11000,노유자시설,10대 이하,108
41,경기,41465,02000,공동주택,100대 이상,466460
11,서울,11290,10000,교육연구시설,11-20대,164
43,충북,43730,18000,창고시설,21-50대,218
26,부산,26440,,,21-50대,279
45,전북,45113,30000,자원순환관련시설,21-50대,22
44,충남,44770,30000,자원순환관련시설,11-20대,87
41,경기,41115,11000,노유자시설,10대 이하,162
48,경남,48170,30000,자원순환관련시설,100대 이상,150
45,전북,45130,25000,발전시설,21-50대,69
46,전남,46830,05000,문화및집회시설,10대 이하,47
45,전북,45140,,,21-50대,354
41,경기,41210,10000,교육연구시설,10대 이하,134
47,경북,47170,02000,공동주택,21-50대,713
47,경북,47920,Z5000,문화및집회시설,10대 이하,0
50,제주,50130,축사,,10대 이하,0
51,강원,51800,15000,숙박시설,21-50대,38
41,경기,41220,Z3000,근린생활시설,10대 이하,25
43,충북,43720,14000,업무시설,21-50대,326
43,충북,43112,07000,판매시설,51-100대,130
26,부산,26410,15000,숙박시설,11-20대,58
43,충북,43770,23000,교정및군사시설,11-20대,18
11,서울,11560,11000,노유자시설,10대 이하,125
48,경남,48890,17000,공장,10대 이하,152
41,경기,41830,27000,관광휴게시설,10대 이하,12
27,대구,27140,27000,관광휴게시설,10대 이하,6
29,광주,29155,10000,교육연구시설,100대 이상,31769
29,광주,29110,10000,교육연구시설,100대 이상,38382
48,경남,48730,02000,공동주택,21-50대,635
44,충남,44150,05000,문화및집회시설,21-50대,111
46,전남,46860,10000,교육연구시설,11-20대,24
47,경북,47770,01000,단독주택,21-50대,74
41,경기,41210,06000,종교시설,100대 이상,114
48,경남,48127,23000,교정및군사시설,10대 이하,0
41,경기,41610,08000,운수시설,51-100대,159
44,충남,44200,02000,공동주택,51-100대,1569
51,강원,51720,26000,묘지관련시설,21-50대,66
47,경북,47750,25000,발전시설,21-50대,26
11,서울,11320,06000,종교시설,10대 이하,195
11,서울,11350,Z6000,판매및영업시설,100대 이상,1013
46,전남,46880,Z8000,교육연구및복지시설,10대 이하,2
45,전북,45740,10000,교육연구시설,11-20대,38
11,서울,11350,16000,위락시설,21-50대,21
45,전북,45750,03000,제1종근린생활시설,100대 이상,255
28,인천,28185,17000,공장,51-100대,1742
41,경기,41283,19000,위험물저장및처리시설,10대 이하,0
45,전북,45180,11000,노유자시설,21-50대,293
41,경기,41461,18000,창고시설,100대 이상,11809
43,충북,43130,19000,위험물저장및처리시설,100대 이상,279
30,대전,30110,12000,수련시설,51-100대,83
26,부산,26200,20000,자동차관련시설,21-50대,166
46,전남,46720,27000,관광휴게시설,10대 이하,0
11,서울,11710,10000,교육연구시설,51-100대,2294
28,인천,28720,10000,교육연구시설,11-20대,72
11,서울,11560,17000,공장,100대 이상,9071
47,경북,47170,19000,위험물저장및처리시설,21-50대,25
29,광주,29155,09000,의료시설,11-20대,135
44,충남,44790,02000,공동주택,51-100대,137
51,강원,51730,08000,운수시설,100대 이상,208
46,전남,46730,11000,노유자시설,51-100대,82
41,경기,41210,03000,제1종근린생활시설,100대 이상,347
29,광주,29200,24000,방송통신시설,10대 이하,2
41,경기,41210,Z5000,문화및집회시설,21-50대,31
36,세종,36110,30000,자원순환관련시설,10대 이하,82
44,충남,44770,04000,제2종근린생활시설,10대 이하,531
44,충남,44825,03000,제1종근린생활시설,51-100대,150
48,경남,48870,05000,문화및집회시설,100대 이상,762
41,경기,41800,13000,운동시설,21-50대,24
41,경기,41115,14000,업무시설,21-50대,1081
41,경기,41480,05000,문화및집회시설,21-50대,291
45,전북,45130,30000,자원순환관련시설,51-100대,229
43,충북,43113,30000,자원순환관련시설,21-50대,69
41,경기,41310,03000,제1종근린생활시설,10대 이하,1067
41,경기,41463,Z5000,문화및집회시설,11-20대,11
51,강원,51750,17000,공장,10대 이하,242
44,충남,44770,12000,수련시설,51-100대,70
51,강원,51110,30000,자원순환관련시설,10대 이하,48
41,경기,41271,17000,공장,100대 이상,1531
48,경남,48270,10000,교육연구시설,100대 이상,546
11,서울,11545,05000,문화및집회시설,11-20대,11
43,충북,43730,27000,관광휴게시설,10대 이하,0
46,전남,46130,Z6000,판매및영업시설,10대 이하,0
45,전북,45790,02000,공동주택,10대 이하,119
26,부산,26230,04000,제2종근린생활시설,11-20대,679
48,경남,48125,09000,의료시설,51-100대,205
45,전북,45113,13000,운동시설,100대 이상,232
11,서울,11740,09000,의료시설,21-50대,476
47,경북,47290,10000,교육연구시설,51-100대,1659
26,부산,26170,07000,판매시설,10대 이하,10
41,경기,41590,19000,위험물저장및처리시설,21-50대,190
30,대전,30140,19000,위험물저장및처리시설,10대 이하,52
41,경기,41390,01000,단독주택,21-50대,174
11,서울,11545,20000,자동차관련시설,10대 이하,78
41,경기,41171,,,51-100대,187
11,서울,11320,20000,자동차관련시설,11-20대,57
45,전북,45790,,,11-20대,11
29,광주,29140,11000,노유자시설,10대 이하,330
30,대전,30110,12000,수련시설,10대 이하,0
47,경북,47170,Z8000,교육연구및복지시설,10대 이하,4
11,서울,11410,05000,문화및집회시설,11-20대,14
30,대전,30230,Z5000,문화및집회시설,11-20대,17
11,서울,11680,09000,의료시설,11-20대,214
11,서울,11440,05000,문화및집회시설,21-50대,85
51,강원,51810,23000,교정및군사시설,51-100대,650
51,강원,51810,01000,단독주택,10대 이하,1984
44,충남,44200,19000,위험물저장및처리시설,11-20대,77
51,강원,51830,14000,업무시설,21-50대,181
31,울산,31140,11000,노유자시설,100대 이상,297
46,전남,46730,22000,분뇨.쓰레기처리시설,10대 이하,4
46,전남,46900,04402,사무소,10대 이하,0
48,경남,48310,26000,묘지관련시설,100대 이상,105
50,제주,50110,04010,학원,10대 이하,0
41,경기,41450,09000,의료시설,100대 이상,126
41,경기,41220,08000,운수시설,21-50대,68
45,전북,45140,25000,발전시설,10대 이하,4
11,서울,11200,01000,단독주택,11-20대,67
41,경기,41171,10000,교육연구시설,10대 이하,136
41,경기,41800,09000,의료시설,10대 이하,0
28,인천,28110,07000,판매시설,51-100대,221
41,경기,41590,13000,운동시설,11-20대,293
26,부산,26350,17000,공장,51-100대,881
46,전남,46780,20000,자동차관련시설,10대 이하,43
41,경기,41281,03000,제1종근린생활시설,10대 이하,4508
41,경기,41630,17000,공장,21-50대,6051
48,경남,48330,27000,관광휴게시설,100대 이상,11831
26,부산,26350,02000,공동주택,11-20대,1937
41,경기,41465,23000,교정및군사시설,10대 이하,8
47,경북,47830,,,10대 이하,13
41,경기,41220,03000,제1종근린생활시설,100대 이상,5001
26,부산,26440,23000,교정및군사시설,51-100대,65
11,서울,11500,27000,관광휴게시설,10대 이하,0
48,경남,48170,13000,운동시설,21-50대,206
48,경남,48870,13000,운동시설,11-20대,128
41,경기,41135,18000,창고시설,100대 이상,206
26,부산,26230,07000,판매시설,11-20대,34
26,부산,26380,JY,,10대 이하,0
36,세종,36110,Z3000,근린생활시설,10대 이하,3
41,경기,41135,14000,업무시설,100대 이상,70668
44,충남,44770,08000,운수시설,10대 이하,4
44,충남,44760,02000,공동주택,10대 이하,677
47,경북,47940,01000,단독주택,11-20대,28
51,강원,51790,12000,수련시설,10대 이하,8
47,경북,47770,11000,노유자시설,51-100대,72
45,전북,45730,Z8000,교육연구및복지시설,10대 이하,4
31,울산,31710,17000,공장,100대 이상,202700
30,대전,30170,07000,판매시설,11-20대,14
51,강원,51150,04000,제2종근린생활시설,51-100대,542
41,경기,41830,Z5000,문화및집회시설,10대 이하,19
27,대구,27260,Z3000,근린생활시설,11-20대,41
29,광주,29110,29000,장례시설,10대 이하,5
27,대구,27290,01000,단독주택,11-20대,4347
48,경남,48720,01000,단독주택,10대 이하,682
41,경기,41150,23000,교정및군사시설,100대 이상,396
48,경남,48220,Z8000,교육연구및복지시설,10대 이하,0
26,부산,26380,Z6000,판매및영업시설,10대 이하,0
44,충남,44131,13000,운동시설,51-100대,308
47,경북,47250,29000,장례시설,10대 이하,0
43,충북,43150,07000,판매시설,11-20대,24
46,전남,46230,04000,제2종근린생활시설,21-50대,481
51,강원,51720,01000,단독주택,11-20대,337
26,부산,26260,20000,자동차관련시설,11-20대,34
41,경기,41450,17000,공장,51-100대,204
51,강원,51210,02000,공동주택,10대 이하,101
41,경기,41111,06000,종교시설,51-100대,310
47,경북,47280,31000,야영장시설,10대 이하,0
43,충북,43150,14000,업무시설,21-50대,480
46,전남,46880,,,21-50대,32
41,경기,41800,04000,제2종근린생활시설,10대 이하,688
26,부산,26440,15000,숙박시설,10대 이하,156
11,서울,11290,20000,자동차관련시설,21-50대,94
11,서울,11260,Z8000,교육연구및복지시설,51-100대,171
46,전남,46710,26000,묘지관련시설,21-50대,38
45,전북,45710,05000,문화및집회시설,51-100대,72
48,경남,48121,26000,묘지관련시설,10대 이하,0
41,경기,41830,10000,교육연구시설,51-100대,323
48,경남,48740,24000,방송통신시설,21-50대,31
28,인천,28140,09000,의료시설,51-100대,96
45,전북,45710,Z8000,교육연구및복지시설,10대 이하,3
41,경기,41390,18000,창고시설,10대 이하,198
45,전북,45790,15000,숙박시설,100대 이상,12447
11,서울,11350,10000,교육연구시설,100대 이상,12002
26,부산,26290,11000,노유자시설,10대 이하,138
41,경기,41820,09000,의료시설,51-100대,150
29,광주,29110,05000,문화및집회시설,100대 이상,4865
47,경북,47113,13000,운동시설,51-100대,585
44,충남,44800,29000,장례시설,10대 이하,3
28,인천,28237,14000,업무시설,10대 이하,390
48,경남,48170,,,11-20대,33
45,전북,45720,13000,운동시설,21-50대,161
46,전남,46170,14000,업무시설,100대 이상,18547
51,강원,51130,15000,숙박시설,11-20대,497
45,전북,45111,Z5000,문화및집회시설,11-20대,11
28,인천,28260,22000,분뇨.쓰레기처리시설,51-100대,81
31,울산,31710,10000,교육연구시설,10대 이하,251
46,전남,46130,Z8000,교육연구및복지시설,11-20대,15
46,전남,46710,18000,창고시설,51-100대,82
31,울산,31710,08000,운수시설,21-50대,27
45,전북,45710,12100,생활권수련시설,10대 이하,16
48,경남,48890,22000,분뇨.쓰레기처리시설,10대 이하,20
51,강원,51190,14000,업무시설,51-100대,300
44,충남,44180,30000,자원순환관련시설,10대 이하,6
46,전남,46880,14000,업무시설,21-50대,220
11,서울,11140,02000,공동주택,51-100대,785
41,경기,41465,14000,업무시설,100대 이상,4257
51,강원,51780,04000,제2종근린생활시설,10대 이하,812
48,경남,48740,02000,공동주택,10대 이하,823
50,제주,50130,27000,관광휴게시설,10대 이하,4
41,경기,41210,04000,제2종근린생활시설,11-20대,498
41,경기,41273,22000,분뇨.쓰레기처리시설,51-100대,100
47,경북,47820,08000,운수시설,10대 이하,11
36,세종,36110,23000,교정및군사시설,11-20대,51
26,부산,26290,Z8000,교육연구및복지시설,10대 이하,8
11,서울,11305,20000,자동차관련시설,51-100대,136
48,경남,48820,10000,교육연구시설,51-100대,195
46,전남,46150,06000,종교시설,11-20대,398
43,충북,43800,05000,문화및집회시설,21-50대,105
47,경북,47750,20000,자동차관련시설,10대 이하,8
41,경기,41111,14000,업무시설,51-100대,276
41,경기,41220,04999,기타제2종근린생활시설,10대 이하,2
41,경기,41463,24000,방송통신시설,51-100대,54
45,전북,45730,08000,운수시설,10대 이하,7
47,경북,47290,08000,운수시설,10대 이하,6
41,경기,41450,27000,관광휴게시설,10대 이하,0
28,인천,28710,04005,제조업소,10대 이하,1
50,제주,50110,26000,묘지관련시설,100대 이상,485
51,강원,51790,18000,창고시설,11-20대,102
50,제주,50110,11000,노유자시설,11-20대,386
44,충남,44270,18000,창고시설,100대 이상,1430
28,인천,28720,Z5000,문화및집회시설,10대 이하,0
47,경북,47250,,,11-20대,47
48,경남,48880,30000,자원순환관련시설,10대 이하,9
26,부산,26380,18000,창고시설,11-20대,116
26,부산,26320,10000,교육연구시설,100대 이상,4535
41,경기,41273,Z5000,문화및집회시설,100대 이상,233
45,전북,45720,22000,분뇨.쓰레기처리시설,10대 이하,28
30,대전,30200,15000,숙박시설,11-20대,495
41,경기,41171,09000,의료시설,11-20대,46
41,경기,41800,24000,방송통신시설,21-50대,49
46,전남,46110,14000,업무시설,10대 이하,534
51,강원,51130,33000,"국방,군사시설",10대 이하,1
41,경기,41131,23000,교정및군사시설,21-50대,48
51,강원,51130,19000,위험물저장및처리시설,21-50대,30
26,부산,26140,27000,관광휴게시설,51-100대,94
27,대구,27710,02000,공동주택,21-50대,451
26,부산,26140,07000,판매시설,100대 이상,3432
27,대구,27110,03000,제1종근린생활시설,10대 이하,1184
41,경기,41250,09000,의료시설,51-100대,260
46,전남,46150,21000,동물및식물관련시설,21-50대,69
27,대구,27170,17000,공장,100대 이상,1026
11,서울,11560,11000,노유자시설,21-50대,64
46,전남,46170,26000,묘지관련시설,10대 이하,10
48,경남,48129,Z6000,판매및영업시설,10대 이하,0
26,부산,26260,10000,교육연구시설,51-100대,380
28,인천,28245,13000,운동시설,100대 이상,104
28,인천,28200,15000,숙박시설,10대 이하,109
41,경기,41135,06000,종교시설,51-100대,710
44,충남,44270,06000,종교시설,100대 이상,337
48,경남,48125,26000,묘지관련시설,10대 이하,2
45,전북,45790,,,100대 이상,905
41,경기,41360,27000,관광휴게시설,10대 이하,16
41,경기,41610,30000,자원순환관련시설,51-100대,78
26,부산,26410,24000,방송통신시설,10대 이하,2
43,충북,43130,21000,동물및식물관련시설,10대 이하,64
44,충남,44200,31000,야영장시설,21-50대,57
50,제주,50110,19009,석유판매소,10대 이하,0
46,전남,46790,21000,동물및식물관련시설,11-20대,40
41,경기,41131,06000,종교시설,100대 이상,276
45,전북,45790,11000,노유자시설,100대 이상,1062
45,전북,45710,20000,자동차관련시설,10대 이하,99
27,대구,27260,14000,업무시설,10대 이하,92
27,대구,27710,15000,숙박시설,21-50대,159
50,제주,50130,30000,자원순환관련시설,21-50대,64
26,부산,26440,27000,관광휴게시설,51-100대,140
47,경북,47820,11000,노유자시설,10대 이하,57
41,경기,41830,23000,교정및군사시설,51-100대,56
46,전남,46800,06000,종교시설,10대 이하,54
30,대전,30230,05000,문화및집회시설,10대 이하,15
41,경기,41220,,,100대 이상,15590
41,경기,41630,22000,분뇨.쓰레기처리시설,21-50대,65
47,경북,47850,02000,공동주택,100대 이상,23018
47,경북,47830,17000,공장,51-100대,222
11,서울,11350,04000,제2종근린생활시설,21-50대,739
11,서울,11290,09000,의료시설,10대 이하,16
44,충남,44790,14000,업무시설,51-100대,400
41,경기,41590,JY,,10대 이하,1
41,경기,41463,20000,자동차관련시설,100대 이상,4662
43,충북,43740,13000,운동시설,10대 이하,4
50,제주,50130,15000,숙박시설,100대 이상,161581
43,충북,43800,07000,판매시설,11-20대,16
45,전북,45180,09000,의료시설,11-20대,16
41,경기,41131,24000,방송통신시설,11-20대,11
48,경남,48720,Z3000,근린생활시설,10대 이하,7
26,부산,26710,19000,위험물저장및처리시설,100대 이상,142
46,전남,46780,27000,관광휴게시설,51-100대,52
46,전남,46890,08000,운수시설,10대 이하,7
41,경기,41500,22000,분뇨.쓰레기처리시설,11-20대,52
45,전북,45790,15000,숙박시설,21-50대,133
47,경북,47900,15000,숙박시설,21-50대,21
48,경남,48127,19000,위험물저장및처리시설,10대 이하,66
41,경기,41450,15000,숙박시설,10대 이하,15
45,전북,45710,29000,장례시설,21-50대,33
29,광주,29200,05000,문화및집회시설,100대 이상,1662
28,인천,28710,13000,운동시설,21-50대,133
47,경북,47113,03000,제1종근린생활시설,11-20대,922
29,광주,29110,22000,분뇨.쓰레기처리시설,10대 이하,3
26,부산,26290,18000,창고시설,11-20대,39
45,전북,45750,Z3000,근린생활시설,10대 이하,2
30,대전,30110,17000,공장,11-20대,157
26,부산,26260,09000,의료시설,51-100대,433
27,대구,27140,18000,창고시설,100대 이상,252
44,충남,44250,18000,창고시설,10대 이하,98
26,부산,26290,14000,업무시설,51-100대,1140
51,강원,51820,02000,공동주택,51-100대,289
44,충남,44825,07000,판매시설,11-20대,50
28,인천,28710,20000,자동차관련시설,11-20대,42
41,경기,41250,14000,업무시설,11-20대,56
48,경남,48880,25000,발전시설,51-100대,58
48,경남,48170,01000,단독주택,100대 이상,417
47,경북,47760,15000,숙박시설,10대 이하,21
45,전북,45130,09000,의료시설,11-20대,72
51,강원,51190,20000,자동차관련시설,10대 이하,64
41,경기,41285,30000,자원순환관련시설,10대 이하,135
51,강원,51780,13000,운동시설,100대 이상,196
48,경남,48720,24000,방송통신시설,10대 이하,0
43,충북,43740,27000,관광휴게시설,21-50대,128
28,인천,28237,15000,숙박시설,11-20대,316
43,충북,43112,22000,분뇨.쓰레기처리시설,10대 이하,6
48,경남,48860,27000,관광휴게시설,100대 이상,387
41,경기,41430,,,100대 이상,330
51,강원,51780,03000,제1종근린생활시설,10대 이하,555
47,경북,47150,30000,자원순환관련시설,10대 이하,83
26,부산,26410,03000,제1종근린생활시설,10대 이하,1875
48,경남,48840,13000,운동시설,11-20대,56
41,경기,41370,18000,창고시설,100대 이상,4805
41,경기,41210,05000,문화및집회시설,10대 이하,0
11,서울,11560,29000,장례시설,10대 이하,0
41,경기,41113,24000,방송통신시설,100대 이상,217
27,대구,27170,17000,공장,10대 이하,2751
44,충남,44131,13000,운동시설,100대 이상,5048
51,강원,51190,04000,제2종근린생활시설,10대 이하,603
30,대전,30140,20000,자동차관련시설,11-20대,22
46,전남,46860,22000,분뇨.쓰레기처리시설,10대 이하,6
28,인천,28260,21000,동물및식물관련시설,11-20대,11
41,경기,41820,,,10대 이하,31
48,경남,48240,Z5000,문화및집회시설,10대 이하,0
44,충남,44150,15000,숙박시설,10대 이하,300
28,인천,28140,03000,제1종근린생활시설,100대 이상,302
51,강원,51130,15200,관광숙박시설,100대 이상,131
51,강원,51230,10000,교육연구시설,51-100대,84
26,부산,26140,17000,공장,10대 이하,26
11,서울,11650,06000,종교시설,11-20대,232
51,강원,51750,31000,야영장시설,10대 이하,46
46,전남,46810,06000,종교시설,11-20대,28
43,충북,43150,17000,공장,21-50대,861
43,충북,43111,27000,관광휴게시설,11-20대,34
41,경기,41590,22000,분뇨.쓰레기처리시설,51-100대,54
41,경기,41285,17000,공장,51-100대,136
51,강원,51800,21000,동물및식물관련시설,10대 이하,1
47,경북,47290,20000,자동차관련시설,11-20대,130
48,경남,48127,07000,판매시설,21-50대,116
41,경기,41360,22000,분뇨.쓰레기처리시설,11-20대,45
45,전북,45750,02000,공동주택,11-20대,66
41,경기,41135,27000,관광휴게시설,10대 이하,0
26,부산,26230,15000,숙박시설,51-100대,245
41,경기,41590,05000,문화및집회시설,100대 이상,3269
46,전남,46820,24000,방송통신시설,10대 이하,2
46,전남,46870,15000,숙박시설,21-50대,40
46,전남,46880,16000,위락시설,10대 이하,0
26,부산,26320,12000,수련시설,21-50대,64
45,전북,45730,Z8000,교육연구및복지시설,21-50대,31
41,경기,41133,09000,의료시설,21-50대,116
41,경기,41150,02000,공동주택,51-100대,4113
51,강원,51150,03000,제1종근린생활시설,11-20대,1244
29,광주,29155,05000,문화및집회시설,100대 이상,739
11,서울,11650,07000,판매시설,11-20대,34
51,강원,51810,18000,창고시설,11-20대,31
48,경남,48240,25000,발전시설,10대 이하,0
27,대구,27170,11000,노유자시설,51-100대,135
27,대구,27260,10000,교육연구시설,100대 이상,1271
28,인천,28177,18000,창고시설,51-100대,94
11,서울,11560,09000,의료시설,10대 이하,33
43,충북,43750,10000,교육연구시설,51-100대,330
44,충남,44810,Z8000,교육연구및복지시설,10대 이하,3
30,대전,30170,Z8000,교육연구및복지시설,10대 이하,20
46,전남,46130,10000,교육연구시설,100대 이상,4298
26,부산,26110,20000,자동차관련시설,51-100대,914
41,경기,41117,06000,종교시설,10대 이하,127
28,인천,28110,05000,문화및집회시설,21-50대,156
43,충북,43111,24000,방송통신시설,51-100대,52
45,전북,45111,19000,위험물저장및처리시설,10대 이하,142
43,충북,43113,10000,교육연구시설,100대 이상,5041
47,경북,47930,17000,공장,11-20대,134
11,서울,11260,03000,제1종근린생활시설,51-100대,63
48,경남,48121,17000,공장,100대 이상,2730
11,서울,11305,19000,위험물저장및처리시설,11-20대,12
41,경기,41630,16000,위락시설,21-50대,49
28,인천,28200,09000,의료시설,21-50대,460
44,충남,44770,14000,업무시설,100대 이상,545
46,전남,46770,15000,숙박시설,21-50대,35
51,강원,51830,31000,야영장시설,10대 이하,16
47,경북,47920,11000,노유자시설,10대 이하,67
41,경기,41590,04000,제2종근린생활시설,51-100대,2079
27,대구,27710,10000,교육연구시설,51-100대,624
47,경북,47280,23000,교정및군사시설,100대 이상,2735
44,충남,44200,07000,판매시설,11-20대,71
48,경남,48240,23000,교정및군사시설,21-50대,1554
28,인천,28200,26000,묘지관련시설,100대 이상,408
46,전남,46790,31000,야영장시설,10대 이하,0
45,전북,45730,17000,공장,11-20대,94
41,경기,41113,25000,발전시설,11-20대,13
31,울산,31200,20000,자동차관련시설,51-100대,435
45,전북,45720,04000,제2종근린생활시설,10대 이하,252
41,경기,41150,18000,창고시설,10대 이하,39
44,충남,44825,03000,제1종근린생활시설,11-20대,181
48,경남,48820,12000,수련시설,100대 이상,424
48,경남,48220,10000,교육연구시설,11-20대,136
41,경기,41220,20000,자동차관련시설,11-20대,300
48,경남,48123,16000,위락시설,10대 이하,22
43,충북,43720,18000,창고시설,11-20대,32
48,경남,48870,29000,장례시설,10대 이하,2
44,충남,44760,13000,운동시설,10대 이하,17
31,울산,31170,06000,종교시설,11-20대,116
41,경기,41550,12000,수련시설,21-50대,89
51,강원,51730,06000,종교시설,10대 이하,155
46,전남,46870,Z8000,교육연구및복지시설,51-100대,133
46,전남,46800,17000,공장,10대 이하,438
29,광주,29110,09000,의료시설,21-50대,259
41,경기,41430,10000,교육연구시설,11-20대,165
11,서울,11380,17000,공장,10대 이하,0
45,전북,45740,06000,종교시설,10대 이하,20
28,인천,28110,10000,교육연구시설,51-100대,1370
51,강원,51750,15000,숙박시설,21-50대,98
44,충남,44180,15000,숙박시설,100대 이상,984
44,충남,44150,26000,묘지관련시설,10대 이하,0
44,충남,44825,11000,노유자시설,11-20대,48
26,부산,26110,07000,판매시설,11-20대,14
44,충남,44200,01000,단독주택,21-50대,145
28,인천,28110,11000,노유자시설,10대 이하,190
41,경기,41650,14000,업무시설,21-50대,268
26,부산,26440,07000,판매시설,11-20대,32
41,경기,41370,13000,운동시설,10대 이하,10
41,경기,41220,22000,분뇨.쓰레기처리시설,10대 이하,239
46,전남,46110,05000,문화및집회시설,11-20대,31
44,충남,44210,21000,동물및식물관련시설,100대 이상,3377
50,제주,50110,17000,공장,51-100대,109
41,경기,41220,13000,운동시설,100대 이상,2192
48,경남,48740,11000,노유자시설,10대 이하,56
48,경남,48129,05000,문화및집회시설,21-50대,50
41,경기,41111,04000,제2종근린생활시설,11-20대,649
43,충북,43745,04000,제2종근린생활시설,51-100대,268
46,전남,46170,25000,발전시설,10대 이하,1
44,충남,44200,07000,판매시설,51-100대,156
48,경남,48170,19000,위험물저장및처리시설,21-50대,36
11,서울,11500,14000,업무시설,51-100대,6104
44,충남,44180,08000,운수시설,10대 이하,5
28,인천,28237,Z5000,문화및집회시설,21-50대,21
45,전북,45180,14000,업무시설,21-50대,368
41,경기,41630,26000,묘지관련시설,51-100대,57
51,강원,51110,31000,야영장시설,10대 이하,59
30,대전,30230,13000,운동시설,10대 이하,0
41,경기,41360,Z3000,근린생활시설,21-50대,32
11,서울,11200,21000,동물및식물관련시설,10대 이하,0
41,경기,41220,09000,의료시설,51-100대,571
30,대전,30230,02000,공동주택,21-50대,1217
46,전남,46830,01000,단독주택,21-50대,52
46,전남,46130,15000,숙박시설,10대 이하,1354
43,충북,43113,18000,창고시설,51-100대,302
48,경남,48123,,,11-20대,15
46,전남,46230,10000,교육연구시설,10대 이하,117
44,충남,44800,21000,동물및식물관련시설,11-20대,32
11,서울,11620,03000,제1종근린생활시설,10대 이하,3253
41,경기,41290,04000,제2종근린생활시설,21-50대,301
31,울산,31170,24000,방송통신시설,10대 이하,0
44,충남,44790,08000,운수시설,10대 이하,0
27,대구,27170,20000,자동차관련시설,100대 이상,1135
41,경기,41271,03000,제1종근린생활시설,21-50대,567
44,충남,44790,,,11-20대,14
44,충남,44150,25000,발전시설,10대 이하,0
41,경기,41630,17000,공장,10대 이하,6078
48,경남,48170,09000,의료시설,10대 이하,12
51,강원,51720,17000,공장,100대 이상,7969
43,충북,43150,17000,공장,100대 이상,2310
48,경남,48121,09000,의료시설,51-100대,220
26,부산,26530,10000,교육연구시설,10대 이하,139
29,광주,29200,18000,창고시설,51-100대,514
50,제주,50130,14000,업무시설,21-50대,819
26,부산,26440,06000,종교시설,11-20대,69
26,부산,26200,14000,업무시설,100대 이상,622
41,경기,41210,10000,교육연구시설,51-100대,1450
48,경남,48820,29000,장례시설,10대 이하,14
41,경기,41650,03000,제1종근린생활시설,21-50대,1253
41,경기,41273,24000,방송통신시설,11-20대,12
51,강원,51730,04000,제2종근린생활시설,100대 이상,1604
46,전남,46150,16000,위락시설,10대 이하,92
26,부산,26290,23000,교정및군사시설,10대 이하,5
29,광주,29140,02000,공동주택,10대 이하,472
48,경남,48129,05000,문화및집회시설,10대 이하,21
29,광주,29140,06000,종교시설,21-50대,311
29,광주,29200,17000,공장,10대 이하,5629
43,충북,43111,24000,방송통신시설,100대 이상,139
41,경기,41820,12000,수련시설,10대 이하,76
11,서울,11530,14000,업무시설,21-50대,1669
47,경북,47830,18000,창고시설,51-100대,152
28,인천,28260,07000,판매시설,11-20대,40
41,경기,41450,15000,숙박시설,11-20대,67
41,경기,41410,07000,판매시설,10대 이하,0
46,전남,46820,08000,운수시설,10대 이하,0
47,경북,47230,07000,판매시설,10대 이하,23
27,대구,27200,13000,운동시설,21-50대,112
45,전북,45140,19000,위험물저장및처리시설,11-20대,33
43,충북,43730,05000,문화및집회시설,51-100대,163
46,전남,46790,02000,공동주택,100대 이상,27590
45,전북,45113,24000,방송통신시설,51-100대,78
29,광주,29140,07201,상점(소매점),10대 이하,0
47,경북,47290,01000,단독주택,10대 이하,24408
46,전남,46730,25000,발전시설,21-50대,35
47,경북,47230,23000,교정및군사시설,21-50대,40
45,전북,45710,06000,종교시설,51-100대,64
48,경남,48129,30000,자원순환관련시설,100대 이상,524
41,경기,41220,12000,수련시설,21-50대,25
45,전북,45180,17000,공장,11-20대,720
41,경기,41190,03000,제1종근린생활시설,10대 이하,2270
41,경기,41190,12000,수련시설,51-100대,66
28,인천,28710,06000,종교시설,10대 이하,224
46,전남,46720,29000,장례시설,10대 이하,11
41,경기,41220,,,11-20대,155
46,전남,46710,05000,문화및집회시설,100대 이상,1648
48,경남,48860,10000,교육연구시설,10대 이하,30
41,경기,41281,08000,운수시설,100대 이상,1067
44,충남,44800,23000,교정및군사시설,11-20대,14
44,충남,44710,13000,운동시설,10대 이하,35
43,충북,43720,,,10대 이하,16
48,경남,48730,Z3000,근린생활시설,10대 이하,3
46,전남,46170,15000,숙박시설,21-50대,212
43,충북,43770,18000,창고시설,100대 이상,923
41,경기,41550,18000,창고시설,51-100대,2064
11,서울,11260,22000,분뇨.쓰레기처리시설,10대 이하,0
41,경기,41133,20000,자동차관련시설,10대 이하,68
50,제주,50110,03000,제1종근린생활시설,11-20대,2339
51,강원,51730,09000,의료시설,11-20대,18
45,전북,45730,15000,숙박시설,10대 이하,230
46,전남,46880,09000,의료시설,100대 이상,258
26,부산,26140,07000,판매시설,10대 이하,3
44,충남,44790,22000,분뇨.쓰레기처리시설,10대 이하,6
26,부산,26530,15000,숙박시설,51-100대,65
11,서울,11230,Z8000,교육연구및복지시설,100대 이상,214
45,전북,45710,04000,제2종근린생활시설,21-50대,456
43,충북,43760,14000,업무시설,21-50대,382
41,경기,41465,10000,교육연구시설,100대 이상,10233
26,부산,26230,27000,관광휴게시설,11-20대,18
47,경북,47900,02000,공동주택,51-100대,379
41,경기,41430,20000,자동차관련시설,51-100대,575
41,경기,41290,09000,의료시설,10대 이하,0
41,경기,41550,08000,운수시설,10대 이하,6
46,전남,46810,03000,제1종근린생활시설,11-20대,64
46,전남,46170,04000,제2종근린생활시설,11-20대,245
29,광주,29170,20000,자동차관련시설,11-20대,190
41,경기,41820,07000,판매시설,21-50대,113
31,울산,31140,06000,종교시설,10대 이하,94
41,경기,41463,04000,제2종근린생활시설,21-50대,2126
11,서울,11590,02000,공동주택,11-20대,4356
11,서울,11215,03000,제1종근린생활시설,51-100대,121
46,전남,46110,03000,제1종근린생활시설,100대 이상,857
31,울산,31170,15000,숙박시설,21-50대,353
27,대구,27290,19000,위험물저장및처리시설,21-50대,75
44,충남,44810,08000,운수시설,100대 이상,214
43,충북,43130,11000,노유자시설,10대 이하,311
46,전남,46840,03000,제1종근린생활시설,51-100대,382
46,전남,46150,10000,교육연구시설,100대 이상,2220
43,충북,43130,05000,문화및집회시설,10대 이하,38
48,경남,48125,14000,업무시설,100대 이상,2095
41,경기,41135,24000,방송통신시설,11-20대,36
41,경기,41287,15000,숙박시설,21-50대,63
46,전남,46910,05000,문화및집회시설,21-50대,76
41,경기,41461,23000,교정및군사시설,51-100대,76
28,인천,28185,11000,노유자시설,21-50대,157
48,경남,48870,Z5000,문화및집회시설,10대 이하,0
46,전남,46890,09000,의료시설,10대 이하,0
51,강원,51780,01000,단독주택,10대 이하,2630
41,경기,41135,13000,운동시설,100대 이상,4023
48,경남,48129,10000,교육연구시설,51-100대,364
29,광주,29170,01000,단독주택,21-50대,1324
48,경남,48720,11000,노유자시설,21-50대,69
48,경남,48125,19000,위험물저장및처리시설,11-20대,49
51,강원,51760,01000,단독주택,51-100대,160
44,충남,44133,15000,숙박시설,51-100대,71
41,경기,41131,10000,교육연구시설,21-50대,597
46,전남,46890,Z8000,교육연구및복지시설,10대 이하,4
51,강원,51210,19000,위험물저장및처리시설,51-100대,60
43,충북,43112,09000,의료시설,11-20대,30
27,대구,27290,02000,공동주택,11-20대,2028
46,전남,46150,18000,창고시설,100대 이상,299
43,충북,43730,14000,업무시설,11-20대,51
46,전남,46110,07000,판매시설,21-50대,157
41,경기,41410,22000,분뇨.쓰레기처리시설,10대 이하,0
47,경북,47760,Z8000,교육연구및복지시설,11-20대,12
11,서울,11740,02000,공동주택,100대 이상,153120
41,경기,41800,17000,공장,10대 이하,332
43,충북,43760,09000,의료시설,21-50대,30
47,경북,47230,09000,의료시설,51-100대,131
51,강원,51170,18000,창고시설,51-100대,165
11,서울,11470,14000,업무시설,21-50대,1582
44,충남,44210,01000,단독주택,10대 이하,7242
43,충북,43750,,,51-100대,248
41,경기,41480,08000,운수시설,10대 이하,7
43,충북,43150,10000,교육연구시설,21-50대,338
27,대구,27110,10000,교육연구시설,51-100대,434
26,부산,26170,04000,제2종근린생활시설,21-50대,223
41,경기,41135,11000,노유자시설,21-50대,159
47,경북,47210,18000,창고시설,100대 이상,120
48,경남,48121,02000,공동주택,10대 이하,2392
11,서울,11380,02000,공동주택,21-50대,6713
27,대구,27710,03000,제1종근린생활시설,11-20대,990
46,전남,46790,04000,제2종근린생활시설,21-50대,390
44,충남,44133,10000,교육연구시설,51-100대,1549
41,경기,41461,07000,판매시설,100대 이상,1308
48,경남,48170,29000,장례시설,51-100대,58
41,경기,41670,31000,야영장시설,10대 이하,1
41,경기,41113,18000,창고시설,10대 이하,100
44,충남,44760,10000,교육연구시설,21-50대,33
44,충남,44810,02000,공동주택,100대 이상,53241
28,인천,28720,10000,교육연구시설,10대 이하,64
43,충북,43720,02000,공동주택,11-20대,135
43,충북,43114,10000,교육연구시설,51-100대,933
51,강원,51810,04000,제2종근린생활시설,10대 이하,643
41,경기,41430,17000,공장,51-100대,362
46,전남,46710,06000,종교시설,10대 이하,100
45,전북,45111,09000,의료시설,100대 이상,1019
28,인천,28710,10000,교육연구시설,100대 이상,1152
29,광주,29140,03000,제1종근린생활시설,100대 이상,3007
43,충북,43750,04000,제2종근린생활시설,100대 이상,321
31,울산,31200,08000,운수시설,51-100대,198
48,경남,48270,21000,동물및식물관련시설,51-100대,81
46,전남,46900,01000,단독주택,11-20대,135
28,인천,28237,14000,업무시설,11-20대,788
11,서울,11320,13000,운동시설,100대 이상,195
11,서울,11590,03000,제1종근린생활시설,21-50대,226
41,경기,41800,10000,교육연구시설,21-50대,69
11,서울,11710,04000,제2종근린생활시설,11-20대,2277
44,충남,44825,05000,문화및집회시설,11-20대,75
11,서울,11110,14000,업무시설,21-50대,2487
41,경기,41463,03000,제1종근린생활시설,11-20대,1170
47,경북,47130,31000,야영장시설,11-20대,238
26,부산,26230,02000,공동주택,100대 이상,228255
11,서울,11710,11000,노유자시설,10대 이하,240
48,경남,48123,11000,노유자시설,10대 이하,73
44,충남,44150,03000,제1종근린생활시설,11-20대,402
41,경기,41360,06000,종교시설,51-100대,347
48,경남,48310,19000,위험물저장및처리시설,10대 이하,69
48,경남,48250,21000,동물및식물관련시설,100대 이상,458
47,경북,47820,04000,제2종근린생활시설,21-50대,283
45,전북,45740,14000,업무시설,10대 이하,52
41,경기,41610,Z8000,교육연구및복지시설,10대 이하,8
47,경북,47290,10000,교육연구시설,11-20대,101
28,인천,28110,12000,수련시설,10대 이하,5
28,인천,28237,04000,제2종근린생활시설,10대 이하,3620
30,대전,30230,10000,교육연구시설,21-50대,996
44,충남,44180,13000,운동시설,51-100대,266
46,전남,46230,04000,제2종근린생활시설,100대 이상,405
29,광주,29140,13000,운동시설,21-50대,403
28,인천,28260,22000,분뇨.쓰레기처리시설,100대 이상,1915
41,경기,41610,28000,가설건축물,21-50대,47
46,전남,46840,18000,창고시설,51-100대,343
44,충남,44770,29000,장례시설,10대 이하,0
43,충북,43730,25000,발전시설,10대 이하,0
28,인천,28110,09000,의료시설,21-50대,125
47,경북,47900,06000,종교시설,21-50대,64
46,전남,46230,14000,업무시설,11-20대,68
47,경북,47210,14000,업무시설,51-100대,311
46,전남,46900,17000,공장,21-50대,94
11,서울,11260,02000,공동주택,100대 이상,236748
48,경남,48240,09000,의료시설,10대 이하,37
47,경북,47190,10000,교육연구시설,51-100대,2320
46,전남,46710,20000,자동차관련시설,11-20대,24
48,경남,48170,24000,방송통신시설,21-50대,39
27,대구,27290,,,21-50대,168
46,전남,46890,02000,공동주택,100대 이상,3152
11,서울,11230,Z8000,교육연구및복지시설,10대 이하,0
41,경기,41590,17000,공장,10대 이하,33668
51,강원,51190,22000,분뇨.쓰레기처리시설,21-50대,27
47,경북,47920,04000,제2종근린생활시설,21-50대,115
41,경기,41570,14000,업무시설,10대 이하,41
46,전남,46770,23000,교정및군사시설,10대 이하,3
46,전남,46900,18000,창고시설,51-100대,94
43,충북,43730,Z6000,판매및영업시설,10대 이하,0
48,경남,48270,03000,제1종근린생활시설,21-50대,181
46,전남,46230,Z8000,교육연구및복지시설,21-50대,78
48,경남,48880,05000,문화및집회시설,10대 이하,16
43,충북,43720,09000,의료시설,100대 이상,686
41,경기,41135,06000,종교시설,11-20대,117
51,강원,51790,14000,업무시설,21-50대,63
11,서울,11410,14000,업무시설,10대 이하,155
45,전북,45190,Z8000,교육연구및복지시설,10대 이하,3
41,경기,41410,13000,운동시설,11-20대,27
45,전북,45800,Z8000,교육연구및복지시설,10대 이하,8
26,부산,26140,04000,제2종근린생활시설,11-20대,202
41,경기,41465,14000,업무시설,10대 이하,27
41,경기,41287,11000,노유자시설,10대 이하,101
46,전남,46790,14000,업무시설,51-100대,726
30,대전,30170,15000,숙박시설,11-20대,207
11,서울,11590,Z8000,교육연구및복지시설,100대 이상,411
11,서울,11290,Z8000,교육연구및복지시설,100대 이상,1675
11,서울,11740,04000,제2종근린생활시설,11-20대,1366
43,충북,43130,07000,판매시설,10대 이하,17
41,경기,41590,02000,공동주택,11-20대,5199
48,경남,48730,07000,판매시설,10대 이하,7
44,충남,44270,15000,숙박시설,10대 이하,265
28,인천,28140,03000,제1종근린생활시설,11-20대,173
11,서울,11545,10000,교육연구시설,21-50대,436
27,대구,27720,10000,교육연구시설,10대 이하,171
44,충남,44825,31000,야영장시설,10대 이하,0
43,충북,43745,30000,자원순환관련시설,10대 이하,13
41,경기,41113,,,51-100대,58
29,광주,29170,17000,공장,51-100대,1580
48,경남,48870,Z8000,교육연구및복지시설,10대 이하,9
50,제주,50130,21000,동물및식물관련시설,51-100대,445
41,경기,41285,22000,분뇨.쓰레기처리시설,11-20대,18
41,경기,41115,07000,판매시설,21-50대,66
41,경기,41610,Z3000,근린생활시설,10대 이하,50
51,강원,51820,10000,교육연구시설,10대 이하,77
26,부산,26170,20000,자동차관련시설,11-20대,33
46,전남,46900,27000,관광휴게시설,21-50대,22
47,경북,47113,05000,문화및집회시설,100대 이상,309
27,대구,27170,14000,업무시설,10대 이하,98
27,대구,27260,12000,수련시설,21-50대,42
44,충남,44810,01000,단독주택,11-20대,712
46,전남,46770,19000,위험물저장및처리시설,10대 이하,42
47,경북,47111,08000,운수시설,51-100대,67
44,충남,44760,20000,자동차관련시설,10대 이하,17
28,인천,28710,23000,교정및군사시설,51-100대,72
11,서울,11305,03000,제1종근린생활시설,100대 이상,130
44,충남,44270,11000,노유자시설,100대 이상,171
27,대구,27170,01000,단독주택,51-100대,88
48,경남,48720,10000,교육연구시설,100대 이상,129
48,경남,48890,Z3000,근린생활시설,10대 이하,3
48,경남,48860,13000,운동시설,11-20대,16
43,충북,43720,04000,제2종근린생활시설,10대 이하,332
26,부산,26140,17000,공장,100대 이상,2634
28,인천,28110,13000,운동시설,100대 이상,3981
27,대구,27200,Z8000,교육연구및복지시설,10대 이하,12
51,강원,51810,17000,공장,10대 이하,178
50,제주,50110,15000,숙박시설,10대 이하,1765
51,강원,51110,Z8000,교육연구및복지시설,11-20대,15
26,부산,26170,14000,업무시설,100대 이상,4873
48,경남,48127,18000,창고시설,21-50대,77
30,대전,30230,13000,운동시설,100대 이상,106
11,서울,11470,25000,발전시설,21-50대,24
41,경기,41430,15000,숙박시설,10대 이하,23
47,경북,47820,18000,창고시설,21-50대,109
41,경기,41550,22000,분뇨.쓰레기처리시설,10대 이하,98
41,경기,41285,20000,자동차관련시설,100대 이상,1562
28,인천,28260,27000,관광휴게시설,100대 이상,280
29,광주,29200,21000,동물및식물관련시설,11-20대,32
41,경기,41115,03000,제1종근린생활시설,10대 이하,955
46,전남,46110,30000,자원순환관련시설,51-100대,54
47,경북,47150,24000,방송통신시설,10대 이하,2
41,경기,41461,22000,분뇨.쓰레기처리시설,10대 이하,126
11,서울,11380,12000,수련시설,10대 이하,5
51,강원,51810,,,100대 이상,264127
51,강원,51730,07000,판매시설,10대 이하,0
11,서울,11320,03000,제1종근린생활시설,51-100대,69
41,경기,41360,Z3000,근린생활시설,10대 이하,81
11,서울,11305,18000,창고시설,10대 이하,9
30,대전,30170,Z3000,근린생활시설,10대 이하,0
36,세종,36110,20000,자동차관련시설,100대 이상,3222
41,경기,41465,Z5000,문화및집회시설,21-50대,34
41,경기,41480,26000,묘지관련시설,21-50대,33
45,전북,45111,04000,제2종근린생활시설,51-100대,355
27,대구,27230,14000,업무시설,100대 이상,15083
47,경북,47850,06000,종교시설,11-20대,228
26,부산,26350,05000,문화및집회시설,10대 이하,8
28,인천,28720,Z8000,교육연구및복지시설,21-50대,37
44,충남,44760,07000,판매시설,51-100대,73
46,전남,46860,18000,창고시설,100대 이상,135
47,경북,47130,17000,공장,11-20대,5026
11,서울,11350,14000,업무시설,21-50대,767
41,경기,41830,29000,장례시설,10대 이하,30
26,부산,26170,09000,의료시설,21-50대,99
26,부산,26230,09000,의료시설,51-100대,382
26,부산,26200,03000,제1종근린생활시설,51-100대,137
47,경북,47290,16000,위락시설,10대 이하,36
28,인천,28177,04000,제2종근린생활시설,10대 이하,4682
51,강원,51720,20000,자동차관련시설,10대 이하,125
41,경기,41360,05000,문화및집회시설,11-20대,306
51,강원,51760,10000,교육연구시설,11-20대,236
46,전남,46720,03000,제1종근린생활시설,100대 이상,1956
48,경남,48820,,,21-50대,55
28,인천,28200,04000,제2종근린생활시설,21-50대,1956
43,충북,43113,14000,업무시설,51-100대,988
11,서울,11200,05000,문화및집회시설,51-100대,56
41,경기,41360,13000,운동시설,10대 이하,101
45,전북,45710,06000,종교시설,10대 이하,243
36,세종,36110,,,11-20대,30
46,전남,46130,15000,숙박시설,11-20대,1109
45,전북,45790,11000,노유자시설,11-20대,82
11,서울,11380,Z6000,판매및영업시설,100대 이상,1325
46,전남,46880,31000,야영장시설,11-20대,12
45,전북,45111,01000,단독주택,10대 이하,29891
47,경북,47840,10000,교육연구시설,11-20대,78
47,경북,47850,24000,방송통신시설,10대 이하,0
44,충남,44133,20000,자동차관련시설,11-20대,179
48,경남,48850,24000,방송통신시설,10대 이하,0
27,대구,27140,12000,수련시설,10대 이하,18
46,전남,46840,31000,야영장시설,10대 이하,1
45,전북,45730,05000,문화및집회시설,10대 이하,21
29,광주,29200,15000,숙박시설,11-20대,643
26,부산,26530,15000,숙박시설,100대 이상,142
26,부산,26200,12000,수련시설,21-50대,32
48,경남,48880,15000,숙박시설,21-50대,29
45,전북,45130,16000,위락시설,100대 이상,138
51,강원,51760,10000,교육연구시설,100대 이상,32702
11,서울,11560,Z8000,교육연구및복지시설,51-100대,150
29,광주,29155,09000,의료시설,21-50대,473
48,경남,48270,06000,종교시설,51-100대,71
43,충북,43150,07000,판매시설,51-100대,140
51,강원,51760,11000,노유자시설,21-50대,48
44,충남,44760,06000,종교시설,10대 이하,83
44,충남,44790,06000,종교시설,10대 이하,63
26,부산,26200,22000,분뇨.쓰레기처리시설,21-50대,34
11,서울,11305,Z8000,교육연구및복지시설,100대 이상,422
26,부산,26710,20000,자동차관련시설,11-20대,91
47,경북,47113,03000,제1종근린생활시설,100대 이상,1980
48,경남,48740,20000,자동차관련시설,10대 이하,16
11,서울,11710,08000,운수시설,11-20대,12
41,경기,41273,24000,방송통신시설,21-50대,48
41,경기,41370,26000,묘지관련시설,21-50대,29
44,충남,44131,31000,야영장시설,11-20대,16
44,충남,44770,18000,창고시설,11-20대,63
26,부산,26500,Z3000,근린생활시설,10대 이하,16
44,충남,44760,11000,노유자시설,21-50대,55
11,서울,11200,11000,노유자시설,21-50대,27
11,서울,11305,03000,제1종근린생활시설,51-100대,185
41,경기,41500,26000,묘지관련시설,100대 이상,1651
30,대전,30230,08000,운수시설,100대 이상,147
11,서울,11530,21000,동물및식물관련시설,10대 이하,10
28,인천,28200,12000,수련시설,10대 이하,5
44,충남,44710,15000,숙박시설,21-50대,32
48,경남,48250,05000,문화및집회시설,100대 이상,268112
11,서울,11470,10000,교육연구시설,100대 이상,1262
41,경기,41390,Z3000,근린생활시설,11-20대,26
45,전북,45750,09000,의료시설,11-20대,14
26,부산,26200,Z5000,문화및집회시설,21-50대,28
41,경기,41360,04000,제2종근린생활시설,10대 이하,17640
11,서울,11305,01000,단독주택,11-20대,23
11,서울,11110,Z5000,문화및집회시설,11-20대,27
41,경기,41271,Z5000,문화및집회시설,11-20대,16
48,경남,48820,16000,위락시설,10대 이하,14
41,경기,41131,27000,관광휴게시설,51-100대,96
48,경남,48850,25000,발전시설,10대 이하,5
11,서울,11170,Z8000,교육연구및복지시설,100대 이상,3676
47,경북,47250,27000,관광휴게시설,100대 이상,944
51,강원,51790,21000,동물및식물관련시설,11-20대,15
44,충남,44760,18000,창고시설,21-50대,23
46,전남,46780,,,11-20대,51
51,강원,51720,,,10대 이하,6
41,경기,41281,30000,자원순환관련시설,10대 이하,16
11,서울,11470,Z5000,문화및집회시설,11-20대,11
48,경남,48890,06000,종교시설,10대 이하,46
46,전남,46230,20000,자동차관련시설,11-20대,16
29,광주,29200,10000,교육연구시설,21-50대,3095
41,경기,41370,03000,제1종근린생활시설,100대 이상,121
29,광주,29170,15000,숙박시설,10대 이하,740
41,경기,41281,18000,창고시설,11-20대,158
48,경남,48880,17000,공장,11-20대,497
48,경남,48840,10000,교육연구시설,10대 이하,10
41,경기,41550,17000,공장,100대 이상,10311
11,서울,11710,23000,교정및군사시설,10대 이하,0
47,경북,47190,15100,일반숙박시설,10대 이하,4
28,인천,28245,10000,교육연구시설,100대 이상,440
27,대구,27110,03000,제1종근린생활시설,21-50대,676
47,경북,47730,14000,업무시설,100대 이상,135
41,경기,41290,14000,업무시설,10대 이하,10
46,전남,46900,13000,운동시설,21-50대,22
47,경북,47230,07000,판매시설,100대 이상,731
47,경북,47770,03000,제1종근린생활시설,10대 이하,660
43,충북,43112,24000,방송통신시설,21-50대,71
46,전남,46800,05000,문화및집회시설,10대 이하,29
43,충북,43745,04000,제2종근린생활시설,11-20대,153
45,전북,45800,15000,숙박시설,10대 이하,325
44,충남,44133,18000,창고시설,100대 이상,4337
45,전북,45790,01000,단독주택,10대 이하,1975
48,경남,48270,01000,단독주택,51-100대,78
31,울산,31110,03000,제1종근린생활시설,11-20대,493
11,서울,11500,13000,운동시설,21-50대,59
44,충남,44230,18000,창고시설,11-20대,199
26,부산,26230,20000,자동차관련시설,11-20대,182
47,경북,47210,20000,자동차관련시설,21-50대,37
48,경남,48270,26000,묘지관련시설,11-20대,26
41,경기,41111,15000,숙박시설,11-20대,91
48,경남,48740,19000,위험물저장및처리시설,51-100대,79
30,대전,30200,05000,문화및집회시설,11-20대,56
11,서울,11170,Z8000,교육연구및복지시설,10대 이하,15
44,충남,44710,15000,숙박시설,10대 이하,96
48,경남,48170,04000,제2종근린생활시설,51-100대,313
45,전북,45140,Z8000,교육연구및복지시설,10대 이하,11
46,전남,46870,10000,교육연구시설,10대 이하,29
45,전북,45180,17000,공장,10대 이하,932
26,부산,26140,04000,제2종근린생활시설,10대 이하,886
41,경기,41285,14000,업무시설,100대 이상,30474
47,경북,47170,22000,분뇨.쓰레기처리시설,10대 이하,11
26,부산,26500,14000,업무시설,100대 이상,4456
43,충북,43740,03000,제1종근린생활시설,100대 이상,117
41,경기,41113,13000,운동시설,11-20대,20
50,제주,50110,14100,공공업무시설,21-50대,23
41,경기,41210,03000,제1종근린생활시설,51-100대,412
41,경기,41630,02000,공동주택,11-20대,882
48,경남,48129,15000,숙박시설,11-20대,232
26,부산,26230,,,51-100대,240
51,강원,51230,Z8000,교육연구및복지시설,10대 이하,16
26,부산,26170,08000,운수시설,11-20대,18
27,대구,27710,15000,숙박시설,11-20대,107
31,울산,31110,06000,종교시설,11-20대,172
51,강원,51730,24000,방송통신시설,10대 이하,0
51,강원,51110,06000,종교시설,11-20대,404
11,서울,11140,05000,문화및집회시설,11-20대,72
26,부산,26500,06000,종교시설,21-50대,206
45,전북,45210,22000,분뇨.쓰레기처리시설,11-20대,18
28,인천,28710,14000,업무시설,21-50대,278
47,경북,47111,05000,문화및집회시설,100대 이상,952
41,경기,41370,11000,노유자시설,100대 이상,140
51,강원,51230,Z6000,판매및영업시설,10대 이하,0
44,충남,44810,17000,공장,21-50대,2135
27,대구,27230,15000,숙박시설,100대 이상,347
48,경남,48170,01000,단독주택,21-50대,134
51,강원,51780,03000,제1종근린생활시설,11-20대,155
27,대구,27720,15000,숙박시설,11-20대,48
46,전남,46800,18000,창고시설,11-20대,56
41,경기,41271,20000,자동차관련시설,10대 이하,185
29,광주,29155,15000,숙박시설,10대 이하,139
51,강원,51730,Z3000,근린생활시설,10대 이하,11
31,울산,31170,03000,제1종근린생활시설,21-50대,432
41,경기,41500,27000,관광휴게시설,10대 이하,0
11,서울,11470,03000,제1종근린생활시설,21-50대,1022
47,경북,47230,01000,단독주택,10대 이하,3298
30,대전,30110,01000,단독주택,21-50대,45
29,광주,29140,30000,자원순환관련시설,21-50대,67
48,경남,48121,05000,문화및집회시설,11-20대,18
11,서울,11740,12000,수련시설,21-50대,21
11,서울,11500,15000,숙박시설,100대 이상,791
44,충남,44710,18000,창고시설,10대 이하,180
36,세종,36110,22000,분뇨.쓰레기처리시설,10대 이하,20
44,충남,44800,20000,자동차관련시설,21-50대,21
48,경남,48850,08000,운수시설,51-100대,51
47,경북,47210,06000,종교시설,51-100대,64
51,강원,51130,30000,자원순환관련시설,100대 이상,650
11,서울,11680,05000,문화및집회시설,100대 이상,4326
29,광주,29200,23000,교정및군사시설,10대 이하,12
48,경남,48127,,,100대 이상,238
45,전북,45800,Z8000,교육연구및복지시설,51-100대,72
41,경기,41273,01000,단독주택,11-20대,197
41,경기,41610,Z8000,교육연구및복지시설,21-50대,92
41,경기,41290,02000,공동주택,21-50대,131
41,경기,41360,08000,운수시설,21-50대,228
41,경기,41450,07000,판매시설,51-100대,51
44,충남,44210,13000,운동시설,21-50대,330
41,경기,41590,25000,발전시설,10대 이하,15
46,전남,46840,10000,교육연구시설,100대 이상,24288
48,경남,48820,02000,공동주택,100대 이상,11743
47,경북,47920,18000,창고시설,100대 이상,626
26,부산,26110,02000,공동주택,21-50대,620
45,전북,45710,30000,자원순환관련시설,10대 이하,81
46,전남,46110,,,10대 이하,33
26,부산,26440,22000,분뇨.쓰레기처리시설,11-20대,18
47,경북,47760,04000,제2종근린생활시설,11-20대,42
41,경기,41220,20000,자동차관련시설,21-50대,1191
51,강원,51820,06000,종교시설,100대 이상,3113
44,충남,44150,20000,자동차관련시설,21-50대,22
45,전북,45180,04000,제2종근린생활시설,11-20대,287
48,경남,48840,25000,발전시설,10대 이하,0
44,충남,44710,17000,공장,51-100대,302
51,강원,51130,22000,분뇨.쓰레기처리시설,21-50대,30
41,경기,41590,02000,공동주택,51-100대,1612
26,부산,26440,30000,자원순환관련시설,51-100대,246
26,부산,26320,05000,문화및집회시설,21-50대,142
47,경북,47150,25000,발전시설,10대 이하,4
26,부산,26530,20000,자동차관련시설,51-100대,440
48,경남,48310,13000,운동시설,11-20대,89
46,전남,46720,Z3000,근린생활시설,10대 이하,0
46,전남,46800,01000,단독주택,10대 이하,1039
41,경기,41450,10000,교육연구시설,10대 이하,111
29,광주,29155,17000,공장,21-50대,71
43,충북,43750,03000,제1종근린생활시설,21-50대,650
41,경기,41220,Z5000,문화및집회시설,11-20대,20
30,대전,30200,10000,교육연구시설,100대 이상,156247
26,부산,26410,17000,공장,21-50대,475
51,강원,51770,03000,제1종근린생활시설,21-50대,268
31,울산,31710,03000,제1종근린생활시설,51-100대,871
28,인천,28200,22000,분뇨.쓰레기처리시설,10대 이하,52
44,충남,44133,19000,위험물저장및처리시설,10대 이하,147
41,경기,41250,20000,자동차관련시설,100대 이상,601
44,충남,44180,20000,자동차관련시설,10대 이하,99
51,강원,51800,14000,업무시설,100대 이상,159
44,충남,44710,24000,방송통신시설,10대 이하,5
45,전북,45140,04100,운동시설,21-50대,28
47,경북,47920,25000,발전시설,10대 이하,4
26,부산,26530,02000,공동주택,100대 이상,184806
47,경북,47190,17000,공장,51-100대,5451
41,경기,41150,,,51-100대,133
26,부산,26710,07000,판매시설,51-100대,201
47,경북,47940,05000,문화및집회시설,51-100대,76
51,강원,51150,Z5000,문화및집회시설,21-50대,56
43,충북,43730,Z5000,문화및집회시설,10대 이하,0
11,서울,11710,11000,노유자시설,21-50대,166
41,경기,41111,Z3000,근린생활시설,10대 이하,0
41,경기,41111,07000,판매시설,11-20대,76
41,경기,41610,02000,공동주택,21-50대,1471
41,경기,41281,10000,교육연구시설,51-100대,2267
45,전북,45770,17000,공장,11-20대,289
41,경기,41285,15000,숙박시설,10대 이하,17
47,경북,47170,05000,문화및집회시설,21-50대,156
48,경남,48720,21000,동물및식물관련시설,51-100대,65
48,경남,48270,02000,공동주택,100대 이상,25907
26,부산,26410,17000,공장,100대 이상,1069
48,경남,48127,17000,공장,51-100대,737
44,충남,44800,09000,의료시설,100대 이상,513
41,경기,41150,15000,숙박시설,100대 이상,937
28,인천,28177,24000,방송통신시설,21-50대,29
41,경기,41285,Z3000,근린생활시설,10대 이하,120
48,경남,48127,15000,숙박시설,21-50대,22
41,경기,41281,07000,판매시설,100대 이상,12844
26,부산,26110,15000,숙박시설,21-50대,201
48,경남,48170,03000,제1종근린생활시설,51-100대,763
11,서울,11410,06000,종교시설,11-20대,318
43,충북,43111,09000,의료시설,11-20대,46
41,경기,41610,17000,공장,10대 이하,7869
41,경기,41285,02000,공동주택,21-50대,4191
45,전북,45800,17000,공장,100대 이상,2735
45,전북,45111,04000,제2종근린생활시설,21-50대,1380
46,전남,46710,04000,제2종근린생활시설,100대 이상,1085
31,울산,31200,11000,노유자시설,10대 이하,202
26,부산,26440,17000,공장,21-50대,14421
30,대전,30140,02000,공동주택,10대 이하,3003
41,경기,41461,12000,수련시설,11-20대,17
41,경기,41150,13000,운동시설,11-20대,105
46,전남,46800,30000,자원순환관련시설,21-50대,33
41,경기,41500,27000,관광휴게시설,11-20대,40
11,서울,11305,24000,방송통신시설,10대 이하,0
11,서울,11500,15000,숙박시설,11-20대,118
43,충북,43150,05000,문화및집회시설,21-50대,156
47,경북,47111,17000,공장,21-50대,1901
41,경기,41590,05000,문화및집회시설,10대 이하,191
47,경북,47111,08000,운수시설,21-50대,47
31,울산,31110,10000,교육연구시설,21-50대,729
46,전남,46810,01000,단독주택,21-50대,44
28,인천,28710,10000,교육연구시설,51-100대,269
11,서울,11545,13000,운동시설,51-100대,199
45,전북,45750,21000,동물및식물관련시설,10대 이하,3
48,경남,48123,,,21-50대,21
44,충남,44790,07000,판매시설,11-20대,12
28,인천,28185,08000,운수시설,100대 이상,3094
44,충남,44825,10000,교육연구시설,10대 이하,40
41,경기,41115,05000,문화및집회시설,11-20대,67
29,광주,29110,13000,운동시설,11-20대,33
44,충남,44200,,,11-20대,14
41,경기,41250,30000,자원순환관련시설,11-20대,16
44,충남,44180,27000,관광휴게시설,10대 이하,14
47,경북,47770,21000,동물및식물관련시설,21-50대,60
46,전남,46810,14000,업무시설,100대 이상,164
41,경기,41271,12000,수련시설,10대 이하,3
41,경기,41281,03000,제1종근린생활시설,11-20대,1459
45,전북,45790,21000,동물및식물관련시설,10대 이하,19
45,전북,45210,11000,노유자시설,21-50대,26
26,부산,26410,07000,판매시설,11-20대,25
26,부산,26530,20000,자동차관련시설,11-20대,241
11,서울,11440,15000,숙박시설,10대 이하,93
26,부산,26530,09000,의료시설,51-100대,444
46,전남,46770,Z3000,근린생활시설,11-20대,13
27,대구,27720,01000,단독주택,10대 이하,2265
47,경북,47290,21000,동물및식물관련시설,21-50대,30
51,강원,51770,창고,,10대 이하,0
11,서울,11230,01000,단독주택,11-20대,112
45,전북,45740,Z6000,판매및영업시설,10대 이하,0
43,충북,43114,22000,분뇨.쓰레기처리시설,11-20대,12
48,경남,48127,14000,업무시설,10대 이하,70
51,강원,51130,21000,동물및식물관련시설,11-20대,12
41,경기,41610,17000,공장,100대 이상,4716
51,강원,51830,01000,단독주택,11-20대,193
45,전북,45111,23000,교정및군사시설,10대 이하,8
31,울산,31170,Z3000,근린생활시설,11-20대,15
28,인천,28245,13000,운동시설,10대 이하,0
26,부산,26260,03000,제1종근린생활시설,11-20대,602
41,경기,41220,30000,자원순환관련시설,11-20대,227
47,경북,47840,Z5000,문화및집회시설,11-20대,20
51,강원,51780,04000,제2종근린생활시설,11-20대,100
44,충남,44760,11000,노유자시설,10대 이하,54
44,충남,44270,29000,장례시설,21-50대,32
26,부산,26290,10000,교육연구시설,11-20대,224
44,충남,44200,12000,수련시설,100대 이상,398
27,대구,27290,Z3000,근린생활시설,10대 이하,547
28,인천,28245,,,11-20대,31
30,대전,30200,16000,위락시설,21-50대,259
45,전북,45190,02000,공동주택,51-100대,513
41,경기,41133,10000,교육연구시설,21-50대,649
26,부산,26230,05000,문화및집회시설,10대 이하,9
46,전남,46810,10000,교육연구시설,51-100대,603
41,경기,41450,19000,위험물저장및처리시설,51-100대,60
11,서울,11200,Z5000,문화및집회시설,10대 이하,4
41,경기,41463,05000,문화및집회시설,51-100대,151
41,경기,41570,01001,단독주택,10대 이하,44
47,경북,47230,04201,교회,10대 이하,0
48,경남,48270,Z9000,공공용시설,10대 이하,0
27,대구,27230,27000,관광휴게시설,10대 이하,3
27,대구,27260,16000,위락시설,21-50대,102
41,경기,41800,30000,자원순환관련시설,10대 이하,16
46,전남,46710,11000,노유자시설,11-20대,44
11,서울,11410,15000,숙박시설,10대 이하,175
51,강원,51130,01000,단독주택,21-50대,272
46,전남,46170,01000,단독주택,21-50대,119
43,충북,43800,JY,,10대 이하,0
45,전북,45180,24000,방송통신시설,10대 이하,10
26,부산,26380,23000,교정및군사시설,10대 이하,8
46,전남,46110,04000,제2종근린생활시설,21-50대,473
43,충북,43770,26000,묘지관련시설,10대 이하,10
50,제주,50110,23000,교정및군사시설,51-100대,235
28,인천,28200,04000,제2종근린생활시설,10대 이하,4701
46,전남,46810,Z3000,근린생활시설,10대 이하,3
41,경기,41650,05000,문화및집회시설,21-50대,216
45,전북,45770,24000,방송통신시설,11-20대,20
30,대전,30110,07000,판매시설,21-50대,176
11,서울,11545,22000,분뇨.쓰레기처리시설,10대 이하,0
48,경남,48121,13000,운동시설,10대 이하,32
48,경남,48740,25000,발전시설,10대 이하,0
43,충북,43130,29000,장례시설,100대 이상,117
43,충북,43730,02000,공동주택,11-20대,147
41,경기,41465,03000,제1종근린생활시설,51-100대,1013
47,경북,47111,31000,야영장시설,11-20대,45
47,경북,47940,11000,노유자시설,11-20대,17
43,충북,43740,27000,관광휴게시설,100대 이상,118
47,경북,47170,25000,발전시설,10대 이하,0
41,경기,41150,18000,창고시설,21-50대,92
48,경남,48730,23000,교정및군사시설,10대 이하,0
26,부산,26470,24000,방송통신시설,21-50대,39
31,울산,31110,09000,의료시설,11-20대,66
47,경북,47820,01000,단독주택,11-20대,281
47,경북,47190,01000,단독주택,21-50대,171
28,인천,28110,22000,분뇨.쓰레기처리시설,10대 이하,20
43,충북,43114,13000,운동시설,21-50대,384
43,충북,43750,19000,위험물저장및처리시설,100대 이상,845
11,서울,11560,17000,공장,11-20대,69
47,경북,47190,Z5000,문화및집회시설,10대 이하,0
46,전남,46170,10000,교육연구시설,10대 이하,115
27,대구,27720,18000,창고시설,11-20대,112
27,대구,27140,15000,숙박시설,100대 이상,571
29,광주,29140,16000,위락시설,21-50대,162
41,경기,41173,20000,자동차관련시설,10대 이하,126
45,전북,45190,01000,단독주택,21-50대,40
11,서울,11290,20000,자동차관련시설,11-20대,13
48,경남,48250,05000,문화및집회시설,10대 이하,95
48,경남,48880,12000,수련시설,51-100대,84
50,제주,50110,22000,분뇨.쓰레기처리시설,21-50대,22
51,강원,51720,33000,"국방,군사시설",100대 이상,125
46,전남,46910,09000,의료시설,11-20대,16
11,서울,11140,05000,문화및집회시설,100대 이상,463
41,경기,41111,06000,종교시설,11-20대,160
47,경북,47730,20000,자동차관련시설,100대 이상,187
47,경북,47900,07000,판매시설,11-20대,30
51,강원,51130,01000,단독주택,10대 이하,27377
41,경기,41190,22000,분뇨.쓰레기처리시설,10대 이하,11
11,서울,11590,02000,공동주택,51-100대,2362
31,울산,31710,30000,자원순환관련시설,10대 이하,242
45,전북,45140,12000,수련시설,10대 이하,0
51,강원,51130,21000,동물및식물관련시설,51-100대,274
26,부산,26470,15000,숙박시설,10대 이하,177
45,전북,45790,10000,교육연구시설,11-20대,40
11,서울,11305,Z3000,근린생활시설,10대 이하,24
43,충북,43130,02000,공동주택,51-100대,1576
11,서울,11215,15000,숙박시설,10대 이하,131
29,광주,29140,01000,단독주택,21-50대,256
44,충남,44790,05000,문화및집회시설,10대 이하,33
41,경기,41670,06000,종교시설,100대 이상,955
31,울산,31710,17000,공장,51-100대,5532
28,인천,28185,06000,종교시설,11-20대,163
47,경북,47111,15000,숙박시설,10대 이하,606
43,충북,43130,22000,분뇨.쓰레기처리시설,10대 이하,68
43,충북,43150,19000,위험물저장및처리시설,21-50대,23
41,경기,41285,14000,업무시설,10대 이하,14
47,경북,47730,31000,야영장시설,10대 이하,0
11,서울,11305,22000,분뇨.쓰레기처리시설,21-50대,43
28,인천,28260,01000,단독주택,21-50대,335
11,서울,11410,02000,공동주택,100대 이상,92584
11,서울,11305,05000,문화및집회시설,21-50대,24
41,경기,41135,12000,수련시설,21-50대,41
41,경기,41271,24000,방송통신시설,10대 이하,15
47,경북,47930,10000,교육연구시설,11-20대,95
41,경기,41820,08000,운수시설,10대 이하,10
43,충북,43745,14000,업무시설,100대 이상,114
47,경북,47830,27000,관광휴게시설,11-20대,18
48,경남,48129,03000,제1종근린생활시설,100대 이상,260
11,서울,11140,10000,교육연구시설,51-100대,498
46,전남,46130,09000,의료시설,11-20대,71
41,경기,41820,02000,공동주택,10대 이하,1558
11,서울,11470,01000,단독주택,10대 이하,5548
26,부산,26230,07000,판매시설,100대 이상,5204
47,경북,47170,09000,의료시설,11-20대,44
47,경북,47290,07000,판매시설,51-100대,52
46,전남,46870,01000,단독주택,21-50대,30
46,전남,46890,27000,관광휴게시설,51-100대,54
28,인천,28260,02000,공동주택,11-20대,8301
43,충북,43720,17000,공장,11-20대,386
43,충북,43740,27000,관광휴게시설,10대 이하,0
28,인천,28110,,,21-50대,41
45,전북,45730,12000,수련시설,10대 이하,5
27,대구,27720,22000,분뇨.쓰레기처리시설,10대 이하,9
41,경기,41650,18000,창고시설,100대 이상,347
26,부산,26380,30000,자원순환관련시설,100대 이상,307
11,서울,11260,07000,판매시설,100대 이상,1781
45,전북,45140,Z8000,교육연구및복지시설,100대 이상,655
11,서울,11530,17000,공장,21-50대,211
47,경북,47820,29000,장례시설,21-50대,29
47,경북,47830,01000,단독주택,11-20대,154
47,경북,47920,05000,문화및집회시설,11-20대,20
26,부산,26440,27000,관광휴게시설,10대 이하,0
48,경남,48123,02000,공동주택,100대 이상,289843
41,경기,41360,24000,방송통신시설,11-20대,104
51,강원,51150,Z8000,교육연구및복지시설,21-50대,89
27,대구,27230,Z8000,교육연구및복지시설,10대 이하,18
44,충남,44133,Z8000,교육연구및복지시설,11-20대,19
48,경남,48310,20000,자동차관련시설,100대 이상,930
11,서울,11530,20000,자동차관련시설,10대 이하,56
48,경남,48330,Z3000,근린생활시설,11-20대,26
51,강원,51210,29000,장례시설,10대 이하,7
27,대구,27260,05000,문화및집회시설,51-100대,66
43,충북,43150,29000,장례시설,10대 이하,7
48,경남,48121,20000,자동차관련시설,51-100대,339
47,경북,47250,01000,단독주택,11-20대,1190
28,인천,28237,13000,운동시설,10대 이하,5
27,대구,27290,24000,방송통신시설,10대 이하,0
51,강원,51130,01000,단독주택,11-20대,2250
48,경남,48125,04000,제2종근린생활시설,21-50대,593
36,세종,36110,24000,방송통신시설,51-100대,89
41,경기,41670,25000,발전시설,11-20대,13
41,경기,41500,11000,노유자시설,51-100대,87
47,경북,47210,07000,판매시설,51-100대,119
41,경기,41463,04000,제2종근린생활시설,10대 이하,3452
41,경기,41650,25000,발전시설,100대 이상,3267
48,경남,48250,22000,분뇨.쓰레기처리시설,11-20대,53
26,부산,26500,09000,의료시설,11-20대,62
36,세종,36110,07000,판매시설,11-20대,37
41,경기,41273,02000,공동주택,100대 이상,287775
11,서울,11350,05000,문화및집회시설,100대 이상,221
26,부산,26470,,,51-100대,92
51,강원,51820,15000,숙박시설,11-20대,111
51,강원,51190,05000,문화및집회시설,11-20대,62
46,전남,46840,06000,종교시설,21-50대,44
51,강원,51730,05000,문화및집회시설,21-50대,120
44,충남,44131,11000,노유자시설,11-20대,167
11,서울,11530,04000,제2종근린생활시설,100대 이상,343
43,충북,43745,11000,노유자시설,21-50대,29
48,경남,48860,18000,창고시설,11-20대,71
46,전남,46840,16000,위락시설,10대 이하,0
44,충남,44825,23000,교정및군사시설,11-20대,30
41,경기,41461,09000,의료시설,100대 이상,732
46,전남,46790,20000,자동차관련시설,51-100대,55
44,충남,44760,15000,숙박시설,11-20대,89
48,경남,48170,05000,문화및집회시설,11-20대,27
11,서울,11200,03000,제1종근린생활시설,10대 이하,1987
47,경북,47850,20000,자동차관련시설,21-50대,165
41,경기,41370,06000,종교시설,100대 이상,279
41,경기,41800,07000,판매시설,100대 이상,1138
44,충남,44133,31000,야영장시설,10대 이하,1
47,경북,47850,25000,발전시설,10대 이하,0
48,경남,48270,01000,단독주택,21-50대,264
51,강원,51110,19000,위험물저장및처리시설,11-20대,61
41,경기,41135,03000,제1종근린생활시설,10대 이하,1399
44,충남,44800,14000,업무시설,10대 이하,53
27,대구,27170,Z8000,교육연구및복지시설,51-100대,100
46,전남,46890,06000,종교시설,11-20대,75
43,충북,43730,03000,제1종근린생활시설,11-20대,227
47,경북,47230,11000,노유자시설,10대 이하,141
31,울산,31200,17000,공장,51-100대,2378
11,서울,11680,04000,제2종근린생활시설,21-50대,3767
11,서울,11140,18000,창고시설,21-50대,29
26,부산,26110,Z3000,근린생활시설,10대 이하,0
41,경기,41390,01000,단독주택,10대 이하,13730
46,전남,46830,07000,판매시설,11-20대,19
44,충남,44810,05000,문화및집회시설,11-20대,66
47,경북,47760,04000,제2종근린생활시설,21-50대,22
41,경기,41190,Z8000,교육연구및복지시설,10대 이하,10
51,강원,51790,10000,교육연구시설,51-100대,80
48,경남,48720,17000,공장,11-20대,381
31,울산,31140,05000,문화및집회시설,100대 이상,17033
43,충북,43730,23000,교정및군사시설,10대 이하,0
11,서울,11500,18000,창고시설,100대 이상,3166
43,충북,43760,18000,창고시설,10대 이하,147
44,충남,44760,12000,수련시설,10대 이하,0
43,충북,43760,17000,공장,100대 이상,2137
26,부산,26200,15000,숙박시설,11-20대,12
48,경남,48870,02000,공동주택,11-20대,365
44,충남,44825,11000,노유자시설,10대 이하,68
41,경기,41281,17000,공장,51-100대,257
41,경기,41111,11000,노유자시설,100대 이상,137
48,경남,48125,11000,노유자시설,21-50대,53
28,인천,28110,06000,종교시설,11-20대,168
27,대구,27230,13000,운동시설,10대 이하,11
29,광주,29110,19000,위험물저장및처리시설,21-50대,27
48,경남,48720,22000,분뇨.쓰레기처리시설,51-100대,84
51,강원,51230,21000,동물및식물관련시설,11-20대,33
26,부산,26500,,,21-50대,27
41,경기,41461,14000,업무시설,11-20대,455
27,대구,27290,25000,발전시설,51-100대,85
41,경기,41285,08000,운수시설,21-50대,44
46,전남,46810,06000,종교시설,10대 이하,59
43,충북,43111,30000,자원순환관련시설,11-20대,12
45,전북,45210,03000,제1종근린생활시설,10대 이하,1255
45,전북,45210,14000,업무시설,21-50대,190
47,경북,47230,03101,동사무소,10대 이하,0
51,강원,51730,15000,숙박시설,10대 이하,303
46,전남,46720,20000,자동차관련시설,51-100대,64
48,경남,48740,16000,위락시설,10대 이하,21
41,경기,41820,03000,제1종근린생활시설,11-20대,398
48,경남,48330,29000,장례시설,10대 이하,1
46,전남,46820,27000,관광휴게시설,21-50대,60
28,인천,28110,27000,관광휴게시설,21-50대,47
46,전남,46110,07000,판매시설,10대 이하,44
26,부산,26470,11000,노유자시설,51-100대,146
50,제주,50110,22000,분뇨.쓰레기처리시설,11-20대,32
41,경기,41310,06000,종교시설,51-100대,57
45,전북,45770,17000,공장,10대 이하,338
11,서울,11290,05000,문화및집회시설,10대 이하,126
45,전북,45800,01000,단독주택,21-50대,84
45,전북,45210,24000,방송통신시설,10대 이하,2
31,울산,31140,16000,위락시설,11-20대,310
47,경북,47760,,,10대 이하,0
47,경북,47830,03000,제1종근린생활시설,51-100대,123
27,대구,27230,20000,자동차관련시설,100대 이상,3110
27,대구,27290,11000,노유자시설,100대 이상,284
46,전남,46820,27000,관광휴게시설,10대 이하,19
48,경남,48123,09000,의료시설,51-100대,297
45,전북,45130,23000,교정및군사시설,10대 이하,6
41,경기,41285,03000,제1종근린생활시설,100대 이상,5248
46,전남,46880,18000,창고시설,21-50대,542
44,충남,44200,11000,노유자시설,51-100대,124
51,강원,51720,30000,자원순환관련시설,21-50대,105
43,충북,43730,21000,동물및식물관련시설,10대 이하,25
41,경기,41800,Z5000,문화및집회시설,10대 이하,0
48,경남,48129,Z9000,공공용시설,10대 이하,11
11,서울,11380,21000,동물및식물관련시설,10대 이하,0
48,경남,48740,17000,공장,11-20대,693
51,강원,51760,27000,관광휴게시설,10대 이하,16
43,충북,43130,01000,단독주택,11-20대,5501
47,경북,47940,15000,숙박시설,11-20대,46
45,전북,45800,30000,자원순환관련시설,10대 이하,50
11,서울,11545,02000,공동주택,10대 이하,12834
28,인천,28110,14000,업무시설,11-20대,180
27,대구,27260,04000,제2종근린생활시설,11-20대,1275
41,경기,41550,30000,자원순환관련시설,11-20대,82
47,경북,47920,18000,창고시설,21-50대,245
51,강원,51760,03000,제1종근린생활시설,21-50대,382
41,경기,41171,01000,단독주택,21-50대,28
41,경기,41450,11000,노유자시설,11-20대,22
48,경남,48310,03000,제1종근린생활시설,51-100대,899
27,대구,27170,17000,공장,11-20대,1173
51,강원,51820,01000,단독주택,10대 이하,2858
41,경기,41500,30000,자원순환관련시설,11-20대,120
43,충북,43130,13000,운동시설,51-100대,354
26,부산,26710,11000,노유자시설,51-100대,130
28,인천,28177,13000,운동시설,100대 이상,109
41,경기,41310,10000,교육연구시설,100대 이상,2246
50,제주,50130,13000,운동시설,10대 이하,81
27,대구,27710,07000,판매시설,51-100대,74
46,전남,46790,05000,문화및집회시설,11-20대,18
11,서울,11350,23000,교정및군사시설,10대 이하,6
41,경기,41190,Z8000,교육연구및복지시설,100대 이상,387
26,부산,26410,,,21-50대,23
11,서울,11110,Z5000,문화및집회시설,21-50대,47
36,세종,36110,15000,숙박시설,100대 이상,551
43,충북,43750,29000,장례시설,10대 이하,9
46,전남,46880,11000,노유자시설,11-20대,40
43,충북,43113,22000,분뇨.쓰레기처리시설,11-20대,95
30,대전,30200,04000,제2종근린생활시설,21-50대,1511
46,전남,46870,06000,종교시설,10대 이하,112
41,경기,41173,,,10대 이하,8
51,강원,51110,15000,숙박시설,100대 이상,2964
41,경기,41271,10000,교육연구시설,100대 이상,24484
27,대구,27140,02000,공동주택,10대 이하,6922
11,서울,11200,13000,운동시설,21-50대,122
11,서울,11260,20000,자동차관련시설,51-100대,495
28,인천,28237,Z8000,교육연구및복지시설,51-100대,513
46,전남,46870,17000,공장,21-50대,590
46,전남,46830,30000,자원순환관련시설,21-50대,40
46,전남,46880,Z8000,교육연구및복지시설,21-50대,34
11,서울,11620,02000,공동주택,51-100대,3187
43,충북,43770,31000,야영장시설,10대 이하,0
26,부산,26320,20000,자동차관련시설,10대 이하,47
48,경남,48720,09000,의료시설,51-100대,172
43,충북,43760,05000,문화및집회시설,10대 이하,20
29,광주,29110,Z3000,근린생활시설,11-20대,12
47,경북,47730,15000,숙박시설,11-20대,112
45,전북,45111,09000,의료시설,10대 이하,24
46,전남,46110,27000,관광휴게시설,10대 이하,0
41,경기,41590,,,21-50대,47
44,충남,44800,10000,교육연구시설,100대 이상,1635
44,충남,44131,Z5000,문화및집회시설,10대 이하,13
44,충남,44200,22000,분뇨.쓰레기처리시설,11-20대,29
46,전남,46150,22000,분뇨.쓰레기처리시설,10대 이하,62
41,경기,41360,10000,교육연구시설,10대 이하,388
11,서울,11620,17000,공장,11-20대,48
51,강원,51150,23000,교정및군사시설,21-50대,68
46,전남,46720,31000,야영장시설,21-50대,423
28,인천,28200,10000,교육연구시설,21-50대,1706
46,전남,46110,19000,위험물저장및처리시설,10대 이하,98
41,경기,41830,04000,제2종근린생활시설,11-20대,683
26,부산,26410,10000,교육연구시설,11-20대,158
41,경기,41117,03000,제1종근린생활시설,51-100대,854
41,경기,41310,03000,제1종근린생활시설,51-100대,472
41,경기,41281,06000,종교시설,51-100대,371
51,강원,51750,16000,위락시설,10대 이하,3
48,경남,48220,02000,공동주택,21-50대,937
41,경기,41220,14000,업무시설,100대 이상,9453
47,경북,47111,09000,의료시설,100대 이상,1449
46,전남,46230,03000,제1종근린생활시설,51-100대,291
30,대전,30170,11000,노유자시설,11-20대,195
48,경남,48220,16000,위락시설,10대 이하,92
11,서울,11260,05000,문화및집회시설,51-100대,134
47,경북,47230,22000,분뇨.쓰레기처리시설,10대 이하,33
26,부산,26170,20000,자동차관련시설,51-100대,421
41,경기,41820,17000,공장,11-20대,153
31,울산,31170,19000,위험물저장및처리시설,10대 이하,28
30,대전,30110,04000,제2종근린생활시설,11-20대,479
41,경기,41830,23000,교정및군사시설,11-20대,26
27,대구,27200,02000,공동주택,100대 이상,50996
11,서울,11350,08000,운수시설,10대 이하,2
51,강원,51730,20000,자동차관련시설,21-50대,81
27,대구,27110,07000,판매시설,100대 이상,2851
46,전남,46150,15000,숙박시설,21-50대,370
47,경북,47190,30000,자원순환관련시설,10대 이하,89
28,인천,28185,18000,창고시설,100대 이상,378
41,경기,41220,27000,관광휴게시설,21-50대,41
47,경북,47170,06000,종교시설,100대 이상,110
44,충남,44270,04000,제2종근린생활시설,11-20대,831
47,경북,47150,01000,단독주택,51-100대,57
30,대전,30200,19000,위험물저장및처리시설,10대 이하,144
11,서울,11545,20000,자동차관련시설,11-20대,19
46,전남,46890,13000,운동시설,100대 이상,250
47,경북,47840,12000,수련시설,10대 이하,2
46,전남,46810,08000,운수시설,10대 이하,7
26,부산,26710,14000,업무시설,21-50대,750
11,서울,11650,09000,의료시설,100대 이상,622
47,경북,47113,02000,공동주택,51-100대,1687
47,경북,47250,06000,종교시설,11-20대,50
43,충북,43114,30000,자원순환관련시설,10대 이하,132
41,경기,41115,16000,위락시설,10대 이하,45
11,서울,11650,20000,자동차관련시설,10대 이하,72
48,경남,48730,09000,의료시설,100대 이상,107
45,전북,45800,04000,제2종근린생활시설,21-50대,178
28,인천,28185,16000,위락시설,21-50대,58
41,경기,41650,22000,분뇨.쓰레기처리시설,10대 이하,71
43,충북,43760,15000,숙박시설,10대 이하,92
51,강원,51130,11000,노유자시설,10대 이하,358
41,경기,41370,11000,노유자시설,21-50대,102
45,전북,45140,20000,자동차관련시설,100대 이상,284
26,부산,26380,,,51-100대,73
43,충북,43130,05000,문화및집회시설,51-100대,191
48,경남,48220,19000,위험물저장및처리시설,100대 이상,745
41,경기,41285,07000,판매시설,10대 이하,3
50,제주,50110,19001,주유소,10대 이하,0
46,전남,46890,05000,문화및집회시설,51-100대,74
47,경북,47113,07000,판매시설,100대 이상,4403
51,강원,51780,05000,문화및집회시설,11-20대,32
41,경기,41500,19000,위험물저장및처리시설,51-100대,55
47,경북,47290,05000,문화및집회시설,10대 이하,24
41,경기,41171,15000,숙박시설,100대 이상,174
41,경기,41370,29000,장례시설,100대 이상,127
45,전북,45190,08000,운수시설,100대 이상,372
48,경남,48220,09000,의료시설,100대 이상,361
50,제주,50110,26000,묘지관련시설,10대 이하,13
26,부산,26350,05000,문화및집회시설,51-100대,242
41,경기,41480,15000,숙박시설,11-20대,206
11,서울,11560,03000,제1종근린생활시설,11-20대,822
51,강원,51800,04000,제2종근린생활시설,100대 이상,147
46,전남,46790,08000,운수시설,10대 이하,10
48,경남,48123,Z6000,판매및영업시설,10대 이하,8
48,경남,48310,07000,판매시설,51-100대,268
48,경남,48850,09000,의료시설,21-50대,80
51,강원,51820,07000,판매시설,21-50대,35
11,서울,11350,06000,종교시설,21-50대,482
48,경남,48310,,,21-50대,114
11,서울,11200,20000,자동차관련시설,100대 이상,2450
29,광주,29140,14000,업무시설,10대 이하,60
28,인천,28710,23000,교정및군사시설,100대 이상,108
45,전북,45720,10000,교육연구시설,51-100대,1292
46,전남,46110,03000,제1종근린생활시설,51-100대,300
46,전남,46770,14000,업무시설,10대 이하,25
27,대구,27140,22000,분뇨.쓰레기처리시설,10대 이하,0
31,울산,31110,11000,노유자시설,21-50대,62
27,대구,27170,Z8000,교육연구및복지시설,10대 이하,5
27,대구,27110,15000,숙박시설,10대 이하,306
44,충남,44131,19000,위험물저장및처리시설,11-20대,50
11,서울,11410,02000,공동주택,10대 이하,15672
41,경기,41281,10000,교육연구시설,11-20대,333
45,전북,45730,Z9000,공공용시설,10대 이하,0
51,강원,51750,01000,단독주택,21-50대,279
46,전남,46900,25000,발전시설,11-20대,16
44,충남,44810,08000,운수시설,10대 이하,0
28,인천,28200,07000,판매시설,100대 이상,6947
27,대구,27720,11000,노유자시설,10대 이하,15
46,전남,46130,13000,운동시설,11-20대,41
27,대구,27290,20000,자동차관련시설,10대 이하,243
51,강원,51770,26000,묘지관련시설,51-100대,56
41,경기,41820,18000,창고시설,51-100대,80
26,부산,26260,19000,위험물저장및처리시설,10대 이하,39
30,대전,30230,20000,자동차관련시설,11-20대,95
47,경북,47290,07000,판매시설,100대 이상,2787
51,강원,51760,05000,문화및집회시설,51-100대,195
48,경남,48860,22000,분뇨.쓰레기처리시설,10대 이하,18
11,서울,11305,Z5000,문화및집회시설,11-20대,14
41,경기,41220,22000,분뇨.쓰레기처리시설,21-50대,216
11,서울,11230,05000,문화및집회시설,100대 이상,334
41,경기,41250,Z3000,근린생활시설,10대 이하,20
41,경기,41281,11000,노유자시설,11-20대,219
46,전남,46150,17000,공장,10대 이하,643
11,서울,11620,20000,자동차관련시설,11-20대,16
41,경기,41461,02000,공동주택,21-50대,4441
43,충북,43114,17000,공장,51-100대,4085
11,서울,11545,03000,제1종근린생활시설,11-20대,283
11,서울,11305,Z8000,교육연구및복지시설,21-50대,79
41,경기,41550,09000,의료시설,100대 이상,380
29,광주,29200,06000,종교시설,51-100대,347
46,전남,46710,17000,공장,21-50대,988
43,충북,43720,31000,야영장시설,11-20대,13
41,경기,41480,19000,위험물저장및처리시설,11-20대,42
36,세종,36110,06000,종교시설,10대 이하,166
41,경기,41670,18000,창고시설,11-20대,367
41,경기,41570,02000,공동주택,51-100대,1037
44,충남,44150,13000,운동시설,21-50대,62
11,서울,11305,11000,노유자시설,11-20대,59
41,경기,41463,30000,자원순환관련시설,10대 이하,58
28,인천,28260,23000,교정및군사시설,10대 이하,22
41,경기,41830,05000,문화및집회시설,11-20대,83
27,대구,27710,13000,운동시설,11-20대,77
29,광주,29110,24000,방송통신시설,51-100대,78
28,인천,28110,02000,공동주택,10대 이하,1693
46,전남,46880,28000,가설건축물,10대 이하,0
26,부산,26170,07000,판매시설,21-50대,33
47,경북,47830,10000,교육연구시설,21-50대,94
11,서울,11560,07000,판매시설,21-50대,195
51,강원,51130,27000,관광휴게시설,11-20대,48
51,강원,51750,14000,업무시설,10대 이하,40
46,전남,46150,,,10대 이하,29
48,경남,48890,27000,관광휴게시설,10대 이하,0
41,경기,41360,23000,교정및군사시설,51-100대,154
43,충북,43150,03000,제1종근린생활시설,11-20대,396
47,경북,47280,Z8000,교육연구및복지시설,10대 이하,6
11,서울,11200,03000,제1종근린생활시설,21-50대,592
46,전남,46170,03000,제1종근린생활시설,100대 이상,591
51,강원,51730,22000,분뇨.쓰레기처리시설,21-50대,48
11,서울,11260,09000,의료시설,100대 이상,283
50,제주,50110,21000,동물및식물관련시설,21-50대,207
30,대전,30200,23000,교정및군사시설,11-20대,20
26,부산,26440,02000,공동주택,11-20대,230
48,경남,48123,11000,노유자시설,100대 이상,354
48,경남,48125,24000,방송통신시설,10대 이하,0
48,경남,48170,24000,방송통신시설,51-100대,149
27,대구,27230,JY,,10대 이하,7
41,경기,41220,21000,동물및식물관련시설,11-20대,66
26,부산,26260,08000,운수시설,10대 이하,0
31,울산,31200,18000,창고시설,10대 이하,378
11,서울,11530,11000,노유자시설,21-50대,364
46,전남,46720,17000,공장,100대 이상,7446
41,경기,41480,21000,동물및식물관련시설,21-50대,101
51,강원,51830,31000,야영장시설,51-100대,70
41,경기,41310,20000,자동차관련시설,100대 이상,903
44,충남,44710,02000,공동주택,10대 이하,368
43,충북,43770,18000,창고시설,21-50대,442
48,경남,48730,17000,공장,11-20대,3101
29,광주,29170,20000,자동차관련시설,10대 이하,288
46,전남,46800,,,10대 이하,0
44,충남,44810,13000,운동시설,51-100대,63
43,충북,43112,27000,관광휴게시설,51-100대,100
46,전남,46910,25000,발전시설,10대 이하,12
27,대구,27290,13000,운동시설,51-100대,517
29,광주,29155,15000,숙박시설,11-20대,42
11,서울,11215,Z8000,교육연구및복지시설,51-100대,227
45,전북,45113,06000,종교시설,10대 이하,409
27,대구,27230,02000,공동주택,51-100대,1619
26,부산,26110,10000,교육연구시설,100대 이상,103
46,전남,46890,14000,업무시설,21-50대,62
47,경북,47170,29000,장례시설,11-20대,16
47,경북,47920,05000,문화및집회시설,10대 이하,6
51,강원,51110,09000,의료시설,10대 이하,0
28,인천,28710,03000,제1종근린생활시설,11-20대,282
11,서울,11440,18000,창고시설,51-100대,71
47,경북,47170,25000,발전시설,100대 이상,1644
51,강원,51210,19000,위험물저장및처리시설,10대 이하,55
47,경북,47130,01000,단독주택,11-20대,5248
46,전남,46170,27000,관광휴게시설,51-100대,70
47,경북,47290,Z8000,교육연구및복지시설,11-20대,11
41,경기,41173,10000,교육연구시설,11-20대,306
41,경기,41281,25000,발전시설,100대 이상,848
41,경기,41461,04000,제2종근린생활시설,11-20대,2638
27,대구,27260,02000,공동주택,51-100대,1010
50,제주,50130,14000,업무시설,100대 이상,3570
48,경남,48170,05000,문화및집회시설,21-50대,220
43,충북,43113,07000,판매시설,21-50대,145
41,경기,41463,29000,장례시설,51-100대,100
11,서울,11140,04000,제2종근린생활시설,10대 이하,2686
29,광주,29200,09000,의료시설,10대 이하,36
30,대전,30230,12000,수련시설,21-50대,36
47,경북,47250,09000,의료시설,51-100대,58
27,대구,27710,02000,공동주택,51-100대,171
48,경남,48270,14000,업무시설,100대 이상,942
41,경기,41461,22000,분뇨.쓰레기처리시설,11-20대,46
48,경남,48310,Z3000,근린생활시설,10대 이하,0
11,서울,11350,14000,업무시설,51-100대,690
51,강원,51190,02000,공동주택,10대 이하,19
48,경남,48129,20000,자동차관련시설,51-100대,241
26,부산,26230,07000,판매시설,10대 이하,0
41,경기,41463,15000,숙박시설,100대 이상,2282
48,경남,48240,05000,문화및집회시설,100대 이상,144
47,경북,47250,05000,문화및집회시설,21-50대,263
26,부산,26410,12000,수련시설,21-50대,73
45,전북,45111,07000,판매시설,21-50대,101
43,충북,43130,10000,교육연구시설,11-20대,155
48,경남,48330,16000,위락시설,10대 이하,97
51,강원,51210,09000,의료시설,21-50대,54
29,광주,29140,17000,공장,100대 이상,4751
44,충남,44710,01000,단독주택,11-20대,158
50,제주,50110,14000,업무시설,10대 이하,330
45,전북,45720,14000,업무시설,10대 이하,11
47,경북,47111,01000,단독주택,21-50대,142
41,경기,41173,01000,단독주택,10대 이하,2920
44,충남,44790,17000,공장,51-100대,437
41,경기,41461,18000,창고시설,11-20대,838
41,경기,41650,09000,의료시설,100대 이상,109
28,인천,28710,01000,단독주택,11-20대,669
27,대구,27230,Z5000,문화및집회시설,10대 이하,33
11,서울,11260,14000,업무시설,21-50대,1510
46,전남,46110,04000,제2종근린생활시설,51-100대,177
41,경기,41461,18000,창고시설,21-50대,2300
26,부산,26380,04000,제2종근린생활시설,11-20대,584
48,경남,48125,02000,공동주택,51-100대,1699
11,서울,11305,27000,관광휴게시설,10대 이하,0
44,충남,44180,09000,의료시설,100대 이상,390
41,경기,41287,24000,방송통신시설,51-100대,162
47,경북,47250,18000,창고시설,10대 이하,357
47,경북,47113,Z3000,근린생활시설,10대 이하,7
45,전북,45130,10000,교육연구시설,100대 이상,18546
30,대전,30110,30000,자원순환관련시설,10대 이하,15
47,경북,47760,21000,동물및식물관련시설,100대 이상,168
51,강원,51800,05000,문화및집회시설,10대 이하,42
46,전남,46130,05000,문화및집회시설,10대 이하,78
48,경남,48125,04000,제2종근린생활시설,10대 이하,2300
31,울산,31110,15000,숙박시설,10대 이하,122
28,인천,28140,09000,의료시설,100대 이상,640
47,경북,47280,09000,의료시설,21-50대,45
48,경남,48125,06000,종교시설,21-50대,422
43,충북,43113,19000,위험물저장및처리시설,21-50대,120
31,울산,31710,24000,방송통신시설,10대 이하,6
50,제주,50110,20000,자동차관련시설,100대 이상,3466
36,세종,36110,11000,노유자시설,100대 이상,331
11,서울,11290,15000,숙박시설,10대 이하,32
28,인천,28185,11000,노유자시설,51-100대,295
41,경기,41360,15000,숙박시설,100대 이상,2158
51,강원,51130,17000,공장,21-50대,2877
41,경기,41480,03000,제1종근린생활시설,100대 이상,3078
44,충남,44770,11000,노유자시설,21-50대,25
11,서울,11680,21000,동물및식물관련시설,10대 이하,0
41,경기,41550,12000,수련시설,10대 이하,7
30,대전,30140,01000,단독주택,10대 이하,10731
48,경남,48121,09000,의료시설,10대 이하,12
48,경남,48121,18999,기타창고시설,10대 이하,0
43,충북,43112,18000,창고시설,51-100대,151
48,경남,48860,11000,노유자시설,21-50대,23
48,경남,48890,14000,업무시설,11-20대,45
46,전남,46780,11000,노유자시설,21-50대,57
11,서울,11440,04000,제2종근린생활시설,100대 이상,722
51,강원,51150,22000,분뇨.쓰레기처리시설,10대 이하,17
41,경기,41610,04000,제2종근린생활시설,11-20대,981
41,경기,41281,21000,동물및식물관련시설,10대 이하,25
28,인천,28200,02000,공동주택,11-20대,6204
28,인천,28177,06000,종교시설,10대 이하,234
26,부산,26170,18000,창고시설,100대 이상,631
48,경남,48125,11000,노유자시설,100대 이상,363
46,전남,46170,03000,제1종근린생활시설,21-50대,1525
41,경기,41131,23000,교정및군사시설,100대 이상,1016
28,인천,28720,10000,교육연구시설,51-100대,191
41,경기,41190,04000,제2종근린생활시설,51-100대,2009
31,울산,31710,15000,숙박시설,10대 이하,454
11,서울,11305,09000,의료시설,51-100대,116
41,경기,41450,20000,자동차관련시설,51-100대,569
11,서울,11470,11000,노유자시설,21-50대,206
47,경북,47150,10000,교육연구시설,51-100대,1032
45,전북,45730,02000,공동주택,100대 이상,1059
47,경북,47113,09000,의료시설,21-50대,521
41,경기,41670,06000,종교시설,10대 이하,179
45,전북,45710,12000,수련시설,51-100대,58
11,서울,11680,18000,창고시설,10대 이하,20
46,전남,46820,Z5000,문화및집회시설,10대 이하,0
48,경남,48127,04000,제2종근린생활시설,100대 이상,971
45,전북,45720,25000,발전시설,10대 이하,0
41,경기,41650,13000,운동시설,10대 이하,21
31,울산,31710,19000,위험물저장및처리시설,11-20대,207
28,인천,28260,20000,자동차관련시설,51-100대,747
41,경기,41210,25000,발전시설,10대 이하,0
41,경기,41287,,,11-20대,27
41,경기,41463,Z5000,문화및집회시설,10대 이하,0
41,경기,41271,02000,공동주택,10대 이하,35498
43,충북,43114,09000,의료시설,100대 이상,1766
46,전남,46780,26000,묘지관련시설,10대 이하,0
27,대구,27290,02000,공동주택,100대 이상,458905
41,경기,41281,03000,제1종근린생활시설,21-50대,2853
28,인천,28237,17000,공장,10대 이하,1327
28,인천,28720,30000,자원순환관련시설,21-50대,21
11,서울,11710,23000,교정및군사시설,100대 이상,1776
41,경기,41287,15000,숙박시설,11-20대,143
46,전남,46870,17000,공장,51-100대,648
46,전남,46880,13000,운동시설,100대 이상,2858
44,충남,44770,24000,방송통신시설,21-50대,30
46,전남,46870,04000,제2종근린생활시설,10대 이하,781
11,서울,11680,17000,공장,10대 이하,0
47,경북,47930,22000,분뇨.쓰레기처리시설,11-20대,16
28,인천,28185,26000,묘지관련시설,10대 이하,0
44,충남,44131,01000,단독주택,10대 이하,12985
28,인천,28720,,,10대 이하,28
28,인천,28710,13000,운동시설,51-100대,180
47,경북,47900,02000,공동주택,21-50대,360
47,경북,47130,06000,종교시설,21-50대,407
28,인천,28185,05000,문화및집회시설,100대 이상,3382
41,경기,41131,15000,숙박시설,10대 이하,161
46,전남,46780,,,10대 이하,31
11,서울,11260,,,21-50대,40
51,강원,51770,09000,의료시설,10대 이하,0
41,경기,41650,09000,의료시설,11-20대,45
47,경북,47840,31000,야영장시설,10대 이하,13
46,전남,46880,26000,묘지관련시설,10대 이하,0
43,충북,43111,04000,제2종근린생활시설,10대 이하,3570
41,경기,41370,05000,문화및집회시설,100대 이상,806
48,경남,48870,30000,자원순환관련시설,10대 이하,6
11,서울,11290,19000,위험물저장및처리시설,11-20대,14
46,전남,46890,16000,위락시설,10대 이하,28
41,경기,41135,02000,공동주택,10대 이하,1156
43,충북,43150,27000,관광휴게시설,21-50대,46
48,경남,48720,25000,발전시설,10대 이하,0
28,인천,28237,20000,자동차관련시설,100대 이상,1456
29,광주,29110,Z8000,교육연구및복지시설,21-50대,49
41,경기,41450,10000,교육연구시설,21-50대,635
29,광주,29170,08000,운수시설,10대 이하,0
45,전북,45790,16000,위락시설,10대 이하,3
46,전남,46830,30000,자원순환관련시설,10대 이하,13
11,서울,11305,20000,자동차관련시설,11-20대,11
27,대구,27720,01000,단독주택,11-20대,137
11,서울,11620,04000,제2종근린생활시설,51-100대,175
41,경기,41287,08000,운수시설,21-50대,41
45,전북,45790,26000,묘지관련시설,10대 이하,0
51,강원,51190,07000,판매시설,11-20대,52
11,서울,11410,11000,노유자시설,100대 이상,1693
41,경기,41461,23000,교정및군사시설,21-50대,50
41,경기,41610,31000,야영장시설,10대 이하,6
44,충남,44250,09000,의료시설,11-20대,35
26,부산,26470,11000,노유자시설,21-50대,32
11,서울,11500,Z6000,판매및영업시설,51-100대,84
29,광주,29200,13000,운동시설,51-100대,1180
48,경남,48880,01000,단독주택,21-50대,91
48,경남,48310,06000,종교시설,51-100대,294
51,강원,51130,06000,종교시설,51-100대,737
27,대구,27140,16000,위락시설,11-20대,20
47,경북,47111,06000,종교시설,21-50대,394
11,서울,11230,06000,종교시설,21-50대,788
43,충북,43770,13000,운동시설,100대 이상,4120
46,전남,46830,02000,공동주택,11-20대,533
41,경기,41111,18000,창고시설,11-20대,17
31,울산,31710,11000,노유자시설,10대 이하,281
46,전남,46720,13000,운동시설,51-100대,57
47,경북,47770,17000,공장,10대 이하,331
46,전남,46830,26000,묘지관련시설,10대 이하,0
27,대구,27720,16000,위락시설,10대 이하,0
48,경남,48240,29000,장례시설,51-100대,138
48,경남,48310,23000,교정및군사시설,11-20대,11
47,경북,47830,Z5000,문화및집회시설,10대 이하,2
36,세종,36110,12000,수련시설,21-50대,30
26,부산,26110,10000,교육연구시설,11-20대,20
41,경기,41220,23000,교정및군사시설,51-100대,261
43,충북,43114,19000,위험물저장및처리시설,11-20대,59
47,경북,47930,05000,문화및집회시설,100대 이상,920
26,부산,26710,20000,자동차관련시설,51-100대,439
48,경남,48820,02000,공동주택,10대 이하,410
41,경기,41220,19000,위험물저장및처리시설,21-50대,652
45,전북,45190,,,10대 이하,53
51,강원,51110,23000,교정및군사시설,10대 이하,45
43,충북,43745,17000,공장,10대 이하,506
43,충북,43730,10000,교육연구시설,21-50대,173
26,부산,26410,07000,판매시설,100대 이상,1761
29,광주,29140,20000,자동차관련시설,11-20대,69
51,강원,51800,14000,업무시설,21-50대,137
51,강원,51830,14000,업무시설,11-20대,61
28,인천,28177,09000,의료시설,100대 이상,277
48,경남,48125,04000,제2종근린생활시설,11-20대,536
44,충남,44710,13000,운동시설,51-100대,60
48,경남,48129,,,21-50대,114
41,경기,41590,19000,위험물저장및처리시설,11-20대,169
46,전남,46770,04000,제2종근린생활시설,21-50대,188
41,경기,41220,,,10대 이하,427
48,경남,48850,14000,업무시설,10대 이하,27
29,광주,29170,21000,동물및식물관련시설,10대 이하,16
51,강원,51750,02000,공동주택,51-100대,371
11,서울,11305,02000,공동주택,51-100대,1618
48,경남,48127,,,21-50대,88
11,서울,11350,06000,종교시설,11-20대,446
26,부산,26710,27000,관광휴게시설,51-100대,75
41,경기,41430,11000,노유자시설,51-100대,59
41,경기,41450,13000,운동시설,100대 이상,902
11,서울,11440,21000,동물및식물관련시설,10대 이하,0
44,충남,44250,07000,판매시설,10대 이하,10
47,경북,47940,04000,제2종근린생활시설,21-50대,23
44,충남,44810,19000,위험물저장및처리시설,10대 이하,37
48,경남,48270,11000,노유자시설,10대 이하,94
41,경기,41500,04000,제2종근린생활시설,11-20대,1358
26,부산,26530,18000,창고시설,11-20대,246
46,전남,46840,05000,문화및집회시설,11-20대,27
45,전북,45750,10000,교육연구시설,10대 이하,29
43,충북,43111,17000,공장,10대 이하,368
45,전북,45710,18000,창고시설,100대 이상,885
45,전북,45730,,,100대 이상,196
51,강원,51830,06000,종교시설,21-50대,88
45,전북,45190,09000,의료시설,11-20대,34
30,대전,30200,24000,방송통신시설,21-50대,33
41,경기,41111,05000,문화및집회시설,21-50대,58
11,서울,11740,07000,판매시설,100대 이상,2295
41,경기,41150,24000,방송통신시설,10대 이하,1
31,울산,31710,05000,문화및집회시설,100대 이상,800
41,경기,41281,Z5000,문화및집회시설,11-20대,30
46,전남,46770,17000,공장,11-20대,267
46,전남,46890,06000,종교시설,10대 이하,30
26,부산,26110,07000,판매시설,51-100대,53
43,충북,43150,09000,의료시설,21-50대,78
11,서울,11170,15000,숙박시설,10대 이하,21
46,전남,46910,12000,수련시설,51-100대,120
51,강원,51830,20000,자동차관련시설,100대 이상,160
43,충북,43114,06000,종교시설,10대 이하,206
29,광주,29200,18000,창고시설,100대 이상,2483
41,경기,41450,,,11-20대,12
28,인천,28177,Z5000,문화및집회시설,11-20대,12
48,경남,48720,02000,공동주택,10대 이하,134
48,경남,48870,15000,숙박시설,10대 이하,63
48,경남,48250,18000,창고시설,11-20대,461
47,경북,47900,02000,공동주택,11-20대,359
44,충남,44180,13000,운동시설,100대 이상,1808
48,경남,48840,15000,숙박시설,10대 이하,158
43,충북,43130,21000,동물및식물관련시설,11-20대,42
46,전남,46730,15000,숙박시설,51-100대,67
29,광주,29170,07000,판매시설,100대 이상,2429
51,강원,51750,07000,판매시설,21-50대,24
41,경기,41133,15000,숙박시설,11-20대,64
29,광주,29170,25000,발전시설,10대 이하,0
47,경북,47900,11000,노유자시설,10대 이하,57
48,경남,48125,20000,자동차관련시설,10대 이하,78
47,경북,47940,15000,숙박시설,10대 이하,138
47,경북,47150,21000,동물및식물관련시설,10대 이하,63
41,경기,41360,04000,제2종근린생활시설,21-50대,2848
47,경북,47111,10000,교육연구시설,100대 이상,117251
44,충남,44131,01000,단독주택,11-20대,10829
48,경남,48121,07000,판매시설,21-50대,265
28,인천,28245,14000,업무시설,10대 이하,166
41,경기,41190,Z5000,문화및집회시설,10대 이하,0
27,대구,27290,21000,동물및식물관련시설,10대 이하,0
41,경기,41271,31000,야영장시설,10대 이하,1
51,강원,51780,04000,제2종근린생활시설,21-50대,73
41,경기,41500,06000,종교시설,21-50대,391
27,대구,27230,13000,운동시설,100대 이상,1563
48,경남,48890,01000,단독주택,21-50대,30
47,경북,47760,04000,제2종근린생활시설,10대 이하,169
46,전남,46820,17000,공장,100대 이상,210
46,전남,46800,21000,동물및식물관련시설,11-20대,11
36,세종,36110,17000,공장,100대 이상,41022
28,인천,28177,14000,업무시설,100대 이상,9918
31,울산,31710,,,100대 이상,237
48,경남,48740,13000,운동시설,10대 이하,0
11,서울,11230,22000,분뇨.쓰레기처리시설,10대 이하,0
29,광주,29110,14000,업무시설,10대 이하,224
41,경기,41630,10000,교육연구시설,51-100대,1457
46,전남,46770,14000,업무시설,51-100대,164
47,경북,47130,19000,위험물저장및처리시설,11-20대,88
51,강원,51130,20000,자동차관련시설,11-20대,282
31,울산,31200,26000,묘지관련시설,10대 이하,0
29,광주,29140,07000,판매시설,10대 이하,23
48,경남,48123,14000,업무시설,21-50대,990
47,경북,47130,08000,운수시설,11-20대,14
11,서울,11440,13000,운동시설,51-100대,121
48,경남,48240,07000,판매시설,100대 이상,738
48,경남,48820,02002,연립주택,10대 이하,0
41,경기,41630,Z8000,교육연구및복지시설,51-100대,90
11,서울,11620,10000,교육연구시설,100대 이상,6952
28,인천,28177,20000,자동차관련시설,21-50대,132
11,서울,11260,11000,노유자시설,11-20대,45
45,전북,45111,24000,방송통신시설,10대 이하,7
48,경남,48890,05000,문화및집회시설,11-20대,17
41,경기,41150,,,11-20대,46
45,전북,45800,24000,방송통신시설,10대 이하,0
27,대구,27710,Z5000,문화및집회시설,100대 이상,415
41,경기,41220,19000,위험물저장및처리시설,10대 이하,456
11,서울,11140,11000,노유자시설,11-20대,35
43,충북,43130,20000,자동차관련시설,10대 이하,105
41,경기,41610,09000,의료시설,10대 이하,21
26,부산,26260,06000,종교시설,11-20대,105
28,인천,28185,10000,교육연구시설,100대 이상,15852
48,경남,48121,20000,자동차관련시설,100대 이상,1077
29,광주,29200,18000,창고시설,11-20대,367
41,경기,41271,06000,종교시설,21-50대,235
45,전북,45130,19000,위험물저장및처리시설,21-50대,45
11,서울,11215,04000,제2종근린생활시설,100대 이상,895
51,강원,51760,27000,관광휴게시설,51-100대,156
26,부산,26350,23000,교정및군사시설,10대 이하,11
11,서울,11620,03000,제1종근린생활시설,21-50대,895
41,경기,41190,27000,관광휴게시설,10대 이하,10
43,충북,43745,06000,종교시설,21-50대,26
47,경북,47290,Z9000,공공용시설,10대 이하,0
41,경기,41450,20000,자동차관련시설,10대 이하,50
41,경기,41430,06000,종교시설,21-50대,277
46,전남,46840,01000,단독주택,100대 이상,10250
26,부산,26290,01000,단독주택,10대 이하,1693
11,서울,11230,Z3000,근린생활시설,10대 이하,14
41,경기,41590,24000,방송통신시설,10대 이하,32
28,인천,28245,06000,종교시설,11-20대,275
45,전북,45113,08000,운수시설,10대 이하,0
28,인천,28110,10000,교육연구시설,11-20대,44
28,인천,28260,01000,단독주택,51-100대,121
26,부산,26440,09000,의료시설,10대 이하,9
41,경기,41171,16000,위락시설,10대 이하,9
43,충북,43111,13000,운동시설,21-50대,122
48,경남,48730,25000,발전시설,10대 이하,0
41,경기,41800,02000,공동주택,11-20대,280
41,경기,41190,,,10대 이하,41
43,충북,43740,02000,공동주택,21-50대,272
41,경기,41800,01000,단독주택,10대 이하,1202
28,인천,28185,08000,운수시설,10대 이하,0
44,충남,44210,14000,업무시설,11-20대,212
30,대전,30200,10000,교육연구시설,51-100대,4376
41,경기,41480,27000,관광휴게시설,51-100대,99
31,울산,31140,08000,운수시설,21-50대,112
45,전북,45740,17000,공장,10대 이하,145
48,경남,48220,,,51-100대,52
41,경기,41283,02000,공동주택,100대 이상,229
11,서울,11380,20000,자동차관련시설,10대 이하,14
26,부산,26230,13000,운동시설,10대 이하,9
48,경남,48740,08000,운수시설,10대 이하,6
45,전북,45790,09000,의료시설,51-100대,142
51,강원,51150,27000,관광휴게시설,10대 이하,7
47,경북,47230,30000,자원순환관련시설,51-100대,152
11,서울,11380,09000,의료시설,100대 이상,1620
41,경기,41173,24000,방송통신시설,10대 이하,6
41,경기,41610,20000,자동차관련시설,11-20대,131
30,대전,30230,23000,교정및군사시설,10대 이하,7
45,전북,45140,10000,교육연구시설,21-50대,797
29,광주,29140,12000,수련시설,11-20대,11
29,광주,29170,03999,기타제1종근린생활시설,10대 이하,1
41,경기,41630,09000,의료시설,51-100대,256
11,서울,11590,11000,노유자시설,51-100대,63
44,충남,44200,19000,위험물저장및처리시설,10대 이하,180
41,경기,41370,13000,운동시설,11-20대,43
48,경남,48310,13000,운동시설,100대 이상,5862
27,대구,27710,22000,분뇨.쓰레기처리시설,11-20대,63
46,전남,46830,23000,교정및군사시설,21-50대,30
30,대전,30140,15000,숙박시설,11-20대,402
11,서울,11350,03000,제1종근린생활시설,21-50대,886
41,경기,41430,03000,제1종근린생활시설,51-100대,51
41,경기,41410,09000,의료시설,21-50대,33
45,전북,45190,20000,자동차관련시설,100대 이상,219
41,경기,41650,13000,운동시설,21-50대,326
43,충북,43770,21000,동물및식물관련시설,10대 이하,41
43,충북,43111,09000,의료시설,51-100대,129
47,경북,47250,06000,종교시설,21-50대,48
44,충남,44210,23000,교정및군사시설,21-50대,106
46,전남,46810,15000,숙박시설,100대 이상,148
44,충남,44250,02000,공동주택,11-20대,11
11,서울,11710,17000,공장,10대 이하,0
46,전남,46820,09000,의료시설,100대 이상,454
11,서울,11380,01000,단독주택,21-50대,50
41,경기,41465,04000,제2종근린생활시설,10대 이하,1909
46,전남,46150,09000,의료시설,10대 이하,19
46,전남,46130,15000,숙박시설,21-50대,1373
41,경기,41830,10000,교육연구시설,11-20대,162
11,서울,11530,03000,제1종근린생활시설,10대 이하,1501
48,경남,48270,12000,수련시설,10대 이하,0
44,충남,44131,01000,단독주택,21-50대,191
28,인천,28720,20000,자동차관련시설,10대 이하,15
11,서울,11260,08000,운수시설,51-100대,80
46,전남,46170,29000,장례시설,11-20대,52
50,제주,50130,04000,제2종근린생활시설,21-50대,1020
47,경북,47190,02000,공동주택,100대 이상,222997
48,경남,48820,05000,문화및집회시설,11-20대,26
43,충북,43114,07000,판매시설,21-50대,25
48,경남,48720,18000,창고시설,11-20대,57
41,경기,41310,23000,교정및군사시설,10대 이하,2
43,충북,43740,17000,공장,100대 이상,1054
41,경기,41117,10000,교육연구시설,10대 이하,142
29,광주,29170,03000,제1종근린생활시설,11-20대,1404
45,전북,45750,13000,운동시설,21-50대,68
41,경기,41281,12000,수련시설,10대 이하,6
43,충북,43150,16000,위락시설,11-20대,16
46,전남,46830,31000,야영장시설,10대 이하,0
26,부산,26350,08000,운수시설,51-100대,183
45,전북,45140,15000,숙박시설,11-20대,385
26,부산,26500,15000,숙박시설,51-100대,207
41,경기,41117,02000,공동주택,51-100대,564
44,충남,44230,27000,관광휴게시설,100대 이상,1972
48,경남,48127,10000,교육연구시설,51-100대,387
47,경북,47113,14000,업무시설,11-20대,385
29,광주,29155,04000,제2종근린생활시설,21-50대,518
41,경기,41173,02000,공동주택,11-20대,963
51,강원,51770,03104,소방서,10대 이하,0
26,부산,26710,13000,운동시설,51-100대,228
46,전남,46790,17000,공장,100대 이상,2222
44,충남,44270,19000,위험물저장및처리시설,10대 이하,180
26,부산,26170,07000,판매시설,51-100대,55
41,경기,41287,14000,업무시설,100대 이상,9586
46,전남,46890,18000,창고시설,11-20대,78
44,충남,44180,10000,교육연구시설,51-100대,125
11,서울,11710,14000,업무시설,51-100대,3519
11,서울,11380,06000,종교시설,11-20대,251
47,경북,47850,17000,공장,21-50대,4845
46,전남,46900,19000,위험물저장및처리시설,10대 이하,4
45,전북,45800,,,21-50대,73
47,경북,47750,02000,공동주택,11-20대,251
41,경기,41287,24000,방송통신시설,10대 이하,16
11,서울,11305,15000,숙박시설,10대 이하,164
47,경북,47111,05000,문화및집회시설,21-50대,278
45,전북,45140,21000,동물및식물관련시설,51-100대,56
11,서울,11215,01000,단독주택,21-50대,31
11,서울,11710,15000,숙박시설,100대 이상,12073
45,전북,45710,,,21-50대,103
28,인천,28720,05000,문화및집회시설,10대 이하,11
41,경기,41800,13000,운동시설,10대 이하,26
51,강원,51770,16000,위락시설,10대 이하,7
41,경기,41210,Z8000,교육연구및복지시설,10대 이하,0
47,경북,47111,15000,숙박시설,21-50대,376
41,경기,41285,09000,의료시설,51-100대,112
43,충북,43111,Z5000,문화및집회시설,10대 이하,9
44,충남,44710,22000,분뇨.쓰레기처리시설,11-20대,96
30,대전,30170,15000,숙박시설,21-50대,775
11,서울,11350,Z6000,판매및영업시설,10대 이하,0
27,대구,27290,Z8000,교육연구및복지시설,10대 이하,18
41,경기,41461,06000,종교시설,51-100대,464
29,광주,29110,06000,종교시설,11-20대,106
43,충북,43150,15000,숙박시설,21-50대,258
28,인천,28237,20000,자동차관련시설,21-50대,194
29,광주,29140,24000,방송통신시설,51-100대,143
41,경기,41111,06000,종교시설,100대 이상,387
28,인천,28710,15000,숙박시설,21-50대,132
26,부산,26170,04000,제2종근린생활시설,100대 이상,158
29,광주,29200,20000,자동차관련시설,21-50대,1281
41,경기,41220,20000,자동차관련시설,10대 이하,469
46,전남,46110,09000,의료시설,21-50대,585
26,부산,26380,03000,제1종근린생활시설,51-100대,412
43,충북,43112,Z5000,문화및집회시설,51-100대,63
47,경북,47280,19000,위험물저장및처리시설,51-100대,58
45,전북,45111,05000,문화및집회시설,51-100대,228
48,경남,48270,26000,묘지관련시설,10대 이하,0
41,경기,41820,07000,판매시설,11-20대,29
48,경남,48740,05000,문화및집회시설,100대 이상,4143
26,부산,26350,03000,제1종근린생활시설,21-50대,1155
41,경기,41287,09000,의료시설,21-50대,154
28,인천,28177,02000,공동주택,11-20대,5484
28,인천,28245,20000,자동차관련시설,10대 이하,88
51,강원,51810,27000,관광휴게시설,10대 이하,5
26,부산,26350,14000,업무시설,21-50대,1049
48,경남,48127,05000,문화및집회시설,100대 이상,686
46,전남,46730,06000,종교시설,10대 이하,49
48,경남,48250,19000,위험물저장및처리시설,100대 이상,1806
41,경기,41131,06000,종교시설,51-100대,237
45,전북,45740,03000,제1종근린생활시설,100대 이상,269
43,충북,43745,Z8000,교육연구및복지시설,11-20대,18
47,경북,47230,10000,교육연구시설,100대 이상,13163
26,부산,26380,04000,제2종근린생활시설,10대 이하,2900
50,제주,50110,25000,발전시설,10대 이하,13
41,경기,41570,13000,운동시설,11-20대,29
11,서울,11650,05000,문화및집회시설,100대 이상,264
41,경기,41410,30000,자원순환관련시설,11-20대,15
46,전남,46910,26000,묘지관련시설,10대 이하,0
47,경북,47920,18000,창고시설,10대 이하,116
43,충북,43111,01000,단독주택,51-100대,116
11,서울,11230,22000,분뇨.쓰레기처리시설,21-50대,42
46,전남,46800,26000,묘지관련시설,10대 이하,0
41,경기,41285,05000,문화및집회시설,11-20대,37
51,강원,51730,27000,관광휴게시설,21-50대,33
30,대전,30200,17000,공장,21-50대,2155
27,대구,27200,13000,운동시설,10대 이하,14
41,경기,41273,Z6000,판매및영업시설,10대 이하,0
51,강원,51230,17000,공장,11-20대,92
41,경기,41135,24000,방송통신시설,100대 이상,1588
51,강원,51750,18000,창고시설,100대 이상,132
45,전북,45710,01000,단독주택,11-20대,655
41,경기,41220,18000,창고시설,51-100대,1321
26,부산,26290,08000,운수시설,10대 이하,3
44,충남,44180,07000,판매시설,51-100대,163
31,울산,31200,,,11-20대,31
41,경기,41390,10000,교육연구시설,100대 이상,11716
41,경기,41250,03000,제1종근린생활시설,51-100대,268
41,경기,41220,16000,위락시설,21-50대,162
48,경남,48125,11000,노유자시설,51-100대,85
41,경기,41450,24000,방송통신시설,10대 이하,0
45,전북,45113,29000,장례시설,100대 이상,283
11,서울,11710,07000,판매시설,11-20대,30
41,경기,41590,23000,교정및군사시설,11-20대,30
26,부산,26320,09000,의료시설,21-50대,178
43,충북,43770,13000,운동시설,51-100대,201
11,서울,11680,14000,업무시설,11-20대,6263
51,강원,51210,21000,동물및식물관련시설,10대 이하,14
45,전북,45720,10000,교육연구시설,10대 이하,12
48,경남,48310,Z6000,판매및영업시설,51-100대,56
28,인천,28200,10000,교육연구시설,100대 이상,2844
48,경남,48270,01000,단독주택,10대 이하,4115
43,충북,43130,06000,종교시설,51-100대,150
41,경기,41117,07000,판매시설,51-100대,167
28,인천,28720,06000,종교시설,11-20대,15
44,충남,44250,33000,"국방,군사시설",100대 이상,5159
47,경북,47930,Z8000,교육연구및복지시설,11-20대,12
27,대구,27110,14000,업무시설,11-20대,309
41,경기,41190,,,100대 이상,6753
41,경기,41290,20000,자동차관련시설,10대 이하,8
44,충남,44790,01000,단독주택,10대 이하,3109
48,경남,48121,12000,수련시설,10대 이하,8
28,인천,28260,14000,업무시설,51-100대,1789
11,서울,11740,01000,단독주택,11-20대,11
26,부산,26440,01000,단독주택,11-20대,70
48,경남,48890,Z8000,교육연구및복지시설,21-50대,26
31,울산,31170,20000,자동차관련시설,11-20대,20
41,경기,41570,13000,운동시설,21-50대,100
44,충남,44760,12000,수련시설,51-100대,59
26,부산,26260,09000,의료시설,21-50대,670
51,강원,51830,21000,동물및식물관련시설,21-50대,48
27,대구,27230,09000,의료시설,10대 이하,10
48,경남,48123,24000,방송통신시설,21-50대,102
41,경기,41117,11000,노유자시설,11-20대,36
41,경기,41287,Z3000,근린생활시설,11-20대,17
27,대구,27110,11000,노유자시설,10대 이하,74
47,경북,47250,31000,야영장시설,10대 이하,0
43,충북,43130,15000,숙박시설,11-20대,547
41,경기,41173,10000,교육연구시설,21-50대,1755
43,충북,43770,06000,종교시설,11-20대,92
43,충북,43130,21000,동물및식물관련시설,21-50대,145
47,경북,47190,15000,숙박시설,21-50대,170
46,전남,46910,22000,분뇨.쓰레기처리시설,10대 이하,8
43,충북,43130,23000,교정및군사시설,21-50대,65
28,인천,28260,Z3000,근린생활시설,10대 이하,52
45,전북,45710,27000,관광휴게시설,21-50대,35
11,서울,11500,29000,장례시설,10대 이하,4
27,대구,27200,16000,위락시설,10대 이하,6
48,경남,48890,10000,교육연구시설,10대 이하,46
48,경남,48860,,,10대 이하,6
48,경남,48330,20000,자동차관련시설,21-50대,387
28,인천,28237,16000,위락시설,21-50대,87
44,충남,44150,23000,교정및군사시설,10대 이하,2
11,서울,11305,16000,위락시설,21-50대,35
46,전남,46170,18000,창고시설,51-100대,226
43,충북,43750,06000,종교시설,51-100대,195
27,대구,27110,19000,위험물저장및처리시설,10대 이하,5
11,서울,11710,14000,업무시설,21-50대,4348
41,경기,41310,30000,자원순환관련시설,21-50대,28
41,경기,41150,15000,숙박시설,10대 이하,705
51,강원,51110,,,51-100대,186
11,서울,11545,04000,제2종근린생활시설,100대 이상,671
46,전남,46880,04000,제2종근린생활시설,100대 이상,399
26,부산,26500,04000,제2종근린생활시설,11-20대,482
47,경북,47850,06000,종교시설,10대 이하,228
43,충북,43745,14000,업무시설,10대 이하,14
43,충북,43740,06000,종교시설,11-20대,41
46,전남,46230,08000,운수시설,100대 이상,1027
46,전남,46880,11000,노유자시설,21-50대,67
31,울산,31200,19000,위험물저장및처리시설,10대 이하,52
47,경북,47760,Z5000,문화및집회시설,10대 이하,6
41,경기,41190,15000,숙박시설,11-20대,283
46,전남,46860,17000,공장,21-50대,743
41,경기,41171,12000,수련시설,21-50대,29
41,경기,41410,05000,문화및집회시설,51-100대,69
43,충북,43114,16000,위락시설,10대 이하,6
41,경기,41800,11000,노유자시설,21-50대,45
46,전남,46130,19000,위험물저장및처리시설,11-20대,85
48,경남,48127,11000,노유자시설,11-20대,49
46,전남,46910,06000,종교시설,21-50대,61
31,울산,31200,11000,노유자시설,100대 이상,944
45,전북,45190,04000,제2종근린생활시설,11-20대,160
48,경남,48121,01000,단독주택,11-20대,454
48,경남,48127,30000,자원순환관련시설,21-50대,41
11,서울,11110,16000,위락시설,10대 이하,1
46,전남,46900,10000,교육연구시설,10대 이하,24
44,충남,44825,13000,운동시설,51-100대,80
41,경기,41287,03000,제1종근린생활시설,11-20대,1029
44,충남,44131,Z8000,교육연구및복지시설,100대 이상,119
43,충북,43130,17000,공장,10대 이하,1612
11,서울,11560,17000,공장,51-100대,404
41,경기,41820,04000,제2종근린생활시설,11-20대,327
41,경기,41830,03000,제1종근린생활시설,21-50대,709
31,울산,31140,,,10대 이하,45
30,대전,30200,19000,위험물저장및처리시설,11-20대,12
43,충북,43112,Z8000,교육연구및복지시설,10대 이하,2
26,부산,26140,Z3000,근린생활시설,10대 이하,7
45,전북,45770,22000,분뇨.쓰레기처리시설,10대 이하,0
48,경남,48840,18000,창고시설,10대 이하,79
48,경남,48330,12000,수련시설,11-20대,16
47,경북,47290,17000,공장,10대 이하,4205
45,전북,45190,27000,관광휴게시설,10대 이하,21
45,전북,45130,09000,의료시설,21-50대,389
30,대전,30110,20000,자동차관련시설,10대 이하,107
46,전남,46820,18000,창고시설,11-20대,154
51,강원,51210,10000,교육연구시설,100대 이상,1068
44,충남,44800,24000,방송통신시설,11-20대,19
27,대구,27200,04000,제2종근린생활시설,11-20대,322
28,인천,28245,Z3000,근린생활시설,10대 이하,4
50,제주,50130,05000,문화및집회시설,21-50대,666
43,충북,43114,02000,공동주택,11-20대,300
48,경남,48129,Z5000,문화및집회시설,10대 이하,37
41,경기,41430,31000,야영장시설,10대 이하,1
41,경기,41450,07000,판매시설,21-50대,112
43,충북,43112,03000,제1종근린생활시설,51-100대,123
51,강원,51780,23000,교정및군사시설,10대 이하,197
28,인천,28185,13000,운동시설,21-50대,107
41,경기,41410,33000,"국방,군사시설",10대 이하,0
51,강원,51110,,,100대 이상,190
26,부산,26350,02000,공동주택,51-100대,2669
28,인천,28245,Z8000,교육연구및복지시설,51-100대,136
45,전북,45111,Z8000,교육연구및복지시설,21-50대,244
41,경기,41190,15000,숙박시설,10대 이하,373
41,경기,41135,05000,문화및집회시설,100대 이상,2234
47,경북,47730,10000,교육연구시설,10대 이하,30
48,경남,48820,Z7001,축사,10대 이하,0
26,부산,26380,20000,자동차관련시설,21-50대,312
41,경기,41131,07000,판매시설,11-20대,12
47,경북,47230,07000,판매시설,21-50대,252
44,충남,44200,13000,운동시설,51-100대,596
30,대전,30110,04000,제2종근린생활시설,10대 이하,3241
41,경기,41113,Z8000,교육연구및복지시설,10대 이하,3
43,충북,43730,27000,관광휴게시설,11-20대,19
51,강원,51150,02000,공동주택,10대 이하,379
41,경기,41135,20000,자동차관련시설,10대 이하,155
46,전남,46820,02000,공동주택,21-50대,806
45,전북,45130,01000,단독주택,21-50대,125
44,충남,44210,03000,제1종근린생활시설,100대 이상,491
41,경기,41430,17000,공장,11-20대,373
30,대전,30140,05000,문화및집회시설,100대 이상,90762
29,광주,29170,Z8000,교육연구및복지시설,21-50대,269
43,충북,43113,04000,제2종근린생활시설,11-20대,948
45,전북,45770,04000,제2종근린생활시설,51-100대,237
48,경남,48820,11000,노유자시설,10대 이하,83
41,경기,41670,20000,자동차관련시설,10대 이하,80
43,충북,43745,20000,자동차관련시설,21-50대,87
48,경남,48310,10000,교육연구시설,10대 이하,206
46,전남,46900,09000,의료시설,11-20대,12
46,전남,46720,10000,교육연구시설,10대 이하,38
45,전북,45800,29000,장례시설,21-50대,32
26,부산,26290,15000,숙박시설,10대 이하,102
41,경기,41131,23000,교정및군사시설,10대 이하,9
45,전북,45210,10000,교육연구시설,51-100대,300
43,충북,43770,05000,문화및집회시설,11-20대,18
11,서울,11110,04000,제2종근린생활시설,10대 이하,3263
11,서울,11320,11000,노유자시설,10대 이하,212
51,강원,51720,07000,판매시설,11-20대,18
44,충남,44180,12000,수련시설,21-50대,72
46,전남,46870,17000,공장,100대 이상,125
41,경기,41650,20000,자동차관련시설,11-20대,99
41,경기,41590,03000,제1종근린생활시설,11-20대,3313
51,강원,51110,20000,자동차관련시설,100대 이상,481
28,인천,28245,,,100대 이상,757
11,서울,11215,03000,제1종근린생활시설,100대 이상,2323
51,강원,51770,19000,위험물저장및처리시설,10대 이하,33
47,경북,47113,21000,동물및식물관련시설,100대 이상,490
45,전북,45190,25000,발전시설,10대 이하,0
41,경기,41150,13000,운동시설,21-50대,211
46,전남,46810,27000,관광휴게시설,10대 이하,31
45,전북,45210,03000,제1종근린생활시설,21-50대,631
27,대구,27140,02000,공동주택,100대 이상,163811
51,강원,51170,11000,노유자시설,11-20대,33
47,경북,47130,11000,노유자시설,21-50대,191
47,경북,47770,21000,동물및식물관련시설,10대 이하,34
47,경북,47840,30000,자원순환관련시설,11-20대,89
48,경남,48250,16000,위락시설,10대 이하,58
11,서울,11350,07000,판매시설,100대 이상,4110
11,서울,11650,24000,방송통신시설,100대 이상,654
43,충북,43130,02000,공동주택,100대 이상,145639
46,전남,46890,30000,자원순환관련시설,10대 이하,23
28,인천,28720,07000,판매시설,100대 이상,222
31,울산,31710,01000,단독주택,21-50대,192
47,경북,47111,07000,판매시설,21-50대,56
46,전남,46130,01000,단독주택,10대 이하,13283
41,경기,41463,09000,의료시설,51-100대,175
44,충남,44250,12000,수련시설,10대 이하,0
41,경기,41310,15000,숙박시설,100대 이상,645
41,경기,41111,07000,판매시설,21-50대,105
11,서울,11650,10000,교육연구시설,10대 이하,296
41,경기,41480,15000,숙박시설,10대 이하,391
26,부산,26200,09000,의료시설,10대 이하,13
31,울산,31710,18000,창고시설,11-20대,266
48,경남,48860,07000,판매시설,10대 이하,18
45,전북,45710,22000,분뇨.쓰레기처리시설,11-20대,14
48,경남,48890,15000,숙박시설,21-50대,64
45,전북,45210,09000,의료시설,10대 이하,0
29,광주,29140,03000,제1종근린생활시설,10대 이하,2515
48,경남,48880,15000,숙박시설,10대 이하,182
11,서울,11170,07000,판매시설,51-100대,183
31,울산,31710,Z3000,근린생활시설,10대 이하,3
11,서울,11440,24000,방송통신시설,11-20대,12
26,부산,26230,09000,의료시설,100대 이상,1627
51,강원,51110,07000,판매시설,100대 이상,4948
11,서울,11545,24000,방송통신시설,21-50대,49
47,경북,47111,Z9000,공공용시설,10대 이하,0
26,부산,26350,30000,자원순환관련시설,10대 이하,0
47,경북,47830,07000,판매시설,11-20대,32
47,경북,47150,14000,업무시설,100대 이상,16525
11,서울,11740,19000,위험물저장및처리시설,11-20대,14
47,경북,47920,21000,동물및식물관련시설,10대 이하,2
31,울산,31140,02000,공동주택,21-50대,3354
47,경북,47190,18000,창고시설,11-20대,91
27,대구,27290,14100,공공업무시설,100대 이상,396
41,경기,41410,06000,종교시설,51-100대,133
51,강원,51110,17000,공장,21-50대,1600
41,경기,41570,15000,숙박시설,10대 이하,107
44,충남,44133,29000,장례시설,10대 이하,0
26,부산,26200,,,10대 이하,0
47,경북,47113,12000,수련시설,11-20대,11
11,서울,11650,Z8000,교육연구및복지시설,10대 이하,9
41,경기,41117,04000,제2종근린생활시설,11-20대,827
28,인천,28200,05000,문화및집회시설,11-20대,29
41,경기,41287,05000,문화및집회시설,21-50대,223
41,경기,41271,Z8000,교육연구및복지시설,51-100대,178
41,경기,41115,01000,단독주택,10대 이하,6550
45,전북,45710,20000,자동차관련시설,51-100대,62
47,경북,47840,20000,자동차관련시설,100대 이상,298
48,경남,48890,04000,제2종근린생활시설,51-100대,58
47,경북,47113,03105,우체국,10대 이하,0
51,강원,51210,08000,운수시설,51-100대,534
41,경기,41131,18000,창고시설,10대 이하,17
43,충북,43150,30000,자원순환관련시설,21-50대,70
26,부산,26530,16000,위락시설,21-50대,26
41,경기,41610,01000,단독주택,11-20대,5933
41,경기,41190,18000,창고시설,51-100대,270
51,강원,51790,10000,교육연구시설,10대 이하,5
11,서울,11200,06000,종교시설,11-20대,209
50,제주,50130,01000,단독주택,11-20대,4734
28,인천,28140,Z8000,교육연구및복지시설,21-50대,129
29,광주,29140,19000,위험물저장및처리시설,10대 이하,50
41,경기,41250,07000,판매시설,51-100대,57
51,강원,51770,27000,관광휴게시설,100대 이상,238
41,경기,41281,08000,운수시설,10대 이하,0
47,경북,47730,22000,분뇨.쓰레기처리시설,11-20대,90
11,서울,11320,05000,문화및집회시설,51-100대,51
29,광주,29170,33000,"국방,군사시설",10대 이하,0
30,대전,30170,04000,제2종근린생활시설,100대 이상,727
41,경기,41830,08000,운수시설,51-100대,212
46,전남,46870,16000,위락시설,11-20대,12
48,경남,48125,02000,공동주택,21-50대,1366
41,경기,41111,03000,제1종근린생활시설,21-50대,442
46,전남,46110,14000,업무시설,11-20대,843
41,경기,41610,12000,수련시설,100대 이상,141
48,경남,48820,11000,노유자시설,21-50대,28
41,경기,41590,07000,판매시설,10대 이하,15
47,경북,47250,01000,단독주택,10대 이하,2925
47,경북,47210,20000,자동차관련시설,51-100대,65
45,전북,45111,14000,업무시설,21-50대,1077
47,경북,47770,Z8000,교육연구및복지시설,21-50대,25
43,충북,43730,27000,관광휴게시설,100대 이상,145
41,경기,41285,04000,제2종근린생활시설,100대 이상,1050
51,강원,51110,08000,운수시설,21-50대,82
27,대구,27230,12000,수련시설,21-50대,26
27,대구,27290,03000,제1종근린생활시설,21-50대,2550
44,충남,44133,Z3000,근린생활시설,11-20대,12
41,경기,41360,33000,"국방,군사시설",10대 이하,0
41,경기,41630,03000,제1종근린생활시설,11-20대,1192
46,전남,46900,07000,판매시설,51-100대,166
26,부산,26440,30000,자원순환관련시설,21-50대,433
43,충북,43150,12000,수련시설,10대 이하,24
51,강원,51780,Z8000,교육연구및복지시설,10대 이하,31
43,충북,43770,10000,교육연구시설,21-50대,345
41,경기,41500,10000,교육연구시설,11-20대,280
47,경북,47760,02000,공동주택,10대 이하,250
47,경북,47840,,,21-50대,23
44,충남,44150,Z3000,근린생활시설,10대 이하,5
41,경기,41590,19000,위험물저장및처리시설,10대 이하,806
41,경기,41480,14000,업무시설,21-50대,696
46,전남,46890,05000,문화및집회시설,11-20대,17
44,충남,44810,22000,분뇨.쓰레기처리시설,21-50대,276
26,부산,26140,11000,노유자시설,11-20대,94
47,경북,47920,10000,교육연구시설,51-100대,93
47,경북,47111,17000,공장,100대 이상,6150529
44,충남,44270,14000,업무시설,100대 이상,4276
46,전남,46870,,,10대 이하,30
29,광주,29110,24000,방송통신시설,10대 이하,0
45,전북,45800,06000,종교시설,10대 이하,106
26,부산,26230,10000,교육연구시설,21-50대,979
28,인천,28140,,,10대 이하,0
47,경북,47850,21000,동물및식물관련시설,11-20대,12
46,전남,46790,10000,교육연구시설,21-50대,923
51,강원,51210,18000,창고시설,10대 이하,142
43,충북,43130,04000,제2종근린생활시설,51-100대,425
46,전남,46880,21000,동물및식물관련시설,100대 이상,242
47,경북,47111,22000,분뇨.쓰레기처리시설,11-20대,30
50,제주,50130,16000,위락시설,21-50대,25
27,대구,27200,09000,의료시설,21-50대,188
43,충북,43750,25000,발전시설,10대 이하,1
28,인천,28720,06000,종교시설,21-50대,26
36,세종,36110,14000,업무시설,51-100대,1076
11,서울,11680,16000,위락시설,10대 이하,27
41,경기,41463,22000,분뇨.쓰레기처리시설,51-100대,81
51,강원,51780,29000,장례시설,51-100대,88
30,대전,30230,10000,교육연구시설,11-20대,114
27,대구,27110,03000,제1종근린생활시설,100대 이상,722
27,대구,27170,24000,방송통신시설,51-100대,58
48,경남,48860,05000,문화및집회시설,21-50대,116
31,울산,31200,04000,제2종근린생활시설,51-100대,583
48,경남,48250,01000,단독주택,10대 이하,33791
26,부산,26470,20000,자동차관련시설,21-50대,103
46,전남,46790,12000,수련시설,21-50대,26
46,전남,46130,30000,자원순환관련시설,100대 이상,418
46,전남,46860,03000,제1종근린생활시설,51-100대,70
41,경기,41830,01000,단독주택,21-50대,638
51,강원,51170,25000,발전시설,51-100대,98
45,전북,45740,04000,제2종근린생활시설,100대 이상,330
48,경남,48250,07000,판매시설,11-20대,184
41,경기,41800,31000,야영장시설,21-50대,35
44,충남,44250,20000,자동차관련시설,100대 이상,178
46,전남,46230,05000,문화및집회시설,11-20대,49
11,서울,11215,Z8000,교육연구및복지시설,10대 이하,13
11,서울,11680,13000,운동시설,100대 이상,183
11,서울,11350,19000,위험물저장및처리시설,100대 이상,183
41,경기,41570,11000,노유자시설,51-100대,118
47,경북,47770,19000,위험물저장및처리시설,10대 이하,7
46,전남,46860,22000,분뇨.쓰레기처리시설,21-50대,48
48,경남,48170,15000,숙박시설,51-100대,92
46,전남,46840,22000,분뇨.쓰레기처리시설,10대 이하,15
50,제주,50130,06000,종교시설,51-100대,193
44,충남,44710,31000,야영장시설,10대 이하,0
11,서울,11200,03000,제1종근린생활시설,11-20대,346
11,서울,11440,03000,제1종근린생활시설,51-100대,131
41,경기,41430,03000,제1종근린생활시설,11-20대,369
30,대전,30200,Z5000,문화및집회시설,11-20대,11
41,경기,41461,Z5000,문화및집회시설,21-50대,45
46,전남,46830,,,100대 이상,138
26,부산,26140,13000,운동시설,10대 이하,4
26,부산,26500,04000,제2종근린생활시설,100대 이상,247
30,대전,30200,03000,제1종근린생활시설,10대 이하,2263
44,충남,44790,29000,장례시설,51-100대,96
27,대구,27720,31000,야영장시설,11-20대,12
43,충북,43113,11000,노유자시설,21-50대,314
27,대구,27170,18000,창고시설,11-20대,233
51,강원,51110,11000,노유자시설,21-50대,271
45,전북,45710,02000,공동주택,10대 이하,266
48,경남,48850,07000,판매시설,10대 이하,29
47,경북,47170,24000,방송통신시설,21-50대,24
45,전북,45111,16000,위락시설,11-20대,27
41,경기,41133,Z8000,교육연구및복지시설,10대 이하,0
46,전남,46900,24000,방송통신시설,10대 이하,0
44,충남,44250,10000,교육연구시설,21-50대,253
26,부산,26350,02000,공동주택,21-50대,1643
46,전남,46130,27000,관광휴게시설,21-50대,86
51,강원,51170,10000,교육연구시설,51-100대,121
26,부산,26500,18000,창고시설,10대 이하,100
11,서울,11650,02000,공동주택,100대 이상,211234
41,경기,41310,Z8000,교육연구및복지시설,51-100대,57
48,경남,48310,04000,제2종근린생활시설,11-20대,1262
11,서울,11260,13000,운동시설,21-50대,135
11,서울,11530,20000,자동차관련시설,51-100대,481
26,부산,26260,06000,종교시설,21-50대,115
31,울산,31140,19000,위험물저장및처리시설,11-20대,90
27,대구,27170,03000,제1종근린생활시설,51-100대,299
47,경북,47290,06000,종교시설,100대 이상,786
48,경남,48127,03000,제1종근린생활시설,10대 이하,1078
45,전북,45130,04000,제2종근린생활시설,100대 이상,162
51,강원,51130,10000,교육연구시설,10대 이하,253
44,충남,44180,21000,동물및식물관련시설,10대 이하,22
46,전남,46230,03000,제1종근린생활시설,21-50대,733
46,전남,46150,14000,업무시설,100대 이상,1387
41,경기,41550,02000,공동주택,11-20대,1123
48,경남,48820,06000,종교시설,100대 이상,196
44,충남,44270,22000,분뇨.쓰레기처리시설,11-20대,67
51,강원,51720,15000,숙박시설,100대 이상,2397
51,강원,51830,10000,교육연구시설,100대 이상,603
11,서울,11215,05000,문화및집회시설,10대 이하,10
41,경기,41111,17000,공장,11-20대,12
43,충북,43770,04000,제2종근린생활시설,100대 이상,142
48,경남,48220,14000,업무시설,11-20대,280
48,경남,48870,03001,소매점,10대 이하,0
29,광주,29155,13000,운동시설,11-20대,60
41,경기,41550,05000,문화및집회시설,21-50대,210
48,경남,48270,18000,창고시설,10대 이하,241
44,충남,44230,03000,제1종근린생활시설,11-20대,504
11,서울,11710,Z3000,근린생활시설,11-20대,11
26,부산,26440,14000,업무시설,10대 이하,25
27,대구,27200,03000,제1종근린생활시설,10대 이하,922
41,경기,41800,15000,숙박시설,11-20대,84
46,전남,46890,21000,동물및식물관련시설,100대 이상,262
11,서울,11710,09000,의료시설,100대 이상,6035
45,전북,45130,15000,숙박시설,11-20대,1062
41,경기,41480,24000,방송통신시설,51-100대,507
41,경기,41190,20000,자동차관련시설,51-100대,537
11,서울,11380,22000,분뇨.쓰레기처리시설,51-100대,54
41,경기,41133,15000,숙박시설,21-50대,50
41,경기,41410,24000,방송통신시설,10대 이하,0
26,부산,26140,01000,단독주택,11-20대,58
47,경북,47930,06000,종교시설,11-20대,13
46,전남,46810,02000,공동주택,10대 이하,123
46,전남,46150,04000,제2종근린생활시설,10대 이하,4051
41,경기,41115,19000,위험물저장및처리시설,10대 이하,21
41,경기,41115,03000,제1종근린생활시설,51-100대,906
31,울산,31110,11000,노유자시설,10대 이하,242
26,부산,26350,04000,제2종근린생활시설,11-20대,817
41,경기,41360,05000,문화및집회시설,51-100대,116
30,대전,30230,22000,분뇨.쓰레기처리시설,100대 이상,116
46,전남,46870,25000,발전시설,11-20대,51
41,경기,41171,05000,문화및집회시설,21-50대,113
48,경남,48720,05000,문화및집회시설,100대 이상,696
45,전북,45800,14000,업무시설,10대 이하,12
11,서울,11350,04000,제2종근린생활시설,100대 이상,216
11,서울,11410,11000,노유자시설,11-20대,14
30,대전,30140,07000,판매시설,21-50대,147
47,경북,47130,01000,단독주택,21-50대,539
31,울산,31140,33000,"국방,군사시설",10대 이하,0
51,강원,51770,04000,제2종근린생활시설,21-50대,127
31,울산,31140,Z5000,문화및집회시설,10대 이하,0
41,경기,41410,02000,공동주택,10대 이하,3208
47,경북,47150,02000,공동주택,21-50대,693
48,경남,48170,23000,교정및군사시설,51-100대,120
28,인천,28710,17000,공장,21-50대,426
41,경기,41570,16000,위락시설,10대 이하,26
11,서울,11620,07000,판매시설,21-50대,53
26,부산,26410,02000,공동주택,100대 이상,356516
46,전남,46790,18000,창고시설,100대 이상,319
43,충북,43130,12000,수련시설,10대 이하,24
46,전남,46840,12000,수련시설,11-20대,13
27,대구,27710,18000,창고시설,100대 이상,3988
28,인천,28177,01000,단독주택,21-50대,21
45,전북,45113,Z8000,교육연구및복지시설,51-100대,56
28,인천,28260,25000,발전시설,10대 이하,0
11,서울,11170,02000,공동주택,51-100대,1908
46,전남,46230,25000,발전시설,100대 이상,589
46,전남,46840,19000,위험물저장및처리시설,10대 이하,13
48,경남,48129,27000,관광휴게시설,10대 이하,0
11,서울,11350,12000,수련시설,21-50대,21
41,경기,41285,11000,노유자시설,51-100대,102
48,경남,48840,17000,공장,11-20대,50
46,전남,46880,04000,제2종근린생활시설,11-20대,49
46,전남,46170,05000,문화및집회시설,21-50대,40
28,인천,28110,06000,종교시설,10대 이하,85
26,부산,26110,03000,제1종근린생활시설,51-100대,134
11,서울,11440,14000,업무시설,21-50대,2671
47,경북,47170,11000,노유자시설,11-20대,88
48,경남,48870,14000,업무시설,100대 이상,348
26,부산,26170,09000,의료시설,100대 이상,343
51,강원,51770,a6300,,10대 이하,0
41,경기,41610,17000,공장,21-50대,1139
31,울산,31140,10000,교육연구시설,10대 이하,504
11,서울,11290,17000,공장,10대 이하,0
41,경기,41135,04000,제2종근린생활시설,100대 이상,13223
41,경기,41310,08000,운수시설,100대 이상,420
45,전북,45740,01000,단독주택,11-20대,99
28,인천,28140,20000,자동차관련시설,21-50대,109
41,경기,41463,Z8000,교육연구및복지시설,11-20대,22
45,전북,45770,27000,관광휴게시설,11-20대,12
11,서울,11590,09000,의료시설,21-50대,150
47,경북,47170,33000,"국방,군사시설",10대 이하,0
47,경북,47830,26000,묘지관련시설,10대 이하,0
51,강원,51210,33000,"국방,군사시설",10대 이하,0
41,경기,41630,27000,관광휴게시설,10대 이하,3
41,경기,41630,30000,자원순환관련시설,10대 이하,304
41,경기,41360,01000,단독주택,51-100대,69
44,충남,44800,26000,묘지관련시설,10대 이하,0
26,부산,26530,16000,위락시설,11-20대,20
51,강원,51820,10000,교육연구시설,21-50대,167
44,충남,44180,03000,제1종근린생활시설,21-50대,581
26,부산,26110,15000,숙박시설,51-100대,196
45,전북,45130,22000,분뇨.쓰레기처리시설,11-20대,47
50,제주,50130,04000,제2종근린생활시설,100대 이상,2053
51,강원,51190,10000,교육연구시설,11-20대,12
41,경기,41670,14000,업무시설,51-100대,347
51,강원,51760,27000,관광휴게시설,100대 이상,1504
50,제주,50110,Z8000,교육연구및복지시설,100대 이상,105
47,경북,47170,10000,교육연구시설,11-20대,187
43,충북,43800,13000,운동시설,21-50대,128
45,전북,45210,13000,운동시설,100대 이상,3250
41,경기,41115,09000,의료시설,21-50대,265
41,경기,41463,18000,창고시설,10대 이하,293
27,대구,27260,18000,창고시설,11-20대,14
47,경북,47290,02000,공동주택,21-50대,1255
44,충남,44131,03000,제1종근린생활시설,10대 이하,3935
47,경북,47900,Z8000,교육연구및복지시설,10대 이하,0
51,강원,51210,07000,판매시설,100대 이상,913
26,부산,26320,09000,의료시설,10대 이하,33
41,경기,41150,09000,의료시설,51-100대,477
50,제주,50110,19000,위험물저장및처리시설,11-20대,146
48,경남,48880,05000,문화및집회시설,51-100대,54
11,서울,11140,,,10대 이하,0
28,인천,28177,17000,공장,10대 이하,1349
41,경기,41271,13000,운동시설,10대 이하,22
27,대구,27290,16000,위락시설,21-50대,62
29,광주,29110,12000,수련시설,10대 이하,2
45,전북,45130,25000,발전시설,100대 이상,3431
47,경북,47130,14000,업무시설,51-100대,1025
43,충북,43114,04000,제2종근린생활시설,21-50대,1784
28,인천,28110,08000,운수시설,100대 이상,35438
51,강원,51110,22000,분뇨.쓰레기처리시설,51-100대,333
51,강원,51760,02000,공동주택,11-20대,694
41,경기,41360,09000,의료시설,21-50대,470
44,충남,44800,21000,동물및식물관련시설,51-100대,56
48,경남,48820,10000,교육연구시설,10대 이하,54
50,제주,50110,20000,자동차관련시설,10대 이하,359
48,경남,48121,03000,제1종근린생활시설,10대 이하,2563
11,서울,11350,02000,공동주택,51-100대,2022
46,전남,46890,27000,관광휴게시설,11-20대,13
28,인천,28237,07000,판매시설,11-20대,27
43,충북,43740,05000,문화및집회시설,10대 이하,21
44,충남,44200,Z3000,근린생활시설,100대 이상,328
29,광주,29155,04000,제2종근린생활시설,10대 이하,2315
45,전북,45210,27000,관광휴게시설,51-100대,53
26,부산,26350,Z8000,교육연구및복지시설,21-50대,149
48,경남,48890,15000,숙박시설,11-20대,98
30,대전,30140,11000,노유자시설,51-100대,51
45,전북,45210,13000,운동시설,51-100대,93
11,서울,11470,13000,운동시설,51-100대,115
51,강원,51790,30000,자원순환관련시설,10대 이하,3
28,인천,28185,10000,교육연구시설,21-50대,2780
26,부산,26230,01000,단독주택,100대 이상,195167
41,경기,41210,17000,공장,51-100대,157
45,전북,45130,,,100대 이상,17015
44,충남,44710,15000,숙박시설,51-100대,136
28,인천,28260,01000,단독주택,100대 이상,988
41,경기,41590,22000,분뇨.쓰레기처리시설,10대 이하,571
28,인천,28720,25000,발전시설,100대 이상,12459
48,경남,48220,05000,문화및집회시설,11-20대,60
43,충북,43750,07000,판매시설,10대 이하,0
28,인천,28720,22000,분뇨.쓰레기처리시설,10대 이하,7
41,경기,41281,19000,위험물저장및처리시설,10대 이하,226
43,충북,43750,13000,운동시설,11-20대,29
41,경기,41111,20000,자동차관련시설,51-100대,202
48,경남,48240,14000,업무시설,10대 이하,50
26,부산,26530,05000,문화및집회시설,10대 이하,9
48,경남,48330,07000,판매시설,100대 이상,5281
46,전남,46910,04000,제2종근린생활시설,11-20대,96
48,경남,48840,17000,공장,21-50대,28
31,울산,31140,13000,운동시설,21-50대,314
41,경기,41465,06000,종교시설,51-100대,797
28,인천,28245,05000,문화및집회시설,51-100대,148
41,경기,41480,01000,단독주택,11-20대,2797
11,서울,11380,11000,노유자시설,100대 이상,1453
47,경북,47130,Z5000,문화및집회시설,10대 이하,26
31,울산,31110,04000,제2종근린생활시설,100대 이상,209
26,부산,26380,16000,위락시설,10대 이하,37
45,전북,45790,17000,공장,21-50대,405
41,경기,41150,10000,교육연구시설,11-20대,156
46,전남,46860,27000,관광휴게시설,51-100대,435
41,경기,41550,05000,문화및집회시설,100대 이상,1142
41,경기,41117,19000,위험물저장및처리시설,10대 이하,84
30,대전,30140,01000,단독주택,11-20대,3278
11,서울,11545,Z8000,교육연구및복지시설,11-20대,20
51,강원,51110,Z6000,판매및영업시설,10대 이하,0
26,부산,26170,02000,공동주택,51-100대,1042
41,경기,41271,04000,제2종근린생활시설,100대 이상,492
48,경남,48129,05000,문화및집회시설,100대 이상,640
43,충북,43114,10000,교육연구시설,10대 이하,186
51,강원,51150,07000,판매시설,21-50대,312
51,강원,51830,02000,공동주택,100대 이상,8224
36,세종,36110,,,51-100대,292
29,광주,29200,07000,판매시설,21-50대,144
45,전북,45113,15000,숙박시설,100대 이상,107
41,경기,41111,02000,공동주택,100대 이상,287739
27,대구,27720,17000,공장,11-20대,212
26,부산,26470,09000,의료시설,21-50대,492
43,충북,43800,21000,동물및식물관련시설,21-50대,23
29,광주,29110,Z8000,교육연구및복지시설,100대 이상,4335
47,경북,47280,26000,묘지관련시설,10대 이하,0
41,경기,41461,13000,운동시설,10대 이하,68
45,전북,45190,18000,창고시설,11-20대,96
26,부산,26350,23000,교정및군사시설,51-100대,71
47,경북,47900,01000,단독주택,21-50대,23
41,경기,41290,07000,판매시설,10대 이하,0
44,충남,44710,18000,창고시설,21-50대,80
48,경남,48250,14000,업무시설,10대 이하,161
29,광주,29110,11000,노유자시설,11-20대,29
43,충북,43800,01000,단독주택,10대 이하,1189
31,울산,31170,03000,제1종근린생활시설,10대 이하,1038
44,충남,44760,03000,제1종근린생활시설,100대 이상,162
11,서울,11650,09000,의료시설,10대 이하,28
46,전남,46840,20000,자동차관련시설,100대 이상,1314
30,대전,30110,09000,의료시설,51-100대,359
47,경북,47170,Z9000,공공용시설,10대 이하,0
48,경남,48870,21000,동물및식물관련시설,10대 이하,15
45,전북,45130,09000,의료시설,10대 이하,0
43,충북,43760,03000,제1종근린생활시설,21-50대,190
45,전북,45113,11000,노유자시설,11-20대,84
11,서울,11140,15000,숙박시설,11-20대,209
26,부산,26110,20000,자동차관련시설,100대 이상,358
46,전남,46810,04499,기타사무소,10대 이하,0
46,전남,46890,14000,업무시설,51-100대,155
48,경남,48820,18000,창고시설,51-100대,53
41,경기,41450,07000,판매시설,10대 이하,0
43,충북,43150,20000,자동차관련시설,51-100대,60
51,강원,51210,27000,관광휴게시설,11-20대,11
51,강원,51230,27000,관광휴게시설,100대 이상,1993
41,경기,41131,08000,운수시설,10대 이하,10
11,서울,11560,19000,위험물저장및처리시설,10대 이하,97
41,경기,41670,10000,교육연구시설,11-20대,102
41,경기,41570,21000,동물및식물관련시설,11-20대,86
27,대구,27720,06000,종교시설,11-20대,70
46,전남,46880,22000,분뇨.쓰레기처리시설,11-20대,13
45,전북,45740,13000,운동시설,51-100대,358
31,울산,31710,04000,제2종근린생활시설,11-20대,816
51,강원,51760,05000,문화및집회시설,21-50대,187
41,경기,41150,13000,운동시설,100대 이상,147
45,전북,45130,15000,숙박시설,21-50대,279
30,대전,30110,03000,제1종근린생활시설,10대 이하,1825
43,충북,43800,06000,종교시설,11-20대,42
51,강원,51770,05000,문화및집회시설,100대 이상,1998
43,충북,43113,03000,제1종근린생활시설,10대 이하,2592
44,충남,44200,02000,공동주택,21-50대,1164
47,경북,47190,Z8000,교육연구및복지시설,11-20대,16
11,서울,11215,09000,의료시설,100대 이상,667
41,경기,41287,29000,장례시설,10대 이하,10
11,서울,11590,03000,제1종근린생활시설,51-100대,133
48,경남,48123,22000,분뇨.쓰레기처리시설,21-50대,21
51,강원,51750,02000,공동주택,100대 이상,3567
41,경기,41480,26000,묘지관련시설,100대 이상,2019
41,경기,41465,06000,종교시설,21-50대,281
11,서울,11260,16000,위락시설,10대 이하,3
51,강원,51770,20000,자동차관련시설,10대 이하,44
43,충북,43720,25000,발전시설,10대 이하,0
45,전북,45730,17000,공장,51-100대,80
48,경남,48125,11000,노유자시설,10대 이하,217
45,전북,45790,14000,업무시설,51-100대,162
26,부산,26170,14000,업무시설,11-20대,504
28,인천,28710,09000,의료시설,100대 이상,268
11,서울,11440,01000,단독주택,100대 이상,1005
44,충남,44210,15000,숙박시설,11-20대,457
11,서울,11620,24000,방송통신시설,100대 이상,363
11,서울,11200,18000,창고시설,10대 이하,104
47,경북,47250,03101,동사무소,10대 이하,0
51,강원,51110,23000,교정및군사시설,11-20대,44
46,전남,46230,09000,의료시설,10대 이하,22
41,경기,41135,11000,노유자시설,100대 이상,3141
46,전남,46780,27000,관광휴게시설,10대 이하,0
48,경남,48840,13000,운동시설,10대 이하,13
30,대전,30140,24000,방송통신시설,100대 이상,348
26,부산,26710,22000,분뇨.쓰레기처리시설,11-20대,20
41,경기,41250,09000,의료시설,21-50대,231
26,부산,26200,18000,창고시설,21-50대,57
29,광주,29140,Z3000,근린생활시설,10대 이하,95
51,강원,51800,06000,종교시설,10대 이하,53
51,강원,51720,15000,숙박시설,51-100대,182
41,경기,41570,20000,자동차관련시설,100대 이상,3376
11,서울,11740,11000,노유자시설,10대 이하,265
26,부산,26410,11000,노유자시설,11-20대,44
26,부산,26380,12000,수련시설,10대 이하,6
28,인천,28245,06000,종교시설,51-100대,133
51,강원,51800,29000,장례시설,10대 이하,7
43,충북,43750,03000,제1종근린생활시설,10대 이하,1029
41,경기,41670,17000,공장,11-20대,780
48,경남,48860,Z3000,근린생활시설,10대 이하,0
45,전북,45140,13000,운동시설,10대 이하,30
11,서울,11350,17000,공장,100대 이상,215
26,부산,26470,19000,위험물저장및처리시설,51-100대,54
11,서울,11170,04000,제2종근린생활시설,100대 이상,826
46,전남,46170,27000,관광휴게시설,10대 이하,0
47,경북,47750,04000,제2종근린생활시설,10대 이하,286
27,대구,27290,13000,운동시설,21-50대,514
47,경북,47290,14000,업무시설,51-100대,446
44,충남,44180,13000,운동시설,21-50대,30
26,부산,26410,04000,제2종근린생활시설,21-50대,531
44,충남,44150,31000,야영장시설,51-100대,99
51,강원,51760,10000,교육연구시설,21-50대,333
28,인천,28140,22000,분뇨.쓰레기처리시설,10대 이하,1
44,충남,44770,03000,제1종근린생활시설,21-50대,221
43,충북,43730,Z6000,판매및영업시설,21-50대,21
26,부산,26410,Z8000,교육연구및복지시설,10대 이하,0
28,인천,28200,Z5000,문화및집회시설,10대 이하,0
28,인천,28237,06000,종교시설,100대 이상,799
41,경기,41210,27000,관광휴게시설,10대 이하,3
11,서울,11590,12000,수련시설,10대 이하,5
28,인천,28260,17000,공장,11-20대,6539
48,경남,48127,04000,제2종근린생활시설,51-100대,298
46,전남,46770,07000,판매시설,10대 이하,23
48,경남,48270,21000,동물및식물관련시설,11-20대,31
28,인천,28140,05000,문화및집회시설,51-100대,95
47,경북,47280,04010,학원,10대 이하,0
51,강원,51810,04000,제2종근린생활시설,11-20대,137
46,전남,46840,02000,공동주택,51-100대,250
47,경북,47130,26000,묘지관련시설,100대 이상,1967
48,경남,48240,20000,자동차관련시설,21-50대,30
48,경남,48250,13000,운동시설,21-50대,628
45,전북,45180,31000,야영장시설,10대 이하,0
46,전남,46880,23000,교정및군사시설,100대 이상,187
43,충북,43112,01000,단독주택,11-20대,1924
30,대전,30110,12000,수련시설,11-20대,32
28,인천,28710,06000,종교시설,21-50대,239
44,충남,44770,23000,교정및군사시설,10대 이하,6
27,대구,27290,24000,방송통신시설,21-50대,113
45,전북,45190,30000,자원순환관련시설,21-50대,51
48,경남,48820,,,11-20대,13
41,경기,41220,05000,문화및집회시설,10대 이하,45
43,충북,43760,Z6000,판매및영업시설,10대 이하,0
27,대구,27230,14000,업무시설,11-20대,242
47,경북,47290,02000,공동주택,10대 이하,1351
41,경기,41670,27000,관광휴게시설,10대 이하,0
47,경북,47150,03000,제1종근린생활시설,100대 이상,631
51,강원,51230,14000,업무시설,51-100대,183
44,충남,44200,14000,업무시설,51-100대,519
41,경기,41370,15000,숙박시설,100대 이상,774
44,충남,44760,03000,제1종근린생활시설,51-100대,142
31,울산,31110,Z3000,근린생활시설,10대 이하,4
41,경기,41111,09000,의료시설,11-20대,48
47,경북,47230,13000,운동시설,10대 이하,35
46,전남,46910,15000,숙박시설,11-20대,64
27,대구,27260,Z6000,판매및영업시설,10대 이하,0
41,경기,41220,19000,위험물저장및처리시설,51-100대,652
47,경북,47770,11000,노유자시설,10대 이하,46
28,인천,28177,10000,교육연구시설,11-20대,227
28,인천,28260,Z8000,교육연구및복지시설,100대 이상,146
41,경기,41830,13000,운동시설,11-20대,39
28,인천,28710,13000,운동시설,100대 이상,9222
41,경기,41113,17000,공장,10대 이하,165
51,강원,51150,10000,교육연구시설,21-50대,828
48,경남,48310,02000,공동주택,10대 이하,1315
51,강원,51770,08000,운수시설,21-50대,24
51,강원,51800,Z3000,근린생활시설,10대 이하,0
41,경기,41290,05000,문화및집회시설,51-100대,66
50,제주,50130,19000,위험물저장및처리시설,11-20대,31
41,경기,41190,19000,위험물저장및처리시설,21-50대,44
41,경기,41480,04000,제2종근린생활시설,51-100대,1594
28,인천,28110,Z8000,교육연구및복지시설,21-50대,89
41,경기,41480,14000,업무시설,51-100대,410
47,경북,47940,20000,자동차관련시설,21-50대,134
47,경북,47230,03000,제1종근린생활시설,10대 이하,1277
27,대구,27170,11000,노유자시설,10대 이하,130
28,인천,28177,Z8000,교육연구및복지시설,21-50대,312
47,경북,47111,20000,자동차관련시설,100대 이상,10164
45,전북,45113,Z5000,문화및집회시설,10대 이하,7
26,부산,26440,09000,의료시설,100대 이상,144
48,경남,48860,19000,위험물저장및처리시설,10대 이하,5
41,경기,41463,01000,단독주택,100대 이상,13482
41,경기,41430,15000,숙박시설,11-20대,17
28,인천,28710,09000,의료시설,10대 이하,14
47,경북,47190,26000,묘지관련시설,100대 이상,756
46,전남,46810,13000,운동시설,100대 이상,1232
11,서울,11320,06000,종교시설,11-20대,184
41,경기,41360,25000,발전시설,100대 이상,240
48,경남,48890,04000,제2종근린생활시설,11-20대,101
11,서울,11470,04000,제2종근린생활시설,10대 이하,3265
26,부산,26500,,,10대 이하,21
41,경기,41131,30000,자원순환관련시설,10대 이하,0
46,전남,46770,12000,수련시설,10대 이하,9
44,충남,44200,24000,방송통신시설,21-50대,108
26,부산,26380,17200,유해공장,10대 이하,7
29,광주,29140,03000,제1종근린생활시설,21-50대,1605
47,경북,47190,24000,방송통신시설,51-100대,63
51,강원,51800,06000,종교시설,11-20대,11
28,인천,28200,08000,운수시설,11-20대,19
51,강원,51130,19000,위험물저장및처리시설,10대 이하,233
41,경기,41117,13000,운동시설,100대 이상,1687
46,전남,46840,17000,공장,11-20대,442
41,경기,41190,24000,방송통신시설,100대 이상,136
41,경기,41390,17000,공장,21-50대,10894
48,경남,48250,10000,교육연구시설,100대 이상,5023
45,전북,45140,04000,제2종근린생활시설,100대 이상,295
43,충북,43111,,,100대 이상,254
11,서울,11260,07000,판매시설,21-50대,23
26,부산,26290,02000,공동주택,100대 이상,358973
31,울산,31200,09000,의료시설,51-100대,131
43,충북,43113,,,21-50대,130
41,경기,41650,Z8000,교육연구및복지시설,10대 이하,9
26,부산,26470,10000,교육연구시설,10대 이하,93
29,광주,29200,08000,운수시설,10대 이하,0
45,전북,45730,13000,운동시설,11-20대,62
46,전남,46840,02000,공동주택,21-50대,566
43,충북,43113,21000,동물및식물관련시설,51-100대,67
28,인천,28110,04402,사무소,10대 이하,0
48,경남,48860,02000,공동주택,10대 이하,56
11,서울,11530,14000,업무시설,10대 이하,131
50,제주,50110,23000,교정및군사시설,10대 이하,46
41,경기,41465,16000,위락시설,10대 이하,5
41,경기,41450,01000,단독주택,10대 이하,7355
11,서울,11200,12000,수련시설,11-20대,13
41,경기,41830,31000,야영장시설,10대 이하,118
47,경북,47250,07000,판매시설,21-50대,37
30,대전,30230,08000,운수시설,10대 이하,14
28,인천,28260,08000,운수시설,11-20대,51
41,경기,41131,,,10대 이하,50
47,경북,47111,06000,종교시설,100대 이상,497
29,광주,29155,10000,교육연구시설,51-100대,976
41,경기,41570,10000,교육연구시설,21-50대,1570
11,서울,11650,01000,단독주택,10대 이하,9375
41,경기,41630,04000,제2종근린생활시설,21-50대,1416
43,충북,43112,02000,공동주택,100대 이상,76732
41,경기,41220,Z8000,교육연구및복지시설,10대 이하,0
44,충남,44180,30000,자원순환관련시설,11-20대,11
31,울산,31170,02000,공동주택,51-100대,1769
44,충남,44270,25000,발전시설,11-20대,12
11,서울,11140,15000,숙박시설,100대 이상,3491
51,강원,51210,23000,교정및군사시설,21-50대,35
43,충북,43770,17000,공장,10대 이하,3458
11,서울,11230,24000,방송통신시설,10대 이하,2
51,강원,51150,27000,관광휴게시설,21-50대,67
41,경기,41370,05000,문화및집회시설,10대 이하,22
41,경기,41430,,,10대 이하,63
41,경기,41670,15000,숙박시설,11-20대,258
46,전남,46810,03000,제1종근린생활시설,10대 이하,345
48,경남,48250,21000,동물및식물관련시설,11-20대,11
11,서울,11410,10000,교육연구시설,10대 이하,202
44,충남,44250,13000,운동시설,100대 이상,6566
11,서울,11350,22000,분뇨.쓰레기처리시설,10대 이하,0
48,경남,48270,04000,제2종근린생활시설,10대 이하,1901
51,강원,51150,10000,교육연구시설,11-20대,274
11,서울,11290,27000,관광휴게시설,10대 이하,0
11,서울,11320,03000,제1종근린생활시설,21-50대,789
48,경남,48720,29000,장례시설,10대 이하,0
11,서울,11230,08000,운수시설,10대 이하,13
44,충남,44133,16000,위락시설,11-20대,30
47,경북,47940,06000,종교시설,21-50대,24
47,경북,47820,13000,운동시설,51-100대,108
26,부산,26710,10000,교육연구시설,10대 이하,146
47,경북,47850,27000,관광휴게시설,10대 이하,17
26,부산,26230,11000,노유자시설,10대 이하,155
47,경북,47130,27000,관광휴게시설,21-50대,56
31,울산,31170,26000,묘지관련시설,10대 이하,0
43,충북,43800,10000,교육연구시설,21-50대,64
45,전북,45140,Z8000,교육연구및복지시설,51-100대,52
43,충북,43800,12000,수련시설,21-50대,22
46,전남,46170,16000,위락시설,10대 이하,5
11,서울,11500,11000,노유자시설,10대 이하,308
41,경기,41463,13000,운동시설,100대 이상,10195
46,전남,46110,29000,장례시설,21-50대,52
46,전남,46720,Z8000,교육연구및복지시설,10대 이하,0
41,경기,41135,04000,제2종근린생활시설,21-50대,2154
48,경남,48125,,,10대 이하,31
41,경기,41650,18000,창고시설,11-20대,348
46,전남,46810,31000,야영장시설,10대 이하,0
47,경북,47150,15000,숙박시설,51-100대,81
41,경기,41450,06000,종교시설,21-50대,249
48,경남,48870,Z6000,판매및영업시설,10대 이하,0
48,경남,48129,11000,노유자시설,11-20대,46
41,경기,41173,04000,제2종근린생활시설,21-50대,1559
41,경기,41210,13000,운동시설,51-100대,94
47,경북,47210,27000,관광휴게시설,100대 이상,144
48,경남,48850,08000,운수시설,21-50대,35
41,경기,41173,13000,운동시설,51-100대,66
51,강원,51730,11000,노유자시설,11-20대,72
41,경기,41133,05000,문화및집회시설,10대 이하,16
41,경기,41390,24000,방송통신시설,51-100대,75
41,경기,41410,15000,숙박시설,21-50대,23
51,강원,51810,Z9000,공공용시설,10대 이하,3
45,전북,45130,Z8000,교육연구및복지시설,11-20대,16
46,전남,46110,13000,운동시설,21-50대,162
48,경남,48840,04000,제2종근린생활시설,100대 이상,172
29,광주,29155,01000,단독주택,21-50대,296
30,대전,30230,03000,제1종근린생활시설,11-20대,441
41,경기,41135,26000,묘지관련시설,10대 이하,4
46,전남,46710,07000,판매시설,11-20대,13
41,경기,41285,30000,자원순환관련시설,21-50대,61
41,경기,41360,17000,공장,21-50대,1403
41,경기,41670,16000,위락시설,10대 이하,0
11,서울,11680,,,51-100대,111
47,경북,47113,08000,운수시설,100대 이상,877
43,충북,43800,,,21-50대,45
44,충남,44210,04000,제2종근린생활시설,100대 이상,1066
44,충남,44210,Z5000,문화및집회시설,10대 이하,3
26,부산,26530,15000,숙박시설,21-50대,169
27,대구,27140,14000,업무시설,11-20대,362
27,대구,27710,01000,단독주택,11-20대,1388
26,부산,26290,10000,교육연구시설,100대 이상,23435
11,서울,11140,19000,위험물저장및처리시설,10대 이하,17
41,경기,41390,16000,위락시설,21-50대,92
11,서울,11500,05000,문화및집회시설,51-100대,55
44,충남,44230,05000,문화및집회시설,100대 이상,1361
27,대구,27290,10000,교육연구시설,11-20대,545
47,경북,47820,08000,운수시설,11-20대,20
11,서울,11740,10000,교육연구시설,51-100대,1064
43,충북,43111,11000,노유자시설,11-20대,112
47,경북,47900,19000,위험물저장및처리시설,10대 이하,8
47,경북,47290,14000,업무시설,11-20대,155
45,전북,45140,11000,노유자시설,51-100대,51
11,서울,11650,04000,제2종근린생활시설,100대 이상,900
11,서울,11650,03000,제1종근린생활시설,51-100대,1055
44,충남,44180,04000,제2종근린생활시설,51-100대,171
44,충남,44770,04000,제2종근린생활시설,11-20대,162
11,서울,11440,11000,노유자시설,10대 이하,159
41,경기,41113,15000,숙박시설,10대 이하,177
46,전남,46880,12000,수련시설,100대 이상,135
11,서울,11680,12000,수련시설,21-50대,34
46,전남,46780,13000,운동시설,100대 이상,1752
41,경기,41360,01000,단독주택,10대 이하,24456
46,전남,46830,Z5000,문화및집회시설,10대 이하,5
51,강원,51230,18000,창고시설,11-20대,15
47,경북,47750,13000,운동시설,21-50대,50
46,전남,46770,09000,의료시설,51-100대,64
11,서울,11440,13000,운동시설,11-20대,14
48,경남,48123,02000,공동주택,10대 이하,17
43,충북,43745,02000,공동주택,100대 이상,22595
31,울산,31110,Z8000,교육연구및복지시설,10대 이하,4
47,경북,47820,04000,제2종근린생활시설,100대 이상,313
31,울산,31200,17000,공장,10대 이하,1119
43,충북,43113,02000,공동주택,51-100대,1130
41,경기,41800,18000,창고시설,100대 이상,120
47,경북,47900,20000,자동차관련시설,51-100대,57
44,충남,44150,21000,동물및식물관련시설,51-100대,82
45,전북,45180,20000,자동차관련시설,10대 이하,67
41,경기,41271,02000,공동주택,21-50대,1027
47,경북,47190,14000,업무시설,11-20대,1024
46,전남,46900,02000,공동주택,100대 이상,739
47,경북,47730,04000,제2종근린생활시설,11-20대,36
44,충남,44250,11000,노유자시설,51-100대,75
29,광주,29155,Z3000,근린생활시설,10대 이하,56
51,강원,51130,18000,창고시설,100대 이상,507
44,충남,44270,17000,공장,100대 이상,38553
48,경남,48129,20000,자동차관련시설,10대 이하,104
48,경남,48880,04000,제2종근린생활시설,11-20대,85
41,경기,41310,02000,공동주택,51-100대,946
48,경남,48125,01000,단독주택,100대 이상,1788
41,경기,41250,17000,공장,51-100대,99
45,전북,45180,10000,교육연구시설,100대 이상,6843
41,경기,41480,16000,위락시설,10대 이하,13
47,경북,47920,14000,업무시설,11-20대,33
47,경북,47113,02000,공동주택,21-50대,2210
46,전남,46820,15000,숙박시설,10대 이하,157
11,서울,11650,Z8000,교육연구및복지시설,21-50대,44
45,전북,45210,14000,업무시설,11-20대,53
48,경남,48240,14000,업무시설,51-100대,142
51,강원,51130,04000,제2종근린생활시설,11-20대,1769
31,울산,31170,02000,공동주택,21-50대,2011
26,부산,26260,Z5000,문화및집회시설,51-100대,153
47,경북,47230,18000,창고시설,11-20대,138
11,서울,11740,20000,자동차관련시설,11-20대,43
31,울산,31710,19000,위험물저장및처리시설,10대 이하,272
48,경남,48125,Z6000,판매및영업시설,21-50대,30
47,경북,47130,21000,동물및식물관련시설,10대 이하,112
46,전남,46730,23000,교정및군사시설,10대 이하,0
27,대구,27290,14000,업무시설,21-50대,942
11,서울,11140,Z5000,문화및집회시설,100대 이상,1265
41,경기,41133,11000,노유자시설,11-20대,62
44,충남,44810,24000,방송통신시설,10대 이하,0
26,부산,26140,18000,창고시설,11-20대,18
46,전남,46130,17000,공장,51-100대,929
41,경기,41190,Z3000,근린생활시설,11-20대,84
51,강원,51770,02007,기숙사,10대 이하,0
44,충남,44230,20000,자동차관련시설,11-20대,34
28,인천,28110,24000,방송통신시설,10대 이하,10
48,경남,48310,21000,동물및식물관련시설,10대 이하,75
44,충남,44770,02000,공동주택,21-50대,952
46,전남,46900,06000,종교시설,10대 이하,42
11,서울,11680,11000,노유자시설,51-100대,227
51,강원,51230,26000,묘지관련시설,10대 이하,12
45,전북,45140,22000,분뇨.쓰레기처리시설,100대 이상,107
41,경기,41650,Z8000,교육연구및복지시설,21-50대,71
47,경북,47111,16000,위락시설,21-50대,24
51,강원,51830,30000,자원순환관련시설,100대 이상,411
26,부산,26530,04000,제2종근린생활시설,100대 이상,1357
48,경남,48720,05000,문화및집회시설,10대 이하,136
48,경남,48125,21000,동물및식물관련시설,11-20대,11
41,경기,41131,04000,제2종근린생활시설,51-100대,493
11,서울,11170,27000,관광휴게시설,10대 이하,0
47,경북,47250,04000,제2종근린생활시설,21-50대,150
44,충남,44710,09000,의료시설,11-20대,33
44,충남,44270,01000,단독주택,21-50대,116
47,경북,47150,Z6000,판매및영업시설,10대 이하,0
41,경기,41500,19000,위험물저장및처리시설,10대 이하,166
43,충북,43730,14000,업무시설,10대 이하,34
48,경남,48240,,,100대 이상,305
51,강원,51760,06000,종교시설,100대 이상,195
47,경북,47190,24000,방송통신시설,10대 이하,1
46,전남,46910,11000,노유자시설,10대 이하,46
47,경북,47750,,,10대 이하,15
48,경남,48720,14000,업무시설,100대 이상,385
43,충북,43111,21000,동물및식물관련시설,10대 이하,31
27,대구,27710,12000,수련시설,100대 이상,451
11,서울,11170,06000,종교시설,11-20대,126
47,경북,47130,27000,관광휴게시설,11-20대,20
36,세종,36110,30000,자원순환관련시설,11-20대,38
29,광주,29155,24000,방송통신시설,10대 이하,0
11,서울,11470,20000,자동차관련시설,51-100대,534
43,충북,43770,03000,제1종근린생활시설,51-100대,160
43,충북,43770,Z8000,교육연구및복지시설,10대 이하,0
26,부산,26410,02000,공동주택,21-50대,3064
41,경기,41173,23000,교정및군사시설,10대 이하,20
27,대구,27140,29000,장례시설,100대 이상,191
47,경북,47920,10000,교육연구시설,11-20대,14
51,강원,51810,04000,제2종근린생활시설,21-50대,194
41,경기,41111,16000,위락시설,10대 이하,8
41,경기,41135,13000,운동시설,51-100대,246
46,전남,46830,14000,업무시설,10대 이하,42
51,강원,51760,18000,창고시설,21-50대,36
46,전남,46230,02000,공동주택,100대 이상,97197
44,충남,44180,04000,제2종근린생활시설,11-20대,281
47,경북,47130,18000,창고시설,21-50대,202
45,전북,45130,05000,문화및집회시설,11-20대,41
41,경기,41111,01000,단독주택,11-20대,379
11,서울,11590,Z8000,교육연구및복지시설,21-50대,31
43,충북,43112,04000,제2종근린생활시설,51-100대,521
26,부산,26230,11000,노유자시설,11-20대,58
11,서울,11215,02000,공동주택,11-20대,4789
46,전남,46900,Z3000,근린생활시설,10대 이하,0
45,전북,45130,14000,업무시설,10대 이하,130
41,경기,41133,Z3000,근린생활시설,10대 이하,2
41,경기,41210,14000,업무시설,11-20대,279
48,경남,48330,26000,묘지관련시설,10대 이하,10
45,전북,45790,18000,창고시설,100대 이상,584
47,경북,47130,01000,단독주택,100대 이상,490
11,서울,11320,03000,제1종근린생활시설,11-20대,533
44,충남,44230,31000,야영장시설,10대 이하,8
46,전남,46790,03000,제1종근린생활시설,10대 이하,869
43,충북,43113,25000,발전시설,10대 이하,0
41,경기,41190,06000,종교시설,51-100대,671
44,충남,44200,06000,종교시설,51-100대,338
48,경남,48880,02000,공동주택,51-100대,1713
44,충남,44131,14000,업무시설,100대 이상,3966
26,부산,26200,18000,창고시설,11-20대,30
50,제주,50110,20000,자동차관련시설,21-50대,702
44,충남,44180,01000,단독주택,51-100대,72
51,강원,51760,30000,자원순환관련시설,51-100대,69
11,서울,11140,Z5000,문화및집회시설,21-50대,48
46,전남,46870,18000,창고시설,51-100대,123
47,경북,47210,06000,종교시설,11-20대,61
41,경기,41111,30000,자원순환관련시설,10대 이하,0
46,전남,46860,08000,운수시설,11-20대,13
46,전남,46900,14000,업무시설,21-50대,169
27,대구,27710,26000,묘지관련시설,10대 이하,3
41,경기,41290,05000,문화및집회시설,11-20대,81
41,경기,41550,07000,판매시설,21-50대,261
45,전북,45130,21000,동물및식물관련시설,10대 이하,19
28,인천,28245,14000,업무시설,51-100대,751
47,경북,47250,,,100대 이상,156
47,경북,47920,10000,교육연구시설,100대 이상,955
41,경기,41410,03000,제1종근린생활시설,11-20대,768
41,경기,41430,Z5000,문화및집회시설,11-20대,12
41,경기,41210,,,21-50대,162
44,충남,44825,14000,업무시설,51-100대,151
47,경북,47111,11000,노유자시설,100대 이상,368
26,부산,26110,05000,문화및집회시설,10대 이하,2
26,부산,26170,15000,숙박시설,11-20대,149
51,강원,51110,02000,공동주택,21-50대,455
41,경기,41113,01000,단독주택,21-50대,99
41,경기,41570,08000,운수시설,51-100대,139
41,경기,41820,29000,장례시설,10대 이하,10
47,경북,47840,30000,자원순환관련시설,10대 이하,115
48,경남,48240,15000,숙박시설,10대 이하,509
11,서울,11530,13000,운동시설,21-50대,95
43,충북,43720,03000,제1종근린생활시설,11-20대,223
41,경기,41370,05000,문화및집회시설,11-20대,12
47,경북,47170,15000,숙박시설,11-20대,310
47,경북,47820,14000,업무시설,21-50대,104
41,경기,41480,13000,운동시설,11-20대,41
41,경기,41463,,,10대 이하,125
50,제주,50110,20000,자동차관련시설,11-20대,260
41,경기,41281,,,100대 이상,33695
50,제주,50130,21000,동물및식물관련시설,21-50대,331
41,경기,41111,14000,업무시설,10대 이하,120
43,충북,43760,26000,묘지관련시설,100대 이상,5131
41,경기,41285,02000,공동주택,11-20대,1568
41,경기,41461,30000,자원순환관련시설,100대 이상,360
43,충북,43111,Z8000,교육연구및복지시설,21-50대,203
11,서울,11680,11000,노유자시설,100대 이상,387
45,전북,45740,20000,자동차관련시설,11-20대,12
11,서울,11215,Z5000,문화및집회시설,100대 이상,140
26,부산,26380,15000,숙박시설,10대 이하,188
30,대전,30200,17000,공장,11-20대,1138
45,전북,45750,31000,야영장시설,10대 이하,0
51,강원,51110,26000,묘지관련시설,11-20대,128
48,경남,48270,04000,제2종근린생활시설,11-20대,192
44,충남,44210,,,100대 이상,6567
41,경기,41830,14000,업무시설,10대 이하,37
41,경기,41670,,,10대 이하,84
30,대전,30230,11000,노유자시설,51-100대,69
28,인천,28237,15000,숙박시설,21-50대,145
41,경기,41285,11000,노유자시설,21-50대,206
26,부산,26380,29000,장례시설,10대 이하,4
11,서울,11650,04000,제2종근린생활시설,11-20대,2517
44,충남,44760,18000,창고시설,100대 이상,104
48,경남,48730,14000,업무시설,100대 이상,270
36,세종,36110,11000,노유자시설,10대 이하,250
51,강원,51760,30000,자원순환관련시설,21-50대,24
47,경북,47770,01000,단독주택,11-20대,447
41,경기,41310,10000,교육연구시설,10대 이하,64
43,충북,43770,11000,노유자시설,21-50대,60
28,인천,28110,01000,단독주택,11-20대,2610
48,경남,48125,08000,운수시설,21-50대,98
51,강원,51800,21000,동물및식물관련시설,21-50대,22
41,경기,41550,17000,공장,21-50대,6390
43,충북,43114,04000,제2종근린생활시설,51-100대,448
43,충북,43111,01000,단독주택,11-20대,515
51,강원,51830,08000,운수시설,21-50대,111
27,대구,27290,08000,운수시설,100대 이상,277
43,충북,43111,03000,제1종근린생활시설,11-20대,547
41,경기,41830,02000,공동주택,51-100대,795
41,경기,41131,01000,단독주택,11-20대,165
27,대구,27200,09000,의료시설,51-100대,284
47,경북,47850,14000,업무시설,21-50대,116
47,경북,47250,22000,분뇨.쓰레기처리시설,10대 이하,4
47,경북,47830,13000,운동시설,10대 이하,29
41,경기,41461,27000,관광휴게시설,51-100대,53
11,서울,11620,06000,종교시설,10대 이하,197
41,경기,41370,07000,판매시설,100대 이상,1757
27,대구,27170,01000,단독주택,10대 이하,6254
46,전남,46870,04000,제2종근린생활시설,11-20대,179
41,경기,41281,11000,노유자시설,51-100대,93
29,광주,29170,18000,창고시설,10대 이하,440
29,광주,29140,04000,제2종근린생활시설,51-100대,937
47,경북,47930,07000,판매시설,21-50대,89
26,부산,26350,Z3000,근린생활시설,10대 이하,6
48,경남,48129,13000,운동시설,21-50대,173
28,인천,28710,08000,운수시설,51-100대,99
41,경기,41480,03000,제1종근린생활시설,21-50대,2936
30,대전,30140,03000,제1종근린생활시설,11-20대,426
41,경기,41113,14000,업무시설,10대 이하,100
51,강원,51770,15000,숙박시설,21-50대,266
46,전남,46230,22000,분뇨.쓰레기처리시설,10대 이하,27
51,강원,51730,15000,숙박시설,11-20대,238
28,인천,28710,20000,자동차관련시설,10대 이하,52
26,부산,26230,06000,종교시설,21-50대,113
50,제주,50130,01001,단독주택,10대 이하,7
51,강원,51720,22000,분뇨.쓰레기처리시설,10대 이하,60
30,대전,30170,26000,묘지관련시설,10대 이하,0
26,부산,26530,13000,운동시설,100대 이상,320
43,충북,43720,13000,운동시설,100대 이상,4734
36,세종,36110,18000,창고시설,21-50대,357
27,대구,27710,12000,수련시설,10대 이하,17
44,충남,44270,20000,자동차관련시설,10대 이하,132
30,대전,30170,24000,방송통신시설,10대 이하,0
46,전남,46110,17000,공장,10대 이하,874
46,전남,46730,13000,운동시설,10대 이하,12
43,충북,43114,19000,위험물저장및처리시설,21-50대,30
11,서울,11710,15000,숙박시설,10대 이하,257
46,전남,46110,01000,단독주택,10대 이하,5301
46,전남,46110,15000,숙박시설,100대 이상,160
51,강원,51750,10000,교육연구시설,11-20대,63
44,충남,44230,09000,의료시설,21-50대,304
47,경북,47130,08000,운수시설,100대 이상,758
45,전북,45130,20000,자동차관련시설,10대 이하,218
41,경기,41290,21000,동물및식물관련시설,10대 이하,360
41,경기,41610,20000,자동차관련시설,21-50대,124
26,부산,26350,13000,운동시설,21-50대,151
47,경북,47113,20000,자동차관련시설,100대 이상,1451
48,경남,48740,11000,노유자시설,100대 이상,389
41,경기,41131,06000,종교시설,11-20대,218
48,경남,48270,07000,판매시설,100대 이상,338
47,경북,47130,Z8000,교육연구및복지시설,11-20대,34
11,서울,11110,10000,교육연구시설,51-100대,739
46,전남,46810,10000,교육연구시설,100대 이상,625
26,부산,26260,20000,자동차관련시설,21-50대,193
47,경북,47900,,,10대 이하,1
47,경북,47850,09000,의료시설,21-50대,155
28,인천,28110,02000,공동주택,100대 이상,112725
41,경기,41370,03000,제1종근린생활시설,10대 이하,1687
51,강원,51230,05000,문화및집회시설,100대 이상,753
51,강원,51210,04000,제2종근린생활시설,11-20대,432
41,경기,41220,07000,판매시설,21-50대,99
51,강원,51830,07000,판매시설,10대 이하,0
47,경북,47760,09000,의료시설,21-50대,22
51,강원,51760,13000,운동시설,21-50대,162
47,경북,47111,09000,의료시설,51-100대,213
41,경기,41465,10000,교육연구시설,10대 이하,144
30,대전,30200,JY,,10대 이하,0
31,울산,31170,24000,방송통신시설,51-100대,58
30,대전,30200,04000,제2종근린생활시설,10대 이하,5248
44,충남,44133,22000,분뇨.쓰레기처리시설,10대 이하,19
44,충남,44770,06000,종교시설,11-20대,90
26,부산,26500,10000,교육연구시설,11-20대,120
46,전남,46170,21000,동물및식물관련시설,21-50대,35
45,전북,45720,12000,수련시설,11-20대,105
48,경남,48820,24000,방송통신시설,10대 이하,2
27,대구,27140,14000,업무시설,100대 이상,5129
47,경북,47820,17000,공장,51-100대,181
48,경남,48123,30000,자원순환관련시설,11-20대,15
43,충북,43112,04000,제2종근린생활시설,11-20대,660
44,충남,44790,21000,동물및식물관련시설,10대 이하,27
51,강원,51130,29000,장례시설,11-20대,11
45,전북,45800,18000,창고시설,11-20대,50
48,경남,48125,22000,분뇨.쓰레기처리시설,10대 이하,23
47,경북,47130,04000,제2종근린생활시설,51-100대,847
27,대구,27710,07000,판매시설,10대 이하,18
28,인천,28200,19000,위험물저장및처리시설,11-20대,70
48,경남,48170,17000,공장,51-100대,2468
44,충남,44710,10000,교육연구시설,100대 이상,1459
43,충북,43745,,,11-20대,18
47,경북,47170,07000,판매시설,21-50대,128
50,제주,50110,Z5000,문화및집회시설,11-20대,25
41,경기,41281,15000,숙박시설,11-20대,79
41,경기,41115,04000,제2종근린생활시설,10대 이하,2714
46,전남,46790,06000,종교시설,21-50대,104
48,경남,48123,06000,종교시설,51-100대,259
41,경기,41360,23000,교정및군사시설,21-50대,140
27,대구,27290,03000,제1종근린생활시설,10대 이하,2898
11,서울,11380,03000,제1종근린생활시설,100대 이상,123
41,경기,41360,17000,공장,51-100대,574
41,경기,41630,12000,수련시설,10대 이하,0
41,경기,41463,24000,방송통신시설,10대 이하,6
11,서울,11680,11000,노유자시설,11-20대,129
41,경기,41500,17000,공장,100대 이상,41620
47,경북,47770,11000,노유자시설,100대 이상,212
47,경북,47820,,,10대 이하,0
48,경남,48740,14000,업무시설,51-100대,86
43,충북,43113,24000,방송통신시설,11-20대,11
48,경남,48170,15000,숙박시설,11-20대,276
28,인천,28710,30000,자원순환관련시설,11-20대,16
28,인천,28710,09000,의료시설,11-20대,44
48,경남,48870,10000,교육연구시설,21-50대,353
43,충북,43150,Z8000,교육연구및복지시설,21-50대,108
51,강원,51230,17000,공장,51-100대,333
46,전남,46170,04000,제2종근린생활시설,10대 이하,1743
11,서울,11350,07000,판매시설,11-20대,50
27,대구,27110,20000,자동차관련시설,21-50대,227
11,서울,11215,07000,판매시설,100대 이상,213
27,대구,27110,07000,판매시설,51-100대,131
48,경남,48330,04000,제2종근린생활시설,100대 이상,220
44,충남,44810,14000,업무시설,21-50대,374
11,서울,11530,19000,위험물저장및처리시설,10대 이하,45
28,인천,28200,14000,업무시설,100대 이상,17158
46,전남,46790,Z8000,교육연구및복지시설,10대 이하,0
28,인천,28720,31000,야영장시설,11-20대,103
51,강원,51750,04000,제2종근린생활시설,11-20대,138
48,경남,48730,09000,의료시설,21-50대,105
47,경북,47113,03000,제1종근린생활시설,51-100대,391
48,경남,48170,09000,의료시설,21-50대,227
44,충남,44230,17000,공장,100대 이상,10630
51,강원,51110,07000,판매시설,10대 이하,8
44,충남,44760,17000,공장,21-50대,305
41,경기,41171,21000,동물및식물관련시설,10대 이하,3
44,충남,44770,26000,묘지관련시설,10대 이하,4
48,경남,48240,07000,판매시설,10대 이하,6
11,서울,11590,13000,운동시설,51-100대,141
26,부산,26440,04005,제조업소,10대 이하,5
44,충남,44131,22000,분뇨.쓰레기처리시설,11-20대,64
41,경기,41173,15000,숙박시설,11-20대,105
41,경기,41820,25000,발전시설,21-50대,49
11,서울,11530,09000,의료시설,51-100대,473
30,대전,30170,09000,의료시설,21-50대,386
46,전남,46860,29000,장례시설,11-20대,18
26,부산,26440,23000,교정및군사시설,100대 이상,1942
11,서울,11470,13000,운동시설,21-50대,76
44,충남,44810,,,21-50대,64
43,충북,43750,18000,창고시설,51-100대,91
51,강원,51210,02000,공동주택,51-100대,836
31,울산,31140,05000,문화및집회시설,51-100대,52
47,경북,47920,31000,야영장시설,10대 이하,0
48,경남,48129,05000,문화및집회시설,11-20대,47
48,경남,48127,04000,제2종근린생활시설,10대 이하,1727
44,충남,44810,04000,제2종근린생활시설,21-50대,272
45,전북,45111,11000,노유자시설,100대 이상,673
45,전북,45710,17000,공장,100대 이상,85605
47,경북,47820,31000,야영장시설,10대 이하,3
51,강원,51820,16000,위락시설,10대 이하,0
41,경기,41390,07000,판매시설,51-100대,415
41,경기,41113,02000,공동주택,100대 이상,295590
43,충북,43150,02000,공동주택,100대 이상,28253
28,인천,28260,17000,공장,100대 이상,19635
28,인천,28260,13000,운동시설,51-100대,386
11,서울,11500,12000,수련시설,10대 이하,0
47,경북,47190,11000,노유자시설,11-20대,128
51,강원,51750,07000,판매시설,10대 이하,3
27,대구,27260,24000,방송통신시설,51-100대,62
46,전남,46900,14000,업무시설,100대 이상,329
47,경북,47730,Z9000,공공용시설,10대 이하,0
26,부산,26500,03000,제1종근린생활시설,21-50대,606
44,충남,44133,04000,제2종근린생활시설,21-50대,1511
48,경남,48740,14000,업무시설,11-20대,73
41,경기,41273,17000,공장,11-20대,7208
50,제주,50130,08000,운수시설,21-50대,33
46,전남,46170,06000,종교시설,10대 이하,175
47,경북,47210,03000,제1종근린생활시설,100대 이상,163
45,전북,45111,07000,판매시설,11-20대,38
47,경북,47830,16000,위락시설,10대 이하,5
41,경기,41500,Z8000,교육연구및복지시설,10대 이하,2
44,충남,44825,14000,업무시설,10대 이하,7
36,세종,36110,12000,수련시설,10대 이하,0
45,전북,45210,05000,문화및집회시설,11-20대,51
45,전북,45710,26000,묘지관련시설,10대 이하,0
41,경기,41630,07000,판매시설,10대 이하,8
46,전남,46710,17000,공장,51-100대,793
11,서울,11590,04000,제2종근린생활시설,10대 이하,3666
44,충남,44250,06000,종교시설,100대 이상,802
11,서울,11215,18000,창고시설,11-20대,14
28,인천,28237,Z8000,교육연구및복지시설,11-20대,36
48,경남,48220,26000,묘지관련시설,10대 이하,0
26,부산,26410,Z6000,판매및영업시설,10대 이하,0
41,경기,41463,11000,노유자시설,11-20대,243
41,경기,41310,05000,문화및집회시설,11-20대,15
45,전북,45720,20000,자동차관련시설,10대 이하,0
46,전남,46730,16000,위락시설,10대 이하,9
41,경기,41281,01000,단독주택,10대 이하,16480
51,강원,51130,09000,의료시설,10대 이하,8
43,충북,43770,07000,판매시설,21-50대,135
26,부산,26470,08000,운수시설,10대 이하,0
48,경남,48860,17000,공장,11-20대,213
48,경남,48730,12000,수련시설,10대 이하,7
27,대구,27260,04000,제2종근린생활시설,100대 이상,695
41,경기,41461,13000,운동시설,100대 이상,16874
36,세종,36110,33000,"국방,군사시설",100대 이상,246
43,충북,43150,04000,제2종근린생활시설,100대 이상,211
26,부산,26710,Z9000,공공용시설,10대 이하,0
27,대구,27260,20000,자동차관련시설,11-20대,79
30,대전,30230,03000,제1종근린생활시설,51-100대,190
51,강원,51110,10000,교육연구시설,21-50대,796
46,전남,46860,12000,수련시설,100대 이상,120
47,경북,47130,22000,분뇨.쓰레기처리시설,10대 이하,129
51,강원,51780,Z3000,근린생활시설,10대 이하,12
41,경기,41630,27000,관광휴게시설,100대 이상,930
48,경남,48170,15000,숙박시설,21-50대,381
41,경기,41465,18000,창고시설,100대 이상,222
11,서울,11350,05000,문화및집회시설,10대 이하,13
29,광주,29170,04000,제2종근린생활시설,51-100대,467
11,서울,11560,24000,방송통신시설,100대 이상,272
31,울산,31110,20000,자동차관련시설,21-50대,311
45,전북,45210,04000,제2종근린생활시설,21-50대,370
48,경남,48127,02000,공동주택,10대 이하,733
26,부산,26380,21000,동물및식물관련시설,11-20대,20
47,경북,47111,10000,교육연구시설,51-100대,898
43,충북,43113,27000,관광휴게시설,100대 이상,2325
28,인천,28720,04000,제2종근린생활시설,51-100대,142
45,전북,45180,11000,노유자시설,10대 이하,261
28,인천,28720,15000,숙박시설,11-20대,362
47,경북,47730,02000,공동주택,11-20대,357
26,부산,26200,03000,제1종근린생활시설,10대 이하,347
26,부산,26710,19000,위험물저장및처리시설,11-20대,79
47,경북,47250,24000,방송통신시설,10대 이하,0
31,울산,31140,04000,제2종근린생활시설,10대 이하,8766
26,부산,26380,20000,자동차관련시설,11-20대,78
31,울산,31710,06000,종교시설,100대 이상,354
46,전남,46890,05000,문화및집회시설,100대 이상,774
51,강원,51770,04000,제2종근린생활시설,51-100대,235
47,경북,47130,04000,제2종근린생활시설,100대 이상,458
44,충남,44210,18000,창고시설,100대 이상,1070
48,경남,48123,02000,공동주택,51-100대,869
45,전북,45113,10000,교육연구시설,11-20대,250
46,전남,46810,,,21-50대,40
47,경북,47290,14000,업무시설,100대 이상,1003
29,광주,29170,06000,종교시설,51-100대,289
44,충남,44760,03000,제1종근린생활시설,11-20대,161
44,충남,44250,17000,공장,11-20대,222
11,서울,11110,19000,위험물저장및처리시설,10대 이하,8
48,경남,48127,05000,문화및집회시설,21-50대,32
48,경남,48720,09000,의료시설,11-20대,11
44,충남,44230,Z9000,공공용시설,10대 이하,0
45,전북,45770,03000,제1종근린생활시설,11-20대,102
48,경남,48310,18000,창고시설,10대 이하,317
41,경기,41461,20000,자동차관련시설,10대 이하,303
43,충북,43750,09000,의료시설,100대 이상,332
48,경남,48170,04000,제2종근린생활시설,10대 이하,5840
30,대전,30230,25000,발전시설,10대 이하,1
45,전북,45130,09000,의료시설,100대 이상,1310
47,경북,47230,13000,운동시설,100대 이상,5774
46,전남,46820,17000,공장,51-100대,52
29,광주,29200,02000,공동주택,51-100대,3032
48,경남,48730,05000,문화및집회시설,10대 이하,50
45,전북,45210,16000,위락시설,10대 이하,12
47,경북,47130,22000,분뇨.쓰레기처리시설,21-50대,170
41,경기,41281,14100,공공업무시설,10대 이하,9
11,서울,11620,16000,위락시설,10대 이하,5
46,전남,46710,06000,종교시설,11-20대,51
51,강원,51800,22000,분뇨.쓰레기처리시설,10대 이하,0
48,경남,48240,20000,자동차관련시설,10대 이하,94
11,서울,11680,22000,분뇨.쓰레기처리시설,100대 이상,453
45,전북,45710,19000,위험물저장및처리시설,21-50대,63
47,경북,47170,01000,단독주택,11-20대,3152
29,광주,29155,Z8000,교육연구및복지시설,21-50대,79
44,충남,44770,01000,단독주택,10대 이하,1096
48,경남,48730,18000,창고시설,10대 이하,248
44,충남,44770,05000,문화및집회시설,10대 이하,26
28,인천,28140,17000,공장,10대 이하,908
11,서울,11110,10000,교육연구시설,10대 이하,157
26,부산,26470,24000,방송통신시설,10대 이하,5
41,경기,41131,20000,자동차관련시설,11-20대,12
26,부산,26440,10000,교육연구시설,21-50대,673
11,서울,11170,,,10대 이하,0
26,부산,26350,Z5000,문화및집회시설,10대 이하,0
27,대구,27110,Z5000,문화및집회시설,10대 이하,0
41,경기,41410,16000,위락시설,10대 이하,0
26,부산,26500,02000,공동주택,100대 이상,135687
46,전남,46130,06000,종교시설,51-100대,496
44,충남,44131,,,11-20대,18
44,충남,44133,14000,업무시설,100대 이상,64092
41,경기,41250,27000,관광휴게시설,10대 이하,0
43,충북,43800,31000,야영장시설,11-20대,13
51,강원,51790,23000,교정및군사시설,21-50대,107
26,부산,26530,2000,,100대 이상,11608
31,울산,31110,15000,숙박시설,51-100대,171
48,경남,48860,14000,업무시설,11-20대,61
44,충남,44825,08000,운수시설,10대 이하,0
51,강원,51760,02000,공동주택,21-50대,1045
11,서울,11620,27000,관광휴게시설,10대 이하,0
46,전남,46900,06000,종교시설,21-50대,96
26,부산,26290,07000,판매시설,21-50대,172
41,경기,41465,20000,자동차관련시설,10대 이하,72
43,충북,43720,27000,관광휴게시설,11-20대,20
44,충남,44810,26000,묘지관련시설,10대 이하,2
41,경기,41463,20000,자동차관련시설,21-50대,836
43,충북,43113,03000,제1종근린생활시설,11-20대,979
51,강원,51130,31000,야영장시설,10대 이하,20
27,대구,27710,30000,자원순환관련시설,100대 이상,528
45,전북,45130,02000,공동주택,100대 이상,195901
11,서울,11215,13000,운동시설,100대 이상,107
46,전남,46770,Z3000,근린생활시설,10대 이하,0
51,강원,51730,03000,제1종근린생활시설,21-50대,332
28,인천,28185,04000,제2종근린생활시설,10대 이하,2403
26,부산,26350,06000,종교시설,11-20대,185
41,경기,41590,03000,제1종근린생활시설,100대 이상,5389
41,경기,41173,23000,교정및군사시설,21-50대,72
48,경남,48220,04000,제2종근린생활시설,11-20대,414
46,전남,46790,15000,숙박시설,21-50대,598
27,대구,27260,17000,공장,100대 이상,493
30,대전,30170,21000,동물및식물관련시설,10대 이하,11
28,인천,28185,15000,숙박시설,51-100대,56
11,서울,11290,14000,업무시설,21-50대,1437
44,충남,44133,15000,숙박시설,11-20대,689
44,충남,44825,02000,공동주택,100대 이상,15719
48,경남,48730,07000,판매시설,11-20대,14
44,충남,44180,07000,판매시설,100대 이상,892
44,충남,44810,29000,장례시설,51-100대,99
48,경남,48850,27000,관광휴게시설,51-100대,59
41,경기,41480,26000,묘지관련시설,51-100대,58
11,서울,11215,12000,수련시설,51-100대,88
43,충북,43745,13000,운동시설,51-100대,106
41,경기,41310,19000,위험물저장및처리시설,10대 이하,67
31,울산,31110,03000,제1종근린생활시설,51-100대,862
48,경남,48123,Z5000,문화및집회시설,21-50대,24
29,광주,29170,17000,공장,10대 이하,1299
46,전남,46110,27000,관광휴게시설,100대 이상,599
44,충남,44800,07000,판매시설,100대 이상,381
44,충남,44150,19000,위험물저장및처리시설,10대 이하,60
43,충북,43113,10000,교육연구시설,11-20대,245
51,강원,51790,02000,공동주택,100대 이상,1954
41,경기,41550,Z5000,문화및집회시설,10대 이하,5
11,서울,11170,13000,운동시설,51-100대,165
44,충남,44825,11000,노유자시설,21-50대,116
11,서울,11290,05000,문화및집회시설,21-50대,71
41,경기,41670,15000,숙박시설,21-50대,117
27,대구,27110,,,100대 이상,1496
43,충북,43730,07000,판매시설,10대 이하,11
29,광주,29200,14000,업무시설,11-20대,209
43,충북,43114,17000,공장,21-50대,2861
11,서울,11560,17000,공장,10대 이하,133
46,전남,46230,14000,업무시설,51-100대,396
46,전남,46860,13000,운동시설,21-50대,30
43,충북,43750,06000,종교시설,11-20대,91
29,광주,29170,23000,교정및군사시설,21-50대,21
45,전북,45140,23000,교정및군사시설,51-100대,78
48,경남,48730,15000,숙박시설,21-50대,76
11,서울,11290,02000,공동주택,10대 이하,16154
41,경기,41570,03000,제1종근린생활시설,11-20대,1966
48,경남,48840,11000,노유자시설,10대 이하,17
26,부산,26710,04000,제2종근린생활시설,11-20대,747
44,충남,44150,06000,종교시설,21-50대,246
11,서울,11290,06000,종교시설,10대 이하,344
27,대구,27140,17000,공장,100대 이상,258
41,경기,41173,07000,판매시설,10대 이하,0
43,충북,43112,10000,교육연구시설,100대 이상,71195
41,경기,41271,14000,업무시설,100대 이상,1036
41,경기,41117,17000,공장,21-50대,355
48,경남,48127,02000,공동주택,51-100대,1550
41,경기,41360,15000,숙박시설,11-20대,136
46,전남,46230,10000,교육연구시설,11-20대,75
51,강원,51210,14000,업무시설,21-50대,195
28,인천,28260,04000,제2종근린생활시설,11-20대,1579
44,충남,44790,10000,교육연구시설,51-100대,51
45,전북,45740,Z8000,교육연구및복지시설,10대 이하,8
46,전남,46150,07000,판매시설,51-100대,113
45,전북,45800,09000,의료시설,100대 이상,288
11,서울,11650,05000,문화및집회시설,11-20대,12
29,광주,29155,04000,제2종근린생활시설,11-20대,708
41,경기,41210,09000,의료시설,51-100대,90
46,전남,46230,25000,발전시설,21-50대,32
27,대구,27170,06000,종교시설,21-50대,117
47,경북,47900,25000,발전시설,10대 이하,12
46,전남,46820,02000,공동주택,100대 이상,5880
47,경북,47113,16000,위락시설,10대 이하,149
27,대구,27710,09000,의료시설,21-50대,141
47,경북,47940,08000,운수시설,51-100대,68
45,전북,45190,15000,숙박시설,21-50대,180
41,경기,41360,21000,동물및식물관련시설,11-20대,23
31,울산,31170,20000,자동차관련시설,21-50대,69
28,인천,28200,03000,제1종근린생활시설,51-100대,1897
11,서울,11620,07000,판매시설,51-100대,145
41,경기,41465,11000,노유자시설,21-50대,138
26,부산,26380,05000,문화및집회시설,10대 이하,5
11,서울,11380,10000,교육연구시설,100대 이상,871
28,인천,28177,17000,공장,11-20대,763
11,서울,11290,06000,종교시설,51-100대,429
11,서울,11620,10000,교육연구시설,11-20대,200
31,울산,31140,07000,판매시설,51-100대,71
11,서울,11290,09000,의료시설,11-20대,40
11,서울,11290,13000,운동시설,11-20대,15
47,경북,47820,07000,판매시설,10대 이하,8
44,충남,44770,12000,수련시설,10대 이하,8
26,부산,26260,26000,묘지관련시설,10대 이하,0
46,전남,46110,15000,숙박시설,51-100대,131
47,경북,47920,20000,자동차관련시설,10대 이하,15
47,경북,47111,30000,자원순환관련시설,51-100대,60
41,경기,41173,06000,종교시설,10대 이하,81
30,대전,30140,11000,노유자시설,100대 이상,308
47,경북,47750,22000,분뇨.쓰레기처리시설,11-20대,11
41,경기,41590,10000,교육연구시설,10대 이하,503
45,전북,45710,03000,제1종근린생활시설,11-20대,512
47,경북,47130,10000,교육연구시설,51-100대,1081
41,경기,41390,15000,숙박시설,11-20대,516
46,전남,46910,12000,수련시설,100대 이상,120
41,경기,41135,06000,종교시설,21-50대,755
48,경남,48127,Z8000,교육연구및복지시설,10대 이하,10
47,경북,47130,01000,단독주택,51-100대,273
11,서울,11410,19000,위험물저장및처리시설,10대 이하,23
51,강원,51730,12000,수련시설,10대 이하,15
44,충남,44210,18999,기타창고시설,10대 이하,0
47,경북,47900,09000,의료시설,21-50대,75
46,전남,46710,Z3000,근린생활시설,10대 이하,0
26,부산,26500,06000,종교시설,11-20대,49
28,인천,28185,15000,숙박시설,10대 이하,116
45,전북,45770,01000,단독주택,21-50대,162
51,강원,51170,18000,창고시설,10대 이하,177
28,인천,28200,07000,판매시설,11-20대,84
41,경기,41590,14000,업무시설,21-50대,1468
30,대전,30110,07000,판매시설,51-100대,197
41,경기,41461,09000,의료시설,21-50대,380
27,대구,27710,27000,관광휴게시설,10대 이하,1
27,대구,27260,15000,숙박시설,11-20대,204
51,강원,51110,02000,공동주택,100대 이상,151362
48,경남,48730,02000,공동주택,11-20대,476
51,강원,51780,10000,교육연구시설,10대 이하,104
50,제주,50110,26000,묘지관련시설,21-50대,30
41,경기,41550,10000,교육연구시설,11-20대,323
45,전북,45730,18000,창고시설,21-50대,80
45,전북,45190,13000,운동시설,10대 이하,33
11,서울,11500,33000,"국방,군사시설",10대 이하,0
48,경남,48129,08000,운수시설,10대 이하,2
47,경북,47150,09000,의료시설,100대 이상,485
41,경기,41463,08000,운수시설,10대 이하,8
11,서울,11350,09000,의료시설,11-20대,101
47,경북,47190,10000,교육연구시설,10대 이하,587
30,대전,30170,24000,방송통신시설,51-100대,171
26,부산,26140,08000,운수시설,10대 이하,8
26,부산,26320,16000,위락시설,21-50대,31
47,경북,47170,08000,운수시설,10대 이하,8
48,경남,48740,13000,운동시설,51-100대,258
45,전북,45720,18000,창고시설,10대 이하,44
11,서울,11110,05000,문화및집회시설,100대 이상,1077
41,경기,41550,27000,관광휴게시설,10대 이하,0
41,경기,41650,Z8000,교육연구및복지시설,51-100대,72
44,충남,44800,13000,운동시설,10대 이하,19
46,전남,46890,26000,묘지관련시설,51-100대,55
43,충북,43745,13000,운동시설,100대 이상,731
27,대구,27200,15000,숙박시설,51-100대,73
51,강원,51110,18000,창고시설,11-20대,149
26,부산,26350,19000,위험물저장및처리시설,10대 이하,67
43,충북,43130,05000,문화및집회시설,21-50대,400
11,서울,11230,21000,동물및식물관련시설,10대 이하,0
44,충남,44810,03000,제1종근린생활시설,51-100대,329
47,경북,47940,10000,교육연구시설,100대 이상,120
51,강원,51210,04000,제2종근린생활시설,10대 이하,1683
41,경기,41360,04402,사무소,10대 이하,3
41,경기,41670,Z3000,근린생활시설,11-20대,13
47,경북,47290,11000,노유자시설,11-20대,89
26,부산,26350,15000,숙박시설,10대 이하,566
46,전남,46780,18000,창고시설,11-20대,20
44,충남,44800,02000,공동주택,100대 이상,60906
44,충남,44133,17000,공장,10대 이하,3760
48,경남,48870,13000,운동시설,10대 이하,43
27,대구,27170,22000,분뇨.쓰레기처리시설,10대 이하,25
47,경북,47190,17000,공장,11-20대,4227
28,인천,28245,23000,교정및군사시설,10대 이하,12
51,강원,51820,31000,야영장시설,10대 이하,4
47,경북,47111,11000,노유자시설,11-20대,91
41,경기,41287,10000,교육연구시설,51-100대,1494
26,부산,26290,18000,창고시설,51-100대,347
28,인천,28185,19000,위험물저장및처리시설,21-50대,61
45,전북,45790,,,51-100대,178
41,경기,41250,14000,업무시설,100대 이상,129
41,경기,41461,14000,업무시설,10대 이하,94
28,인천,28177,Z9000,공공용시설,10대 이하,0
11,서울,11215,10000,교육연구시설,21-50대,958
46,전남,46730,30000,자원순환관련시설,10대 이하,5
45,전북,45800,05000,문화및집회시설,10대 이하,21
28,인천,28245,04000,제2종근린생활시설,51-100대,449
26,부산,26320,11000,노유자시설,11-20대,128
26,부산,26380,18000,창고시설,100대 이상,731
47,경북,47940,02000,공동주택,21-50대,45
44,충남,44810,25000,발전시설,51-100대,67
26,부산,26710,06000,종교시설,51-100대,214
48,경남,48730,05000,문화및집회시설,21-50대,76
26,부산,26470,01000,단독주택,10대 이하,1122
30,대전,30140,07000,판매시설,10대 이하,0
31,울산,31200,03000,제1종근린생활시설,51-100대,518
48,경남,48730,27000,관광휴게시설,51-100대,85
41,경기,41430,04000,제2종근린생활시설,21-50대,282
44,충남,44210,07000,판매시설,21-50대,63
41,경기,41480,19000,위험물저장및처리시설,21-50대,24
48,경남,48890,12000,수련시설,100대 이상,119
30,대전,30170,04000,제2종근린생활시설,51-100대,794
47,경북,47930,21000,동물및식물관련시설,51-100대,260
48,경남,48123,15000,숙박시설,51-100대,60
43,충북,43740,,,21-50대,57
27,대구,27230,18000,창고시설,21-50대,211
51,강원,51760,06000,종교시설,51-100대,163
43,충북,43112,14000,업무시설,11-20대,145
43,충북,43760,02000,공동주택,11-20대,83
48,경남,48890,,,21-50대,70
46,전남,46800,11000,노유자시설,10대 이하,38
11,서울,11530,03000,제1종근린생활시설,100대 이상,108
41,경기,41360,17000,공장,11-20대,1620
11,서울,11560,08000,운수시설,10대 이하,9
29,광주,29155,08000,운수시설,10대 이하,0
47,경북,47770,02000,공동주택,11-20대,315
29,광주,29170,03001,소매점,10대 이하,0
45,전북,45790,31000,야영장시설,10대 이하,2
47,경북,47190,01000,단독주택,10대 이하,25924
51,강원,51190,18000,창고시설,10대 이하,89
41,경기,41550,17000,공장,11-20대,4508
43,충북,43112,05000,문화및집회시설,100대 이상,346
51,강원,51800,02000,공동주택,11-20대,26
44,충남,44131,17000,공장,100대 이상,17661
46,전남,46860,25000,발전시설,10대 이하,0
41,경기,41630,06000,종교시설,51-100대,593
44,충남,44131,08000,운수시설,10대 이하,3
11,서울,11380,20000,자동차관련시설,11-20대,27
47,경북,47170,10000,교육연구시설,51-100대,584
51,강원,51820,21000,동물및식물관련시설,11-20대,28
30,대전,30200,06000,종교시설,100대 이상,618
46,전남,46860,01000,단독주택,10대 이하,836
43,충북,43113,27000,관광휴게시설,21-50대,22
46,전남,46900,29000,장례시설,11-20대,11
41,경기,41430,02000,공동주택,10대 이하,1576
46,전남,46110,19000,위험물저장및처리시설,11-20대,12
26,부산,26410,09000,의료시설,21-50대,522
41,경기,41590,03000,제1종근린생활시설,10대 이하,12732
27,대구,27110,Z5000,문화및집회시설,21-50대,27
30,대전,30110,14000,업무시설,11-20대,267
41,경기,41271,29000,장례시설,11-20대,12
41,경기,41370,17000,공장,21-50대,1676
27,대구,27260,13000,운동시설,11-20대,104
29,광주,29110,04000,제2종근린생활시설,21-50대,495
45,전북,45180,30000,자원순환관련시설,11-20대,94
47,경북,47760,02000,공동주택,100대 이상,153
36,세종,36110,11000,노유자시설,51-100대,317
28,인천,28237,08000,운수시설,100대 이상,1004
41,경기,41465,02000,공동주택,21-50대,3462
11,서울,11380,15000,숙박시설,21-50대,105
27,대구,27710,13000,운동시설,100대 이상,901
44,충남,44710,,,11-20대,27
51,강원,51830,17000,공장,11-20대,104
27,대구,27230,21000,동물및식물관련시설,10대 이하,21
27,대구,27290,Z8000,교육연구및복지시설,51-100대,496
28,인천,28185,18000,창고시설,10대 이하,6
41,경기,41550,,,21-50대,67
48,경남,48740,18000,창고시설,11-20대,84
51,강원,51210,15000,숙박시설,21-50대,391
48,경남,48250,18000,창고시설,10대 이하,1075
43,충북,43750,23000,교정및군사시설,10대 이하,10
41,경기,41630,Z3000,근린생활시설,21-50대,31
45,전북,45750,27000,관광휴게시설,10대 이하,0
46,전남,46890,07000,판매시설,10대 이하,7
48,경남,48850,Z5000,문화및집회시설,10대 이하,0
43,충북,43770,03000,제1종근린생활시설,100대 이상,175
51,강원,51230,20000,자동차관련시설,10대 이하,34
27,대구,27290,06000,종교시설,100대 이상,327
41,경기,41360,07000,판매시설,100대 이상,9982
50,제주,50130,24000,방송통신시설,10대 이하,9
47,경북,47113,12000,수련시설,10대 이하,12
31,울산,31110,05000,문화및집회시설,100대 이상,747
48,경남,48121,Z3000,근린생활시설,10대 이하,5
45,전북,45190,14000,업무시설,11-20대,105
41,경기,41830,03000,제1종근린생활시설,51-100대,80
51,강원,51720,12000,수련시설,10대 이하,22
48,경남,48170,23000,교정및군사시설,11-20대,12
48,경남,48850,02000,공동주택,21-50대,222
46,전남,46880,18000,창고시설,51-100대,66
11,서울,11215,04000,제2종근린생활시설,10대 이하,5589
11,서울,11230,02000,공동주택,21-50대,5749
41,경기,41273,18000,창고시설,10대 이하,59
45,전북,45720,17000,공장,10대 이하,323
51,강원,51170,02000,공동주택,21-50대,638
48,경남,48740,18000,창고시설,10대 이하,129
47,경북,47900,10000,교육연구시설,11-20대,54
29,광주,29110,04000,제2종근린생활시설,10대 이하,1886
48,경남,48330,02000,공동주택,100대 이상,246746
51,강원,51750,15000,숙박시설,10대 이하,141
46,전남,46130,04000,제2종근린생활시설,11-20대,749
26,부산,26380,17000,공장,11-20대,2012
46,전남,46820,,,10대 이하,28
26,부산,26530,17000,공장,100대 이상,2611
41,경기,41113,21000,동물및식물관련시설,10대 이하,15
51,강원,51110,18000,창고시설,100대 이상,2037
51,강원,51800,12000,수련시설,10대 이하,32
27,대구,27260,20000,자동차관련시설,21-50대,64
41,경기,41171,17000,공장,51-100대,419
11,서울,11650,05000,문화및집회시설,21-50대,50
51,강원,51760,17000,공장,100대 이상,130
41,경기,41360,Z9000,공공용시설,10대 이하,0
46,전남,46230,03000,제1종근린생활시설,100대 이상,630
48,경남,48125,05000,문화및집회시설,100대 이상,452
51,강원,51760,30000,자원순환관련시설,11-20대,26
41,경기,41650,Z3000,근린생활시설,10대 이하,68
47,경북,47210,04000,제2종근린생활시설,11-20대,225
46,전남,46820,09000,의료시설,11-20대,33
45,전북,45750,Z5000,문화및집회시설,10대 이하,0
41,경기,41390,22000,분뇨.쓰레기처리시설,100대 이상,812
41,경기,41650,15000,숙박시설,100대 이상,402
45,전북,45140,11000,노유자시설,10대 이하,461
46,전남,46860,12000,수련시설,11-20대,15
41,경기,41273,02000,공동주택,11-20대,992
48,경남,48129,08000,운수시설,100대 이상,1299
48,경남,48127,01000,단독주택,11-20대,507
44,충남,44800,16000,위락시설,10대 이하,3
43,충북,43745,17000,공장,100대 이상,12343
44,충남,44133,19000,위험물저장및처리시설,11-20대,90
48,경남,48850,01000,단독주택,10대 이하,847
48,경남,48220,05000,문화및집회시설,10대 이하,37
51,강원,51130,05000,문화및집회시설,51-100대,169
43,충북,43740,19000,위험물저장및처리시설,10대 이하,9
41,경기,41370,14000,업무시설,51-100대,570
48,경남,48270,26000,묘지관련시설,51-100대,138
50,제주,50130,10000,교육연구시설,11-20대,148
27,대구,27230,14000,업무시설,10대 이하,82
29,광주,29140,15000,숙박시설,11-20대,253
43,충북,43770,12000,수련시설,10대 이하,9
47,경북,47113,10000,교육연구시설,100대 이상,136141
41,경기,41570,23000,교정및군사시설,100대 이상,198
47,경북,47113,,,100대 이상,112
48,경남,48820,19000,위험물저장및처리시설,11-20대,24
26,부산,26500,13000,운동시설,21-50대,82
45,전북,45130,11000,노유자시설,100대 이상,116
29,광주,29110,06000,종교시설,21-50대,233
48,경남,48170,20000,자동차관련시설,100대 이상,1852
28,인천,28260,13000,운동시설,100대 이상,1873
46,전남,46890,08000,운수시설,11-20대,15
43,충북,43150,13000,운동시설,100대 이상,1559
47,경북,47940,25000,발전시설,10대 이하,0
43,충북,43130,01000,단독주택,21-50대,100
51,강원,51730,03000,제1종근린생활시설,11-20대,187
47,경북,47730,14000,업무시설,21-50대,260
45,전북,45730,15000,숙박시설,11-20대,214
30,대전,30110,27000,관광휴게시설,10대 이하,0
51,강원,51770,05000,문화및집회시설,21-50대,23
51,강원,51770,10000,교육연구시설,10대 이하,45
43,충북,43111,10000,교육연구시설,100대 이상,1199
30,대전,30230,11000,노유자시설,10대 이하,135
44,충남,44131,18000,창고시설,11-20대,204
45,전북,45190,05000,문화및집회시설,10대 이하,70
41,경기,41135,,,51-100대,150
11,서울,11230,20000,자동차관련시설,21-50대,110
11,서울,11545,Z9000,공공용시설,21-50대,25
46,전남,46800,Z3000,근린생활시설,10대 이하,0
46,전남,46150,19000,위험물저장및처리시설,11-20대,26
46,전남,46710,29000,장례시설,10대 이하,0
48,경남,48127,21000,동물및식물관련시설,10대 이하,5
51,강원,51830,18000,창고시설,21-50대,22
11,서울,11680,06000,종교시설,10대 이하,167
51,강원,51750,Z8000,교육연구및복지시설,21-50대,74
41,경기,41117,18000,창고시설,10대 이하,23
41,경기,41273,13000,운동시설,51-100대,605
48,경남,48820,08000,운수시설,11-20대,23
51,강원,51150,02000,공동주택,11-20대,489
28,인천,28110,15000,숙박시설,21-50대,670
26,부산,26470,Z8000,교육연구및복지시설,21-50대,65
48,경남,48123,20000,자동차관련시설,51-100대,405
47,경북,47820,02000,공동주택,10대 이하,273
44,충남,44131,06000,종교시설,10대 이하,292
11,서울,11740,11000,노유자시설,21-50대,284
31,울산,31140,30000,자원순환관련시설,21-50대,65
11,서울,11290,,,10대 이하,3
44,충남,44760,05000,문화및집회시설,51-100대,65
31,울산,31200,13000,운동시설,10대 이하,35
47,경북,47280,06000,종교시설,21-50대,157
26,부산,26410,26000,묘지관련시설,10대 이하,0
47,경북,47850,14000,업무시설,51-100대,439
47,경북,47230,06000,종교시설,11-20대,103
44,충남,44790,21000,동물및식물관련시설,11-20대,14
11,서울,11470,07000,판매시설,100대 이상,814
46,전남,46900,17000,공장,11-20대,127
44,충남,44200,25000,발전시설,10대 이하,0
44,충남,44710,20000,자동차관련시설,10대 이하,33
41,경기,41570,Z3000,근린생활시설,11-20대,13
41,경기,41800,17000,공장,51-100대,138
47,경북,47150,13000,운동시설,100대 이상,700
31,울산,31200,02000,공동주택,11-20대,555
27,대구,27140,08000,운수시설,21-50대,51
27,대구,27710,08000,운수시설,100대 이상,5933
29,광주,29110,13000,운동시설,21-50대,134
47,경북,47730,09000,의료시설,21-50대,23
44,충남,44800,30000,자원순환관련시설,21-50대,104
47,경북,47190,14000,업무시설,100대 이상,2603
41,경기,41190,Z3000,근린생활시설,10대 이하,123
41,경기,41281,11000,노유자시설,21-50대,161
41,경기,41650,23000,교정및군사시설,21-50대,412
41,경기,41550,20000,자동차관련시설,51-100대,159
47,경북,47113,06000,종교시설,100대 이상,1809
51,강원,51760,24000,방송통신시설,10대 이하,2
41,경기,41111,01000,단독주택,10대 이하,11710
44,충남,44810,11000,노유자시설,10대 이하,126
51,강원,51230,Z8000,교육연구및복지시설,51-100대,58
51,강원,51780,09000,의료시설,11-20대,31
47,경북,47840,07000,판매시설,11-20대,28
41,경기,41133,07000,판매시설,51-100대,67
27,대구,27260,16000,위락시설,10대 이하,107
44,충남,44270,09000,의료시설,100대 이상,364
26,부산,26170,09000,의료시설,51-100대,336
45,전북,45140,26000,묘지관련시설,10대 이하,0
44,충남,44790,21000,동물및식물관련시설,21-50대,70
11,서울,11350,10000,교육연구시설,11-20대,221
28,인천,28710,27000,관광휴게시설,10대 이하,0
48,경남,48220,13000,운동시설,21-50대,31
45,전북,45190,09000,의료시설,51-100대,54
48,경남,48840,14000,업무시설,10대 이하,18
41,경기,41133,16000,위락시설,11-20대,17
46,전남,46720,Z8000,교육연구및복지시설,21-50대,31
51,강원,51130,22000,분뇨.쓰레기처리시설,10대 이하,24
28,인천,28177,04000,제2종근린생활시설,100대 이상,915
47,경북,47113,04010,학원,10대 이하,0
11,서울,11290,15000,숙박시설,11-20대,117
48,경남,48123,04000,제2종근린생활시설,11-20대,624
31,울산,31110,13000,운동시설,21-50대,180
51,강원,51110,12000,수련시설,21-50대,493
50,제주,50110,11000,노유자시설,51-100대,179
51,강원,51780,Z5000,문화및집회시설,10대 이하,0
51,강원,51760,10000,교육연구시설,10대 이하,122
44,충남,44270,02000,공동주택,21-50대,937
41,경기,41500,18000,창고시설,51-100대,3196
44,충남,44131,13000,운동시설,10대 이하,18
43,충북,43745,19000,위험물저장및처리시설,10대 이하,15
51,강원,51150,02000,공동주택,100대 이상,96123
43,충북,43740,05000,문화및집회시설,11-20대,32
41,경기,41133,01000,단독주택,10대 이하,3625
51,강원,51780,30000,자원순환관련시설,10대 이하,16
11,서울,11380,14000,업무시설,100대 이상,3533
44,충남,44790,15000,숙박시설,21-50대,68
11,서울,11410,04000,제2종근린생활시설,10대 이하,3109
46,전남,46130,20000,자동차관련시설,51-100대,236
28,인천,28237,Z3000,근린생활시설,21-50대,48
51,강원,51770,10000,교육연구시설,11-20대,95
26,부산,26440,05000,문화및집회시설,11-20대,35
29,광주,29110,13000,운동시설,10대 이하,0
51,강원,51110,14000,업무시설,100대 이상,5041
45,전북,45720,,,10대 이하,0
47,경북,47770,27000,관광휴게시설,100대 이상,199
46,전남,46880,02000,공동주택,10대 이하,122
27,대구,27710,04000,제2종근린생활시설,21-50대,516
26,부산,26290,10000,교육연구시설,21-50대,1627
43,충북,43114,06000,종교시설,11-20대,209
11,서울,11680,03000,제1종근린생활시설,11-20대,4008
41,경기,41113,Z8000,교육연구및복지시설,21-50대,207
11,서울,11110,02000,공동주택,21-50대,1735
41,경기,41463,12100,생활권수련시설,21-50대,22
48,경남,48240,13000,운동시설,21-50대,66
11,서울,11170,09000,의료시설,100대 이상,1551
26,부산,26380,Z5000,문화및집회시설,11-20대,22
11,서울,11500,23000,교정및군사시설,100대 이상,140
41,경기,41117,20000,자동차관련시설,100대 이상,4340
47,경북,47111,08000,운수시설,10대 이하,2
41,경기,41450,14000,업무시설,11-20대,112
43,충북,43111,01000,단독주택,21-50대,63
46,전남,46110,24000,방송통신시설,100대 이상,244
47,경북,47730,27000,관광휴게시설,10대 이하,0
26,부산,26530,18000,창고시설,10대 이하,483
41,경기,41820,22000,분뇨.쓰레기처리시설,21-50대,87
36,세종,36110,13000,운동시설,51-100대,295
41,경기,41287,Z3000,근린생활시설,10대 이하,49
28,인천,28110,13000,운동시설,21-50대,32
43,충북,43745,06000,종교시설,11-20대,36
28,인천,28720,07000,판매시설,10대 이하,0
26,부산,26710,17000,공장,51-100대,3690
41,경기,41117,22000,분뇨.쓰레기처리시설,100대 이상,188
41,경기,41250,14000,업무시설,51-100대,121
41,경기,41450,13000,운동시설,10대 이하,13
26,부산,26140,20000,자동차관련시설,10대 이하,23
44,충남,44230,24000,방송통신시설,10대 이하,0
46,전남,46730,14000,업무시설,10대 이하,32
11,서울,11200,Z3000,근린생활시설,10대 이하,7
46,전남,46880,17000,공장,21-50대,2551
46,전남,46130,10000,교육연구시설,21-50대,849
51,강원,51130,03000,제1종근린생활시설,10대 이하,3424
44,충남,44760,02000,공동주택,21-50대,374
45,전북,45140,07000,판매시설,10대 이하,16
45,전북,45190,21000,동물및식물관련시설,10대 이하,23
41,경기,41287,04000,제2종근린생활시설,11-20대,1252
29,광주,29140,,,11-20대,24
46,전남,46150,09000,의료시설,11-20대,97
51,강원,51810,02000,공동주택,10대 이하,192
36,세종,36110,15000,숙박시설,21-50대,48
41,경기,41150,07000,판매시설,10대 이하,1
51,강원,51810,25000,발전시설,10대 이하,0
46,전남,46730,17000,공장,10대 이하,166
45,전북,45180,17000,공장,100대 이상,10009
41,경기,41670,14000,업무시설,21-50대,279
47,경북,47840,09000,의료시설,11-20대,25
26,부산,26350,04000,제2종근린생활시설,100대 이상,1018
44,충남,44270,11000,노유자시설,21-50대,218
43,충북,43130,23000,교정및군사시설,10대 이하,13
48,경남,48270,09000,의료시설,21-50대,209
31,울산,31200,09000,의료시설,10대 이하,8
41,경기,41210,07000,판매시설,21-50대,75
45,전북,45750,03000,제1종근린생활시설,51-100대,112
26,부산,26500,17000,공장,10대 이하,26
30,대전,30140,10000,교육연구시설,11-20대,57
26,부산,26380,27000,관광휴게시설,51-100대,58
31,울산,31200,14000,업무시설,21-50대,550
48,경남,48840,02000,공동주택,11-20대,318
48,경남,48250,Z8000,교육연구및복지시설,10대 이하,6
11,서울,11650,09000,의료시설,11-20대,100
51,강원,51720,10000,교육연구시설,21-50대,435
26,부산,26500,20000,자동차관련시설,21-50대,216
36,세종,36110,12000,수련시설,100대 이상,112
48,경남,48310,08000,운수시설,100대 이상,116
41,경기,41461,07000,판매시설,11-20대,18
41,경기,41800,24000,방송통신시설,11-20대,13
46,전남,46790,01000,단독주택,100대 이상,135
46,전남,46910,02000,공동주택,10대 이하,51
41,경기,41461,03000,제1종근린생활시설,11-20대,1746
47,경북,47930,03000,제1종근린생활시설,10대 이하,546
44,충남,44150,10000,교육연구시설,10대 이하,76
41,경기,41830,02000,공동주택,100대 이상,36510
28,인천,28140,18000,창고시설,10대 이하,90
11,서울,11560,14000,업무시설,10대 이하,372
46,전남,46720,27000,관광휴게시설,51-100대,66
46,전남,46130,03000,제1종근린생활시설,51-100대,369
11,서울,11215,02000,공동주택,10대 이하,23176
48,경남,48330,22000,분뇨.쓰레기처리시설,21-50대,21
11,서울,11200,07000,판매시설,21-50대,46
11,서울,11440,Z6000,판매및영업시설,10대 이하,0
28,인천,28237,20000,자동차관련시설,10대 이하,137
41,경기,41273,18000,창고시설,51-100대,96
11,서울,11545,02000,공동주택,11-20대,4801
11,서울,11500,12000,수련시설,51-100대,163
44,충남,44270,09000,의료시설,11-20대,48
45,전북,45113,16000,위락시설,11-20대,28
43,충북,43730,Z8000,교육연구및복지시설,10대 이하,0
45,전북,45800,15000,숙박시설,100대 이상,621
47,경북,47850,03000,제1종근린생활시설,51-100대,397
51,강원,51730,02000,공동주택,51-100대,249
26,부산,26260,29000,장례시설,51-100대,87
51,강원,51170,18000,창고시설,11-20대,52
41,경기,41570,09000,의료시설,21-50대,473
44,충남,44150,19000,위험물저장및처리시설,11-20대,64
51,강원,51110,Z3000,근린생활시설,21-50대,25
11,서울,11740,20000,자동차관련시설,21-50대,63
48,경남,48121,01000,단독주택,21-50대,127
47,경북,47113,Z5000,문화및집회시설,10대 이하,0
11,서울,11380,06000,종교시설,21-50대,952
41,경기,41190,24000,방송통신시설,51-100대,178
31,울산,31200,22000,분뇨.쓰레기처리시설,10대 이하,19
46,전남,46870,10000,교육연구시설,21-50대,145
46,전남,46900,11000,노유자시설,11-20대,24
27,대구,27200,24000,방송통신시설,21-50대,22
44,충남,44770,04000,제2종근린생활시설,51-100대,116
43,충북,43114,21000,동물및식물관련시설,10대 이하,62
30,대전,30170,02000,공동주택,21-50대,1762
41,경기,41630,14000,업무시설,51-100대,327
26,부산,26710,03000,제1종근린생활시설,10대 이하,2189
45,전북,45111,10000,교육연구시설,10대 이하,271
46,전남,46830,23000,교정및군사시설,100대 이상,980
48,경남,48270,31000,야영장시설,10대 이하,10
51,강원,51110,29000,장례시설,100대 이상,149
46,전남,46800,20000,자동차관련시설,10대 이하,21
41,경기,41800,02000,공동주택,10대 이하,205
46,전남,46820,14000,업무시설,51-100대,59
48,경남,48740,10000,교육연구시설,21-50대,264
11,서울,11620,03000,제1종근린생활시설,11-20대,844
41,경기,41117,09000,의료시설,100대 이상,540
11,서울,11200,07000,판매시설,10대 이하,0
51,강원,51800,14000,업무시설,11-20대,25
41,경기,41830,11000,노유자시설,10대 이하,328
43,충북,43740,10000,교육연구시설,21-50대,187
11,서울,11560,17000,공장,21-50대,142
48,경남,48820,15000,숙박시설,21-50대,110
26,부산,26140,Z8000,교육연구및복지시설,51-100대,196
30,대전,30140,07000,판매시설,51-100대,56
47,경북,47930,15000,숙박시설,21-50대,54
47,경북,47111,24000,방송통신시설,21-50대,67
28,인천,28185,04000,제2종근린생활시설,100대 이상,3433
44,충남,44210,08000,운수시설,100대 이상,618
46,전남,46910,17000,공장,10대 이하,96
11,서울,11320,20000,자동차관련시설,10대 이하,137
51,강원,51150,24000,방송통신시설,21-50대,86
26,부산,26710,06000,종교시설,21-50대,275
48,경남,48730,06000,종교시설,11-20대,80
11,서울,11380,11000,노유자시설,11-20대,135
45,전북,45130,10000,교육연구시설,51-100대,868
48,경남,48240,23000,교정및군사시설,10대 이하,39
26,부산,26350,24000,방송통신시설,10대 이하,5
45,전북,45130,13000,운동시설,21-50대,201
27,대구,27710,11000,노유자시설,10대 이하,215
47,경북,47250,04000,제2종근린생활시설,100대 이상,1087
47,경북,47730,29000,장례시설,11-20대,24
51,강원,51820,12000,수련시설,11-20대,11
50,제주,50130,02000,공동주택,51-100대,8449
27,대구,27710,13000,운동시설,10대 이하,18
41,경기,41610,30000,자원순환관련시설,11-20대,20
48,경남,48870,03000,제1종근린생활시설,21-50대,200
47,경북,47930,17000,공장,10대 이하,199
41,경기,41570,09000,의료시설,51-100대,405
29,광주,29110,21000,동물및식물관련시설,10대 이하,5
45,전북,45710,18000,창고시설,10대 이하,450
41,경기,41480,33000,"국방,군사시설",10대 이하,1
44,충남,44210,33000,"국방,군사시설",10대 이하,0
26,부산,26170,02000,공동주택,10대 이하,1877
44,충남,44210,06000,종교시설,51-100대,288
11,서울,11350,Z8000,교육연구및복지시설,51-100대,1038
41,경기,41500,17000,공장,21-50대,3084
47,경북,47930,18000,창고시설,21-50대,138
26,부산,26290,24000,방송통신시설,100대 이상,312
44,충남,44825,04000,제2종근린생활시설,10대 이하,1181
50,제주,50110,27000,관광휴게시설,100대 이상,3004
30,대전,30200,,,10대 이하,49
51,강원,51130,12000,수련시설,11-20대,35
11,서울,11410,15000,숙박시설,100대 이상,772
44,충남,44760,02000,공동주택,11-20대,315
45,전북,45113,24000,방송통신시설,21-50대,128
43,충북,43720,15000,숙박시설,11-20대,128
26,부산,26170,Z6000,판매및영업시설,10대 이하,0
28,인천,28237,10000,교육연구시설,11-20대,173
45,전북,45210,03000,제1종근린생활시설,51-100대,667
44,충남,44200,22000,분뇨.쓰레기처리시설,10대 이하,50
51,강원,51780,01000,단독주택,21-50대,115
41,경기,41171,23000,교정및군사시설,100대 이상,7496
48,경남,48123,,,10대 이하,14
26,부산,26290,08000,운수시설,51-100대,90
31,울산,31140,27000,관광휴게시설,100대 이상,284
41,경기,41630,04000,제2종근린생활시설,10대 이하,7878
51,강원,51800,11000,노유자시설,11-20대,28
41,경기,41570,17000,공장,100대 이상,11785
45,전북,45180,17000,공장,51-100대,1763
41,경기,41131,10000,교육연구시설,11-20대,38
43,충북,43111,25000,발전시설,10대 이하,0
41,경기,41370,03000,제1종근린생활시설,21-50대,1557
46,전남,46810,11000,노유자시설,21-50대,47
41,경기,41500,14000,업무시설,51-100대,1133
48,경남,48310,24000,방송통신시설,51-100대,71
47,경북,47280,30000,자원순환관련시설,10대 이하,5
46,전남,46830,10000,교육연구시설,21-50대,152
45,전북,45740,31000,야영장시설,100대 이상,196
48,경남,48860,05000,문화및집회시설,100대 이상,232
36,세종,36110,15000,숙박시설,10대 이하,157
41,경기,41610,31000,야영장시설,11-20대,27
46,전남,46150,07000,판매시설,100대 이상,6298
11,서울,11440,09000,의료시설,21-50대,167
26,부산,26470,03000,제1종근린생활시설,100대 이상,161
44,충남,44210,12000,수련시설,21-50대,28
41,경기,41113,Z3000,근린생활시설,21-50대,26
41,경기,41670,24000,방송통신시설,11-20대,74
46,전남,46910,11000,노유자시설,11-20대,18
48,경남,48170,03000,제1종근린생활시설,21-50대,1383
48,경남,48890,22000,분뇨.쓰레기처리시설,11-20대,31
41,경기,41281,19000,위험물저장및처리시설,11-20대,101
41,경기,41117,14000,업무시설,11-20대,76
29,광주,29140,04020,노래연습장,10대 이하,0
48,경남,48890,02000,공동주택,10대 이하,286
47,경북,47230,,,11-20대,29
41,경기,41190,10000,교육연구시설,21-50대,2610
29,광주,29155,20000,자동차관련시설,21-50대,656
51,강원,51770,02000,공동주택,21-50대,254
45,전북,45790,18000,창고시설,21-50대,30
29,광주,29140,03000,제1종근린생활시설,11-20대,931
41,경기,41590,17000,공장,21-50대,18771
47,경북,47280,18000,창고시설,11-20대,24
44,충남,44790,12000,수련시설,10대 이하,13
44,충남,44210,11000,노유자시설,10대 이하,204
41,경기,41370,Z3000,근린생활시설,10대 이하,1
27,대구,27290,Z3000,근린생활시설,11-20대,157
31,울산,31170,,,11-20대,54
43,충북,43111,15000,숙박시설,100대 이상,294
51,강원,51110,03000,제1종근린생활시설,51-100대,589
36,세종,36110,04000,제2종근린생활시설,51-100대,2364
11,서울,11350,Z3000,근린생활시설,10대 이하,96
45,전북,45210,19000,위험물저장및처리시설,11-20대,18
27,대구,27230,Z3000,근린생활시설,11-20대,13
47,경북,47750,13000,운동시설,10대 이하,15
43,충북,43770,17000,공장,51-100대,3621
44,충남,44825,06000,종교시설,10대 이하,60
46,전남,46880,13000,운동시설,21-50대,29
11,서울,11410,11000,노유자시설,21-50대,65
28,인천,28237,05000,문화및집회시설,21-50대,94
45,전북,45111,,,21-50대,133
45,전북,45800,27000,관광휴게시설,10대 이하,4
44,충남,44790,26000,묘지관련시설,11-20대,15
36,세종,36110,23000,교정및군사시설,10대 이하,43
44,충남,44180,Z8000,교육연구및복지시설,11-20대,29
11,서울,11440,02000,공동주택,10대 이하,16281
44,충남,44810,29000,장례시설,10대 이하,6
47,경북,47280,,,10대 이하,21
48,경남,48129,04000,제2종근린생활시설,11-20대,511
46,전남,46860,13000,운동시설,100대 이상,1803
41,경기,41480,15000,숙박시설,51-100대,275
11,서울,11545,04000,제2종근린생활시설,11-20대,604
51,강원,51170,07000,판매시설,11-20대,24
26,부산,26290,03000,제1종근린생활시설,10대 이하,797
41,경기,41220,30000,자원순환관련시설,100대 이상,1293
47,경북,47770,05000,문화및집회시설,51-100대,51
43,충북,43130,17000,공장,21-50대,4085
51,강원,51110,12000,수련시설,10대 이하,3
46,전남,46130,04000,제2종근린생활시설,100대 이상,850
11,서울,11350,14000,업무시설,11-20대,218
43,충북,43113,16000,위락시설,51-100대,55
41,경기,41281,,,10대 이하,33
11,서울,11440,16000,위락시설,10대 이하,0
41,경기,41650,15000,숙박시설,10대 이하,389
41,경기,41150,12000,수련시설,10대 이하,17
44,충남,44825,04000,제2종근린생활시설,21-50대,62
44,충남,44200,,,21-50대,64
48,경남,48820,19000,위험물저장및처리시설,10대 이하,27
30,대전,30170,Z5000,문화및집회시설,10대 이하,4
47,경북,47150,05000,문화및집회시설,51-100대,61
48,경남,48121,03000,제1종근린생활시설,51-100대,878
47,경북,47290,Z8000,교육연구및복지시설,10대 이하,8
48,경남,48250,09000,의료시설,11-20대,266
48,경남,48250,12000,수련시설,10대 이하,6
41,경기,41171,01000,단독주택,11-20대,49
26,부산,26530,07000,판매시설,100대 이상,8623
44,충남,44800,20000,자동차관련시설,51-100대,118
44,충남,44200,03000,제1종근린생활시설,10대 이하,3728
51,강원,51230,24000,방송통신시설,51-100대,81
26,부산,26200,03000,제1종근린생활시설,21-50대,293
50,제주,50130,14000,업무시설,51-100대,1531
41,경기,41630,02000,공동주택,21-50대,3989
11,서울,11320,27000,관광휴게시설,10대 이하,9
47,경북,47730,09000,의료시설,10대 이하,26
47,경북,47830,17000,공장,10대 이하,3205
51,강원,51820,21000,동물및식물관련시설,10대 이하,36
45,전북,45180,31000,야영장시설,11-20대,15
41,경기,41290,07000,판매시설,51-100대,55
48,경남,48850,,,10대 이하,8
47,경북,47130,02000,공동주택,11-20대,1843
45,전북,45190,10000,교육연구시설,10대 이하,75
41,경기,41610,11000,노유자시설,11-20대,147
41,경기,41220,30000,자원순환관련시설,21-50대,220
41,경기,41250,06000,종교시설,21-50대,82
11,서울,11410,05000,문화및집회시설,51-100대,276
41,경기,41610,20000,자동차관련시설,51-100대,285
41,경기,41670,08000,운수시설,21-50대,80
11,서울,11560,13000,운동시설,21-50대,98
44,충남,44790,12000,수련시설,51-100대,82
26,부산,26530,,,51-100대,52
41,경기,41190,Z9000,공공용시설,100대 이상,103
46,전남,46230,24000,방송통신시설,51-100대,55
46,전남,46780,15000,숙박시설,51-100대,139
41,경기,41287,30000,자원순환관련시설,10대 이하,11
46,전남,46840,04000,제2종근린생활시설,100대 이상,271
41,경기,41461,04000,제2종근린생활시설,51-100대,1263
46,전남,46150,17000,공장,100대 이상,5621
43,충북,43720,10000,교육연구시설,51-100대,51
47,경북,47111,06000,종교시설,51-100대,78
28,인천,28710,26000,묘지관련시설,10대 이하,1
47,경북,47210,09000,의료시설,11-20대,36
46,전남,46110,20000,자동차관련시설,51-100대,387
41,경기,41115,10000,교육연구시설,21-50대,669
28,인천,28185,06000,종교시설,21-50대,266
46,전남,46150,26000,묘지관련시설,10대 이하,0
47,경북,47111,07000,판매시설,100대 이상,9821
29,광주,29200,25000,발전시설,10대 이하,1
41,경기,41570,07000,판매시설,10대 이하,8
28,인천,28260,08000,운수시설,51-100대,201
48,경남,48720,04000,제2종근린생활시설,21-50대,50
11,서울,11560,11000,노유자시설,100대 이상,742
47,경북,47830,27000,관광휴게시설,21-50대,129
51,강원,51170,07000,판매시설,51-100대,224
36,세종,36110,06000,종교시설,21-50대,672
45,전북,45750,01000,단독주택,10대 이하,726
29,광주,29110,04000,제2종근린생활시설,11-20대,435
50,제주,50110,18000,창고시설,11-20대,776
31,울산,31110,05000,문화및집회시설,51-100대,359
44,충남,44790,02000,공동주택,100대 이상,1107
46,전남,46880,31000,야영장시설,10대 이하,3
26,부산,26260,11000,노유자시설,21-50대,25
41,경기,41115,24000,방송통신시설,51-100대,65
41,경기,41630,05000,문화및집회시설,51-100대,76
47,경북,47920,Z5000,문화및집회시설,11-20대,20
47,경북,47850,04000,제2종근린생활시설,10대 이하,6444
44,충남,44150,16000,위락시설,10대 이하,30
11,서울,11545,Z3000,근린생활시설,11-20대,31
26,부산,26440,15000,숙박시설,100대 이상,179
45,전북,45800,19000,위험물저장및처리시설,11-20대,14
11,서울,11620,22000,분뇨.쓰레기처리시설,10대 이하,0
26,부산,26290,08000,운수시설,21-50대,22
27,대구,27720,10000,교육연구시설,11-20대,164
29,광주,29140,04200,종교집회장,10대 이하,5
46,전남,46770,03000,제1종근린생활시설,10대 이하,607
43,충북,43112,10000,교육연구시설,10대 이하,231
31,울산,31170,,,10대 이하,22
41,경기,41500,Z8000,교육연구및복지시설,100대 이상,112
41,경기,41113,,,11-20대,58
29,광주,29200,20000,자동차관련시설,100대 이상,4604
48,경남,48240,13000,운동시설,10대 이하,113
51,강원,51130,09000,의료시설,51-100대,312
41,경기,41190,,,11-20대,55
28,인천,28110,02000,공동주택,11-20대,1035
51,강원,51130,11000,노유자시설,100대 이상,116
11,서울,11320,20000,자동차관련시설,100대 이상,2174
41,경기,41273,05000,문화및집회시설,11-20대,13
27,대구,27260,13000,운동시설,51-100대,295
47,경북,47190,27000,관광휴게시설,10대 이하,2
41,경기,41131,27000,관광휴게시설,10대 이하,0
30,대전,30170,15000,숙박시설,100대 이상,154
45,전북,45140,08000,운수시설,51-100대,59
26,부산,26230,20000,자동차관련시설,51-100대,562
43,충북,43740,24000,방송통신시설,10대 이하,0
26,부산,26320,Z3000,근린생활시설,10대 이하,0
11,서울,11740,07000,판매시설,21-50대,21
44,충남,44250,23000,교정및군사시설,10대 이하,5
46,전남,46170,06000,종교시설,11-20대,101
48,경남,48121,24000,방송통신시설,10대 이하,0
29,광주,29170,26000,묘지관련시설,21-50대,44
11,서울,11230,,,100대 이상,834
27,대구,27720,31000,야영장시설,21-50대,44
51,강원,51720,17000,공장,11-20대,538
45,전북,45113,20000,자동차관련시설,11-20대,231
46,전남,46230,08000,운수시설,10대 이하,35
41,경기,41287,20000,자동차관련시설,21-50대,327
41,경기,41271,15000,숙박시설,100대 이상,326
44,충남,44150,22000,분뇨.쓰레기처리시설,10대 이하,46
11,서울,11590,14000,업무시설,10대 이하,109
41,경기,41465,04000,제2종근린생활시설,21-50대,1265
41,경기,41360,17000,공장,10대 이하,5131
45,전북,45130,08000,운수시설,11-20대,20
51,강원,51750,18000,창고시설,10대 이하,312
47,경북,47210,11000,노유자시설,10대 이하,130
11,서울,11215,11000,노유자시설,100대 이상,724
51,강원,51130,13000,운동시설,11-20대,94
41,경기,41610,08000,운수시설,100대 이상,162
46,전남,46820,05000,문화및집회시설,21-50대,69
51,강원,51150,06000,종교시설,10대 이하,217
11,서울,11500,10000,교육연구시설,51-100대,4274
47,경북,47170,05000,문화및집회시설,11-20대,111
11,서울,11710,01000,단독주택,10대 이하,10478
27,대구,27290,17000,공장,11-20대,4550
41,경기,41281,02000,공동주택,51-100대,2696
43,충북,43111,27000,관광휴게시설,10대 이하,5
51,강원,51170,27000,관광휴게시설,10대 이하,7
51,강원,51810,09000,의료시설,10대 이하,19
48,경남,48740,14000,업무시설,21-50대,312
26,부산,26350,18000,창고시설,11-20대,16
36,세종,36110,19000,위험물저장및처리시설,51-100대,161
43,충북,43720,02000,공동주택,10대 이하,167
41,경기,41290,04000,제2종근린생활시설,51-100대,60
41,경기,41430,17000,공장,10대 이하,490
26,부산,26320,19000,위험물저장및처리시설,10대 이하,54
48,경남,48170,,,10대 이하,21
43,충북,43800,13000,운동시설,10대 이하,12
11,서울,11200,10000,교육연구시설,21-50대,553
48,경남,48270,07000,판매시설,21-50대,180
45,전북,45710,13000,운동시설,10대 이하,31
51,강원,51190,01000,단독주택,11-20대,55
11,서울,11740,14000,업무시설,100대 이상,6507
31,울산,31200,06000,종교시설,11-20대,79
11,서울,11140,04000,제2종근린생활시설,51-100대,202
11,서울,11350,06000,종교시설,51-100대,141
44,충남,44810,05000,문화및집회시설,21-50대,63
11,서울,11560,06000,종교시설,21-50대,335
11,서울,11140,06000,종교시설,21-50대,303
45,전북,45770,04000,제2종근린생활시설,21-50대,74
47,경북,47170,24000,방송통신시설,11-20대,14
41,경기,41570,,,21-50대,47
26,부산,26350,08000,운수시설,10대 이하,0
31,울산,31710,03000,제1종근린생활시설,10대 이하,3616
44,충남,44810,03000,제1종근린생활시설,21-50대,534
41,경기,41461,15000,숙박시설,11-20대,347
26,부산,26530,Z6000,판매및영업시설,100대 이상,247
30,대전,30140,02000,공동주택,11-20대,1644
41,경기,41281,11000,노유자시설,100대 이상,244
48,경남,48310,16000,위락시설,11-20대,15
47,경북,47190,13000,운동시설,21-50대,231
27,대구,27720,14000,업무시설,21-50대,216
36,세종,36110,18000,창고시설,51-100대,248
51,강원,51230,22000,분뇨.쓰레기처리시설,10대 이하,14
48,경남,48890,31000,야영장시설,100대 이상,114
45,전북,45770,01000,단독주택,10대 이하,1282
11,서울,11380,13000,운동시설,51-100대,177
47,경북,47290,05000,문화및집회시설,21-50대,65
30,대전,30110,17000,공장,10대 이하,397
48,경남,48125,06000,종교시설,51-100대,51
47,경북,47130,03000,제1종근린생활시설,11-20대,917
43,충북,43130,21000,동물및식물관련시설,51-100대,66
48,경남,48840,Z8000,교육연구및복지시설,21-50대,59
51,강원,51210,20000,자동차관련시설,10대 이하,43
26,부산,26380,08000,운수시설,21-50대,36
11,서울,11215,05000,문화및집회시설,100대 이상,3506
11,서울,11410,07000,판매시설,51-100대,181
27,대구,27110,16000,위락시설,11-20대,26
46,전남,46770,,,100대 이상,182
45,전북,45130,23000,교정및군사시설,51-100대,121
11,서울,11110,20000,자동차관련시설,10대 이하,11
41,경기,41113,15000,숙박시설,11-20대,246
51,강원,51770,01000,단독주택,10대 이하,3259
51,강원,51810,Z8000,교육연구및복지시설,10대 이하,17
30,대전,30110,07000,판매시설,10대 이하,7
41,경기,41500,12000,수련시설,11-20대,42
43,충북,43740,06000,종교시설,10대 이하,41
29,광주,29110,,,11-20대,18
11,서울,11740,10000,교육연구시설,100대 이상,657
44,충남,44760,02000,공동주택,100대 이상,4096
31,울산,31710,15000,숙박시설,11-20대,894
41,경기,41281,Z8000,교육연구및복지시설,11-20대,31
27,대구,27260,04000,제2종근린생활시설,10대 이하,5911
11,서울,11500,02000,공동주택,100대 이상,658992
51,강원,51150,03000,제1종근린생활시설,10대 이하,2587
30,대전,30200,20000,자동차관련시설,21-50대,621
46,전남,46110,22000,분뇨.쓰레기처리시설,10대 이하,2
11,서울,11380,Z8000,교육연구및복지시설,10대 이하,4
46,전남,46230,19000,위험물저장및처리시설,51-100대,77
46,전남,46790,12000,수련시설,51-100대,165
44,충남,44133,18000,창고시설,51-100대,402
48,경남,48129,07000,판매시설,11-20대,15
45,전북,45130,23000,교정및군사시설,100대 이상,312
26,부산,26710,05000,문화및집회시설,21-50대,70
29,광주,29140,22000,분뇨.쓰레기처리시설,11-20대,12
29,광주,29170,17000,공장,100대 이상,35481
45,전북,45740,13000,운동시설,11-20대,13
51,강원,51720,Z3000,근린생활시설,21-50대,60
46,전남,46230,10000,교육연구시설,21-50대,517
43,충북,43130,Z8000,교육연구및복지시설,10대 이하,0
26,부산,26230,05000,문화및집회시설,21-50대,60
41,경기,41135,22000,분뇨.쓰레기처리시설,11-20대,19
28,인천,28110,Z3000,근린생활시설,10대 이하,21
11,서울,11740,Z8000,교육연구및복지시설,100대 이상,319
11,서울,11470,20000,자동차관련시설,11-20대,12
48,경남,48127,09000,의료시설,11-20대,42
30,대전,30140,04000,제2종근린생활시설,10대 이하,3334
47,경북,47900,01000,단독주택,11-20대,490
47,경북,47210,03000,제1종근린생활시설,10대 이하,1549
51,강원,51150,12000,수련시설,21-50대,83
45,전북,45740,05000,문화및집회시설,100대 이상,534
31,울산,31140,17000,공장,100대 이상,443624
48,경남,48240,15000,숙박시설,21-50대,243
51,강원,51190,03000,제1종근린생활시설,21-50대,153
45,전북,45190,20000,자동차관련시설,21-50대,91
48,경남,48121,Z6000,판매및영업시설,10대 이하,0
48,경남,48870,09000,의료시설,10대 이하,0
46,전남,46830,03000,제1종근린생활시설,10대 이하,674
41,경기,41830,19000,위험물저장및처리시설,10대 이하,63
41,경기,41133,14000,업무시설,51-100대,934
27,대구,27710,23000,교정및군사시설,10대 이하,0
28,인천,28245,14000,업무시설,11-20대,247
26,부산,26530,11000,노유자시설,10대 이하,74
46,전남,46910,11000,노유자시설,21-50대,24
28,인천,28245,18000,창고시설,10대 이하,51
46,전남,46870,20000,자동차관련시설,10대 이하,20
41,경기,41115,24000,방송통신시설,100대 이상,817
48,경남,48330,16000,위락시설,11-20대,62
11,서울,11260,19000,위험물저장및처리시설,21-50대,28
44,충남,44150,19000,위험물저장및처리시설,100대 이상,790
41,경기,41550,20000,자동차관련시설,100대 이상,2241
27,대구,27170,04000,제2종근린생활시설,100대 이상,107
44,충남,44810,14000,업무시설,11-20대,161
26,부산,26170,11000,노유자시설,10대 이하,37
47,경북,47760,13000,운동시설,21-50대,30
45,전북,45190,06000,종교시설,11-20대,49
30,대전,30110,18000,창고시설,21-50대,56
46,전남,46730,15000,숙박시설,100대 이상,342
47,경북,47230,03000,제1종근린생활시설,21-50대,578
31,울산,31200,04000,제2종근린생활시설,11-20대,641
41,경기,41273,Z3000,근린생활시설,10대 이하,21
31,울산,31710,05000,문화및집회시설,10대 이하,18
45,전북,45180,02000,공동주택,11-20대,148
11,서울,11215,14000,업무시설,51-100대,1930
41,경기,41310,10000,교육연구시설,21-50대,725
48,경남,48890,03000,제1종근린생활시설,21-50대,430
26,부산,26320,15000,숙박시설,10대 이하,194
45,전북,45113,02000,공동주택,21-50대,732
41,경기,41590,30000,자원순환관련시설,51-100대,358
51,강원,51230,11000,노유자시설,11-20대,55
11,서울,11590,26000,묘지관련시설,10대 이하,2
51,강원,51130,14000,업무시설,100대 이상,13615
41,경기,41670,02000,공동주택,51-100대,1409
46,전남,46790,17000,공장,21-50대,883
48,경남,48121,17000,공장,51-100대,661
45,전북,45740,17000,공장,21-50대,824
41,경기,41190,Z8000,교육연구및복지시설,11-20대,12
41,경기,41173,09000,의료시설,51-100대,159
47,경북,47820,06000,종교시설,10대 이하,40
51,강원,51810,Z5000,문화및집회시설,21-50대,34
46,전남,46820,13000,운동시설,100대 이상,2210
29,광주,29140,04000,제2종근린생활시설,10대 이하,5417
51,강원,51810,Z9000,공공용시설,100대 이상,307
47,경북,47130,09000,의료시설,11-20대,81
28,인천,28260,15000,숙박시설,11-20대,258
45,전북,45730,16000,위락시설,10대 이하,0
44,충남,44270,14000,업무시설,11-20대,244
46,전남,46910,22000,분뇨.쓰레기처리시설,11-20대,63
48,경남,48740,15000,숙박시설,21-50대,291
51,강원,51230,17000,공장,10대 이하,148
30,대전,30170,07000,판매시설,51-100대,224
43,충북,43745,,,100대 이상,559
27,대구,27170,15000,숙박시설,10대 이하,172
48,경남,48850,13000,운동시설,100대 이상,312
51,강원,51210,02000,공동주택,21-50대,153
27,대구,27260,20000,자동차관련시설,10대 이하,54
48,경남,48129,03000,제1종근린생활시설,11-20대,619
28,인천,28710,03103,파출소,10대 이하,0
27,대구,27720,31000,야영장시설,10대 이하,1
28,인천,28177,04000,제2종근린생활시설,11-20대,680
43,충북,43111,03000,제1종근린생활시설,51-100대,224
51,강원,51750,27000,관광휴게시설,10대 이하,30
46,전남,46730,05000,문화및집회시설,11-20대,33
45,전북,45740,07000,판매시설,11-20대,27
26,부산,26290,05000,문화및집회시설,51-100대,135
46,전남,46150,18000,창고시설,10대 이하,408
51,강원,51830,05000,문화및집회시설,10대 이하,23
43,충북,43800,07000,판매시설,10대 이하,6
47,경북,47190,Z8000,교육연구및복지시설,10대 이하,11
48,경남,48125,Z3000,근린생활시설,10대 이하,9
44,충남,44210,24000,방송통신시설,10대 이하,3
47,경북,47280,30000,자원순환관련시설,51-100대,99
11,서울,11440,20000,자동차관련시설,51-100대,634
11,서울,11440,09000,의료시설,51-100대,78
29,광주,29170,,,21-50대,276
41,경기,41465,10000,교육연구시설,51-100대,1501
47,경북,47730,02000,공동주택,51-100대,415
44,충남,44150,27000,관광휴게시설,11-20대,18
48,경남,48720,04000,제2종근린생활시설,100대 이상,148
47,경북,47830,05000,문화및집회시설,21-50대,108
41,경기,41190,13000,운동시설,51-100대,220
41,경기,41570,24000,방송통신시설,51-100대,57
46,전남,46800,22000,분뇨.쓰레기처리시설,11-20대,52
45,전북,45140,17000,공장,11-20대,1635
48,경남,48220,14000,업무시설,10대 이하,98
43,충북,43130,Z3000,근린생활시설,10대 이하,8
51,강원,51110,27000,관광휴게시설,21-50대,92
26,부산,26230,14000,업무시설,10대 이하,447
28,인천,28260,19000,위험물저장및처리시설,11-20대,124
41,경기,41310,04000,제2종근린생활시설,11-20대,727
26,부산,26140,14000,업무시설,51-100대,645
47,경북,47820,20000,자동차관련시설,11-20대,12
29,광주,29140,,,10대 이하,36
41,경기,41131,05000,문화및집회시설,100대 이상,131
31,울산,31200,03000,제1종근린생활시설,11-20대,655
26,부산,26140,01000,단독주택,21-50대,30
43,충북,43114,20000,자동차관련시설,51-100대,455
44,충남,44790,,,10대 이하,4
48,경남,48720,10000,교육연구시설,21-50대,31
51,강원,51210,Z3000,근린생활시설,21-50대,22
46,전남,46770,09000,의료시설,100대 이상,164
11,서울,11560,Z3000,근린생활시설,51-100대,163
31,울산,31710,22000,분뇨.쓰레기처리시설,10대 이하,141
47,경북,47930,10000,교육연구시설,100대 이상,371
48,경남,48870,Z3000,근린생활시설,10대 이하,0
45,전북,45730,06000,종교시설,10대 이하,45
47,경북,47113,20000,자동차관련시설,21-50대,243
46,전남,46170,12000,수련시설,21-50대,45
44,충남,44270,15000,숙박시설,100대 이상,1387
28,인천,28245,03000,제1종근린생활시설,51-100대,212
43,충북,43760,24000,방송통신시설,10대 이하,0
48,경남,48250,09000,의료시설,100대 이상,597
26,부산,26260,,,21-50대,47
46,전남,46150,Z8000,교육연구및복지시설,21-50대,76
27,대구,27290,Z6000,판매및영업시설,100대 이상,109
28,인천,28200,09000,의료시설,10대 이하,42
50,제주,50130,05000,문화및집회시설,51-100대,2000
48,경남,48250,24000,방송통신시설,10대 이하,7
30,대전,30170,,,10대 이하,9
27,대구,27230,30000,자원순환관련시설,100대 이상,341
29,광주,29155,09000,의료시설,51-100대,946
48,경남,48250,06000,종교시설,21-50대,484
41,경기,41113,12000,수련시설,21-50대,23
43,충북,43720,13000,운동시설,11-20대,13
51,강원,51150,11000,노유자시설,100대 이상,161
41,경기,41465,01000,단독주택,10대 이하,9260
41,경기,41590,21000,동물및식물관련시설,11-20대,321
44,충남,44180,,,100대 이상,2599
26,부산,26170,10000,교육연구시설,10대 이하,44
44,충남,44210,10000,교육연구시설,51-100대,256
48,경남,48250,18000,창고시설,21-50대,457
41,경기,41131,18000,창고시설,51-100대,51
11,서울,11740,13000,운동시설,100대 이상,111
41,경기,41113,04000,제2종근린생활시설,10대 이하,5314
48,경남,48121,20000,자동차관련시설,11-20대,82
11,서울,11230,15000,숙박시설,11-20대,49
43,충북,43111,09000,의료시설,10대 이하,17
41,경기,41450,22000,분뇨.쓰레기처리시설,10대 이하,0
46,전남,46230,18000,창고시설,21-50대,895
41,경기,41210,24000,방송통신시설,10대 이하,0
11,서울,11350,14000,업무시설,100대 이상,1376
47,경북,47900,17000,공장,11-20대,100
44,충남,44133,27000,관광휴게시설,21-50대,21
45,전북,45800,08000,운수시설,11-20대,18
43,충북,43770,08000,운수시설,21-50대,95
41,경기,41150,05000,문화및집회시설,10대 이하,79
43,충북,43112,20000,자동차관련시설,11-20대,158
44,충남,44770,21000,동물및식물관련시설,10대 이하,2
11,서울,11740,Z3000,근린생활시설,21-50대,21
41,경기,41171,13000,운동시설,11-20대,16
46,전남,46860,10000,교육연구시설,51-100대,190
11,서울,11215,14000,업무시설,100대 이상,4446
11,서울,11740,05000,문화및집회시설,11-20대,15
26,부산,26470,05000,문화및집회시설,11-20대,16
43,충북,43770,14000,업무시설,11-20대,157
48,경남,48220,09000,의료시설,21-50대,172
41,경기,41117,,,11-20대,12
11,서울,11200,Z6000,판매및영업시설,10대 이하,0
48,경남,48121,Z3000,근린생활시설,21-50대,33
11,서울,11680,19000,위험물저장및처리시설,11-20대,27
26,부산,26260,04000,제2종근린생활시설,51-100대,104
48,경남,48840,15000,숙박시설,51-100대,56
45,전북,45210,09000,의료시설,21-50대,94
27,대구,27140,Z5000,문화및집회시설,11-20대,14
46,전남,46110,11000,노유자시설,10대 이하,307
47,경북,47290,18000,창고시설,51-100대,238
11,서울,11410,14000,업무시설,100대 이상,4487
41,경기,41360,09000,의료시설,51-100대,577
11,서울,11410,10000,교육연구시설,100대 이상,10551
46,전남,46780,17000,공장,11-20대,98
44,충남,44133,03000,제1종근린생활시설,21-50대,3557
45,전북,45210,20000,자동차관련시설,11-20대,55
45,전북,45770,02000,공동주택,10대 이하,49
47,경북,47210,14000,업무시설,21-50대,606
51,강원,51110,03000,제1종근린생활시설,100대 이상,111
27,대구,27170,25000,발전시설,100대 이상,264
41,경기,41131,04000,제2종근린생활시설,11-20대,586
41,경기,41550,,,11-20대,30
41,경기,41630,05000,문화및집회시설,21-50대,113
45,전북,45800,05000,문화및집회시설,11-20대,16
44,충남,44810,,,100대 이상,678
48,경남,48270,17000,공장,10대 이하,820
48,경남,48310,09000,의료시설,100대 이상,2524
46,전남,46830,13000,운동시설,10대 이하,35
31,울산,31110,02000,공동주택,21-50대,2936
46,전남,46710,19000,위험물저장및처리시설,10대 이하,55
11,서울,11290,01000,단독주택,21-50대,81
51,강원,51820,20000,자동차관련시설,10대 이하,27
28,인천,28140,07000,판매시설,100대 이상,5462
41,경기,41135,16000,위락시설,11-20대,19
11,서울,11410,15000,숙박시설,21-50대,24
43,충북,43740,Z3000,근린생활시설,10대 이하,0
47,경북,47830,09000,의료시설,10대 이하,21
51,강원,51230,Z8000,교육연구및복지시설,21-50대,40
47,경북,47900,Z3000,근린생활시설,10대 이하,0
51,강원,51750,09000,의료시설,11-20대,28
41,경기,41410,10000,교육연구시설,11-20대,198
11,서울,11230,19000,위험물저장및처리시설,11-20대,14
47,경북,47111,,,21-50대,152
51,강원,51830,13000,운동시설,11-20대,19
26,부산,26110,16000,위락시설,10대 이하,7
44,충남,44133,10000,교육연구시설,10대 이하,236
45,전북,45180,06000,종교시설,10대 이하,251
48,경남,48880,10000,교육연구시설,21-50대,373
11,서울,11545,07000,판매시설,10대 이하,2
44,충남,44760,21000,동물및식물관련시설,100대 이상,144
28,인천,28245,02000,공동주택,100대 이상,99173
43,충북,43113,13000,운동시설,51-100대,276
51,강원,51770,13000,운동시설,11-20대,41
29,광주,29155,30000,자원순환관련시설,10대 이하,0
43,충북,43800,12000,수련시설,51-100대,91
43,충북,43114,Z8000,교육연구및복지시설,10대 이하,0
41,경기,41131,Z3000,근린생활시설,10대 이하,0
11,서울,11590,17000,공장,11-20대,19
41,경기,41273,02000,공동주택,51-100대,433
51,강원,51130,30000,자원순환관련시설,10대 이하,68
41,경기,41171,14000,업무시설,11-20대,258
47,경북,47290,19000,위험물저장및처리시설,11-20대,51
27,대구,27200,06000,종교시설,51-100대,55
41,경기,41220,19000,위험물저장및처리시설,11-20대,259
11,서울,11140,10000,교육연구시설,11-20대,150
28,인천,28177,15000,숙박시설,100대 이상,260
29,광주,29155,07201,상점(소매점),10대 이하,0
45,전북,45113,08000,운수시설,21-50대,552
51,강원,51110,17000,공장,10대 이하,728
28,인천,28170,Z3000,근린생활시설,10대 이하,0
48,경남,48240,18000,창고시설,21-50대,371
46,전남,46900,21000,동물및식물관련시설,10대 이하,24
27,대구,27230,13000,운동시설,51-100대,412
11,서울,11380,03000,제1종근린생활시설,51-100대,367
11,서울,11680,15000,숙박시설,10대 이하,369
51,강원,51210,17000,공장,21-50대,239
27,대구,27230,19000,위험물저장및처리시설,51-100대,89
27,대구,27230,06000,종교시설,100대 이상,334
47,경북,47190,12000,수련시설,10대 이하,3
47,경북,47920,17000,공장,100대 이상,1654
11,서울,11200,Z3000,근린생활시설,11-20대,13
41,경기,41820,03000,제1종근린생활시설,21-50대,301
44,충남,44230,,,100대 이상,163
45,전북,45770,27000,관광휴게시설,10대 이하,0
47,경북,47150,22000,분뇨.쓰레기처리시설,51-100대,60
43,충북,43750,17000,공장,10대 이하,2592
41,경기,41220,21000,동물및식물관련시설,10대 이하,287
51,강원,51760,02000,공동주택,100대 이상,8207
30,대전,30110,,,11-20대,139
44,충남,44150,11000,노유자시설,21-50대,89
43,충북,43113,14000,업무시설,10대 이하,394
44,충남,44825,Z8000,교육연구및복지시설,10대 이하,0
47,경북,47930,09000,의료시설,51-100대,62
26,부산,26350,09000,의료시설,11-20대,39
11,서울,11530,07000,판매시설,10대 이하,0
46,전남,46230,13000,운동시설,11-20대,11
44,충남,44230,03000,제1종근린생활시설,100대 이상,447
31,울산,31110,15000,숙박시설,21-50대,122
26,부산,26290,10000,교육연구시설,51-100대,425
26,부산,26380,24000,방송통신시설,10대 이하,4
30,대전,30170,09000,의료시설,100대 이상,1310
11,서울,11680,01000,단독주택,11-20대,1130
43,충북,43130,13000,운동시설,100대 이상,15194
48,경남,48270,04010,학원,10대 이하,0
41,경기,41500,24000,방송통신시설,21-50대,163
50,제주,50130,09000,의료시설,100대 이상,850
28,인천,28140,08000,운수시설,51-100대,66
26,부산,26410,02000,공동주택,10대 이하,6808
11,서울,11410,13000,운동시설,51-100대,66
46,전남,46790,12000,수련시설,10대 이하,21
46,전남,46710,31000,야영장시설,10대 이하,0
29,광주,29140,13000,운동시설,51-100대,385
46,전남,46830,03000,제1종근린생활시설,100대 이상,854
41,경기,41480,Z6000,판매및영업시설,10대 이하,0
28,인천,28260,Z5000,문화및집회시설,10대 이하,8
31,울산,31710,21000,동물및식물관련시설,100대 이상,164
31,울산,31200,21000,동물및식물관련시설,11-20대,16
47,경북,47900,05000,문화및집회시설,10대 이하,3
28,인천,28185,,,11-20대,30
51,강원,51130,04000,제2종근린생활시설,100대 이상,1732
47,경북,47210,27000,관광휴게시설,51-100대,91
41,경기,41465,06000,종교시설,10대 이하,116
48,경남,48125,13000,운동시설,51-100대,400
47,경북,47280,14000,업무시설,11-20대,23
46,전남,46170,19000,위험물저장및처리시설,21-50대,65
45,전북,45113,20000,자동차관련시설,100대 이상,1864
51,강원,51760,04000,제2종근린생활시설,51-100대,85
29,광주,29140,04000,제2종근린생활시설,100대 이상,2007
51,강원,51770,17000,공장,100대 이상,103
41,경기,41630,10000,교육연구시설,100대 이상,3509
41,경기,41171,06000,종교시설,10대 이하,88
28,인천,28177,18000,창고시설,11-20대,30
47,경북,47940,17000,공장,10대 이하,44
41,경기,41410,04000,제2종근린생활시설,100대 이상,562
48,경남,48250,25000,발전시설,21-50대,38
48,경남,48220,12000,수련시설,51-100대,85
41,경기,41410,04000,제2종근린생활시설,10대 이하,1337
26,부산,26350,18000,창고시설,10대 이하,78
28,인천,28177,03000,제1종근린생활시설,100대 이상,5166
26,부산,26710,18000,창고시설,51-100대,70
46,전남,46860,11000,노유자시설,11-20대,61
41,경기,41820,22000,분뇨.쓰레기처리시설,10대 이하,17
28,인천,28185,05000,문화및집회시설,11-20대,62
27,대구,27260,24000,방송통신시설,100대 이상,114
28,인천,28710,04000,제2종근린생활시설,10대 이하,3948
43,충북,43740,Z5000,문화및집회시설,10대 이하,0
36,세종,36110,06000,종교시설,100대 이상,145
48,경남,48740,04000,제2종근린생활시설,11-20대,84
46,전남,46710,02000,공동주택,21-50대,483
41,경기,41430,13000,운동시설,10대 이하,43
30,대전,30110,19000,위험물저장및처리시설,10대 이하,72
28,인천,28110,06000,종교시설,100대 이상,235
28,인천,28260,08000,운수시설,10대 이하,7
26,부산,26380,03000,제1종근린생활시설,10대 이하,1133
43,충북,43720,21000,동물및식물관련시설,51-100대,77
43,충북,43114,22000,분뇨.쓰레기처리시설,10대 이하,38
41,경기,41250,06000,종교시설,10대 이하,113
26,부산,26470,17000,공장,10대 이하,16
48,경남,48730,20000,자동차관련시설,11-20대,60
27,대구,27290,22000,분뇨.쓰레기처리시설,10대 이하,13
41,경기,41220,21000,동물및식물관련시설,51-100대,60
41,경기,41220,14000,업무시설,10대 이하,183
44,충남,44825,33000,"국방,군사시설",10대 이하,0
46,전남,46780,02000,공동주택,21-50대,140
50,제주,50110,15000,숙박시설,100대 이상,23937
11,서울,11305,06000,종교시설,21-50대,600
47,경북,47830,06000,종교시설,10대 이하,55
48,경남,48240,14000,업무시설,21-50대,635
44,충남,44825,18000,창고시설,21-50대,40
26,부산,26170,,,10대 이하,4
11,서울,11680,15000,숙박시설,100대 이상,2497
46,전남,46810,22000,분뇨.쓰레기처리시설,51-100대,53
28,인천,28260,13000,운동시설,11-20대,65
26,부산,26410,04000,제2종근린생활시설,10대 이하,3177
41,경기,41271,15000,숙박시설,21-50대,186
41,경기,41820,13000,운동시설,51-100대,92
48,경남,48127,17000,공장,10대 이하,1338
46,전남,46230,06000,종교시설,10대 이하,176
41,경기,41610,23000,교정및군사시설,10대 이하,29
27,대구,27260,11000,노유자시설,21-50대,74
26,부산,26530,01000,단독주택,11-20대,53
51,강원,51190,02000,공동주택,11-20대,217
30,대전,30230,14000,업무시설,21-50대,365
27,대구,27230,13000,운동시설,21-50대,284
48,경남,48170,13000,운동시설,10대 이하,94
48,경남,48840,02000,공동주택,21-50대,697
41,경기,41650,17000,공장,100대 이상,2895
48,경남,48310,17000,공장,21-50대,576
41,경기,41570,05000,문화및집회시설,10대 이하,100
48,경남,48740,09000,의료시설,21-50대,218
26,부산,26530,03000,제1종근린생활시설,10대 이하,996
44,충남,44150,11000,노유자시설,10대 이하,87
31,울산,31200,08000,운수시설,100대 이상,2170
41,경기,41820,14000,업무시설,11-20대,80
41,경기,41630,15000,숙박시설,21-50대,204
41,경기,41113,07000,판매시설,51-100대,152
41,경기,41250,19000,위험물저장및처리시설,11-20대,19
41,경기,41500,05000,문화및집회시설,10대 이하,123
26,부산,26380,02000,공동주택,100대 이상,776259
45,전북,45113,09000,의료시설,11-20대,100
47,경북,47113,08000,운수시설,10대 이하,5
48,경남,48840,08000,운수시설,21-50대,43
48,경남,48240,15000,숙박시설,100대 이상,6229
44,충남,44133,20000,자동차관련시설,10대 이하,332
41,경기,41670,12000,수련시설,100대 이상,104
11,서울,11350,12000,수련시설,10대 이하,5
43,충북,43720,10000,교육연구시설,11-20대,65
44,충남,44200,05000,문화및집회시설,21-50대,71
26,부산,26530,18000,창고시설,21-50대,357
41,경기,41115,03000,제1종근린생활시설,11-20대,667
30,대전,30230,14000,업무시설,51-100대,124
41,경기,41465,07000,판매시설,10대 이하,6
28,인천,28110,20000,자동차관련시설,21-50대,159
26,부산,26110,07000,판매시설,21-50대,93
46,전남,46710,22000,분뇨.쓰레기처리시설,10대 이하,17
51,강원,51150,17000,공장,10대 이하,709
41,경기,41287,10000,교육연구시설,100대 이상,4960
41,경기,41390,,,100대 이상,192
51,강원,51780,33000,"국방,군사시설",10대 이하,0
48,경남,48730,18000,창고시설,21-50대,119
43,충북,43111,17000,공장,51-100대,174
45,전북,45800,27000,관광휴게시설,100대 이상,1136
46,전남,46800,02000,공동주택,11-20대,301
44,충남,44131,09000,의료시설,11-20대,36
41,경기,41360,08000,운수시설,11-20대,14
41,경기,41287,01000,단독주택,11-20대,114
51,강원,51800,27000,관광휴게시설,10대 이하,7
11,서울,11680,15000,숙박시설,21-50대,600
45,전북,45210,,,100대 이상,1686
46,전남,46890,01000,단독주택,11-20대,26
41,경기,41461,17000,공장,21-50대,4412
41,경기,41410,09000,의료시설,100대 이상,737
44,충남,44710,29000,장례시설,10대 이하,0
11,서울,11470,14000,업무시설,51-100대,1404
46,전남,46710,JY,,10대 이하,0
43,충북,43111,13000,운동시설,100대 이상,1711
41,경기,41281,18000,창고시설,10대 이하,231
51,강원,51110,Z5000,문화및집회시설,51-100대,65
48,경남,48250,10000,교육연구시설,11-20대,416
41,경기,41830,13000,운동시설,51-100대,286
47,경북,47111,01000,단독주택,11-20대,9813
26,부산,26440,21000,동물및식물관련시설,100대 이상,475
51,강원,51210,24000,방송통신시설,10대 이하,3
51,강원,51760,33000,"국방,군사시설",10대 이하,0
26,부산,26380,30000,자원순환관련시설,10대 이하,51
45,전북,45770,04000,제2종근린생활시설,10대 이하,389
47,경북,47250,Z8000,교육연구및복지시설,10대 이하,3
46,전남,46830,27000,관광휴게시설,10대 이하,2
48,경남,48330,08000,운수시설,10대 이하,0
46,전남,46720,15000,숙박시설,11-20대,17
41,경기,41271,10000,교육연구시설,21-50대,1431
48,경남,48250,21000,동물및식물관련시설,51-100대,260
46,전남,46170,22000,분뇨.쓰레기처리시설,100대 이상,147
41,경기,41210,11000,노유자시설,21-50대,47
47,경북,47250,12000,수련시설,51-100대,133
46,전남,46110,08000,운수시설,10대 이하,13
44,충남,44790,27000,관광휴게시설,100대 이상,480
41,경기,41820,27000,관광휴게시설,100대 이상,635
46,전남,46170,09000,의료시설,11-20대,13
48,경남,48129,,,11-20대,144
44,충남,44760,13000,운동시설,100대 이상,1538
26,부산,26710,13000,운동시설,10대 이하,7
41,경기,41113,Z8000,교육연구및복지시설,100대 이상,109
44,충남,44133,07000,판매시설,10대 이하,18
28,인천,28710,01001,단독주택,10대 이하,2
48,경남,48880,10000,교육연구시설,51-100대,297
46,전남,46230,07000,판매시설,100대 이상,4280
44,충남,44790,Z8000,교육연구및복지시설,10대 이하,0
28,인천,28177,09000,의료시설,21-50대,437
46,전남,46880,21000,동물및식물관련시설,11-20대,18
48,경남,48125,10000,교육연구시설,11-20대,116
11,서울,11350,10000,교육연구시설,51-100대,1397
51,강원,51830,25000,발전시설,21-50대,39
41,경기,41650,27000,관광휴게시설,10대 이하,6
47,경북,47940,12000,수련시설,10대 이하,9
27,대구,27260,25000,발전시설,10대 이하,0
28,인천,28140,18000,창고시설,51-100대,281
46,전남,46870,14000,업무시설,10대 이하,41
26,부산,26410,03000,제1종근린생활시설,11-20대,391
31,울산,31110,16000,위락시설,11-20대,15
43,충북,43112,01000,단독주택,10대 이하,14603
11,서울,11380,07000,판매시설,10대 이하,20
50,제주,50110,01000,단독주택,51-100대,229
41,경기,41290,04000,제2종근린생활시설,10대 이하,1451
44,충남,44180,31000,야영장시설,10대 이하,0
51,강원,51760,17000,공장,21-50대,144
44,충남,44131,17000,공장,10대 이하,2300
41,경기,41131,13000,운동시설,51-100대,89
48,경남,48850,20000,자동차관련시설,10대 이하,5
51,강원,51720,03000,제1종근린생활시설,11-20대,308
46,전남,46880,04000,제2종근린생활시설,51-100대,58
45,전북,45140,22000,분뇨.쓰레기처리시설,11-20대,56
51,강원,51830,18000,창고시설,51-100대,134
45,전북,45111,24000,방송통신시설,100대 이상,111
41,경기,41171,03000,제1종근린생활시설,11-20대,393
11,서울,11170,10000,교육연구시설,10대 이하,191
41,경기,41171,03000,제1종근린생활시설,21-50대,491
26,부산,26500,05000,문화및집회시설,10대 이하,21
41,경기,41173,05000,문화및집회시설,10대 이하,5
26,부산,26170,15000,숙박시설,100대 이상,1982
11,서울,11560,29000,장례시설,21-50대,32
46,전남,46820,30000,자원순환관련시설,21-50대,60
44,충남,44150,07000,판매시설,11-20대,32
45,전북,45180,06000,종교시설,21-50대,137
51,강원,51130,15000,숙박시설,100대 이상,1779
26,부산,26380,Z5000,문화및집회시설,21-50대,23
41,경기,41210,05000,문화및집회시설,51-100대,123
41,경기,41171,10000,교육연구시설,11-20대,132
11,서울,11290,14000,업무시설,51-100대,412
46,전남,46780,Z3000,근린생활시설,21-50대,24
28,인천,28245,04000,제2종근린생활시설,21-50대,1038
51,강원,51170,13000,운동시설,21-50대,138
48,경남,48220,06000,종교시설,21-50대,193
28,인천,28185,03000,제1종근린생활시설,11-20대,375
41,경기,41250,01000,단독주택,10대 이하,3465
51,강원,51130,21000,동물및식물관련시설,10대 이하,69
44,충남,44250,11000,노유자시설,11-20대,47
46,전남,46130,03000,제1종근린생활시설,21-50대,770
45,전북,45790,15000,숙박시설,11-20대,150
11,서울,11350,15000,숙박시설,10대 이하,54
26,부산,26710,02000,공동주택,51-100대,1236
48,경남,48240,04000,제2종근린생활시설,21-50대,267
48,경남,48270,07101,시장,10대 이하,0
46,전남,46770,15000,숙박시설,51-100대,153
47,경북,47760,17000,공장,10대 이하,68
28,인천,28237,17000,공장,11-20대,1223
41,경기,41310,02000,공동주택,21-50대,1259
46,전남,46730,11000,노유자시설,11-20대,61
30,대전,30200,24000,방송통신시설,51-100대,59
47,경북,47113,29000,장례시설,51-100대,60
48,경남,48125,27000,관광휴게시설,21-50대,26
48,경남,48860,12000,수련시설,11-20대,20
26,부산,26200,Z3000,근린생활시설,10대 이하,0
26,부산,26350,07000,판매시설,10대 이하,3
46,전남,46820,01000,단독주택,21-50대,102
51,강원,51190,14000,업무시설,10대 이하,17
45,전북,45740,11000,노유자시설,11-20대,19
44,충남,44810,09000,의료시설,21-50대,82
50,제주,50110,Z5000,문화및집회시설,10대 이하,33
46,전남,46870,07000,판매시설,51-100대,65
30,대전,30110,13000,운동시설,10대 이하,2
41,경기,41220,08000,운수시설,51-100대,156
48,경남,48880,17000,공장,10대 이하,444
27,대구,27170,20000,자동차관련시설,51-100대,96
48,경남,48170,03000,제1종근린생활시설,10대 이하,3377
28,인천,28720,03000,제1종근린생활시설,21-50대,157
44,충남,44150,20000,자동차관련시설,11-20대,27
45,전북,45740,18000,창고시설,10대 이하,137
45,전북,45800,18000,창고시설,10대 이하,263
48,경남,48330,02000,공동주택,11-20대,1448
43,충북,43720,11000,노유자시설,10대 이하,17
48,경남,48250,27000,관광휴게시설,21-50대,27
28,인천,28720,27000,관광휴게시설,10대 이하,3
41,경기,41131,17000,공장,100대 이상,3072
43,충북,43730,02000,공동주택,100대 이상,10173
26,부산,26530,02000,공동주택,11-20대,1225
48,경남,48121,10000,교육연구시설,21-50대,848
47,경북,47290,03000,제1종근린생활시설,100대 이상,2143
28,인천,28720,30000,자원순환관련시설,10대 이하,17
44,충남,44270,01000,단독주택,51-100대,80
26,부산,26320,19000,위험물저장및처리시설,21-50대,24
41,경기,41210,07000,판매시설,10대 이하,3
47,경북,47290,03101,동사무소,10대 이하,0
41,경기,41210,06000,종교시설,11-20대,265
41,경기,41800,02000,공동주택,100대 이상,13158
44,충남,44825,14000,업무시설,21-50대,295
45,전북,45130,13000,운동시설,100대 이상,3925
47,경북,47150,Z8000,교육연구및복지시설,10대 이하,8
44,충남,44133,18000,창고시설,10대 이하,832
46,전남,46900,30000,자원순환관련시설,11-20대,12
26,부산,26710,22000,분뇨.쓰레기처리시설,51-100대,60
47,경북,47290,06000,종교시설,21-50대,237
29,광주,29155,10000,교육연구시설,10대 이하,153
29,광주,29155,27000,관광휴게시설,10대 이하,0
30,대전,30140,16000,위락시설,10대 이하,4
28,인천,28185,15000,숙박시설,100대 이상,3022
11,서울,11230,20000,자동차관련시설,51-100대,427
28,인천,28710,04000,제2종근린생활시설,11-20대,750
41,경기,41250,05000,문화및집회시설,11-20대,42
28,인천,28710,02000,공동주택,51-100대,589
29,광주,29110,18000,창고시설,10대 이하,65
44,충남,44210,02000,공동주택,100대 이상,115463
44,충남,44230,09000,의료시설,51-100대,159
44,충남,44270,20000,자동차관련시설,11-20대,39
11,서울,11500,03000,제1종근린생활시설,21-50대,1418
31,울산,31200,25000,발전시설,10대 이하,3
46,전남,46710,13000,운동시설,100대 이상,1346
46,전남,46790,10000,교육연구시설,10대 이하,51
51,강원,51770,21000,동물및식물관련시설,21-50대,65
41,경기,41285,27000,관광휴게시설,10대 이하,3
46,전남,46910,07000,판매시설,10대 이하,16
41,경기,41410,01000,단독주택,11-20대,63
11,서울,11410,,,51-100대,95
46,전남,46870,03000,제1종근린생활시설,100대 이상,549
41,경기,41630,11000,노유자시설,21-50대,126
44,충남,44760,17000,공장,51-100대,162
44,충남,44150,05000,문화및집회시설,100대 이상,267
11,서울,11500,16000,위락시설,10대 이하,18
44,충남,44250,23000,교정및군사시설,51-100대,415
27,대구,27260,08000,운수시설,10대 이하,9
11,서울,11410,09000,의료시설,10대 이하,8
43,충북,43730,22000,분뇨.쓰레기처리시설,10대 이하,6
44,충남,44200,03000,제1종근린생활시설,11-20대,1439
44,충남,44790,01000,단독주택,21-50대,45
45,전북,45740,06000,종교시설,11-20대,32
47,경북,47230,26000,묘지관련시설,100대 이상,7416
11,서울,11140,14000,업무시설,21-50대,3503
41,경기,41310,07000,판매시설,21-50대,156
48,경남,48250,13000,운동시설,10대 이하,70
11,서울,11380,Z3000,근린생활시설,10대 이하,170
41,경기,41610,21000,동물및식물관련시설,11-20대,100
44,충남,44200,24000,방송통신시설,10대 이하,9
41,경기,41550,21000,동물및식물관련시설,10대 이하,148
47,경북,47280,08000,운수시설,10대 이하,3
11,서울,11740,15000,숙박시설,10대 이하,260
28,인천,28177,19000,위험물저장및처리시설,11-20대,16
51,강원,51150,10000,교육연구시설,51-100대,1179
11,서울,11305,02000,공동주택,10대 이하,20856
11,서울,11320,07000,판매시설,100대 이상,2272
27,대구,27200,14000,업무시설,21-50대,403
44,충남,44710,27000,관광휴게시설,51-100대,65
44,충남,44150,13000,운동시설,100대 이상,458
45,전북,45770,14000,업무시설,21-50대,231
47,경북,47830,05000,문화및집회시설,100대 이상,1799
51,강원,51810,05000,문화및집회시설,10대 이하,20
41,경기,41463,09000,의료시설,21-50대,282
44,충남,44133,19000,위험물저장및처리시설,51-100대,85
47,경북,47930,,,10대 이하,0
26,부산,26500,01000,단독주택,51-100대,72
50,제주,50130,04000,제2종근린생활시설,51-100대,921
51,강원,51130,17000,공장,100대 이상,13747
51,강원,51150,09000,의료시설,100대 이상,2991
26,부산,26260,03000,제1종근린생활시설,10대 이하,1201
48,경남,48730,24000,방송통신시설,10대 이하,0
48,경남,48890,05000,문화및집회시설,21-50대,116
51,강원,51130,03000,제1종근린생활시설,51-100대,1139
41,경기,41500,Z8000,교육연구및복지시설,51-100대,53
27,대구,27230,,,11-20대,37
41,경기,41430,,,11-20대,24
46,전남,46710,07000,판매시설,100대 이상,210
41,경기,41461,02000,공동주택,11-20대,4142
51,강원,51750,15000,숙박시설,100대 이상,1080
11,서울,11440,19000,위험물저장및처리시설,11-20대,14
48,경남,48170,06000,종교시설,11-20대,331
46,전남,46880,20000,자동차관련시설,10대 이하,28
51,강원,51730,13000,운동시설,51-100대,494
51,강원,51230,13000,운동시설,11-20대,25
43,충북,43800,06000,종교시설,10대 이하,75
51,강원,51750,21000,동물및식물관련시설,21-50대,73
11,서울,11140,11000,노유자시설,21-50대,33
43,충북,43760,07000,판매시설,10대 이하,0
44,충남,44230,29000,장례시설,10대 이하,9
26,부산,26200,07000,판매시설,11-20대,48
26,부산,26230,08000,운수시설,51-100대,62
48,경남,48170,04000,제2종근린생활시설,21-50대,477
46,전남,46730,14000,업무시설,11-20대,30
47,경북,47130,04000,제2종근린생활시설,10대 이하,5426
46,전남,46860,20000,자동차관련시설,10대 이하,30
11,서울,11290,09000,의료시설,21-50대,339
51,강원,51170,09000,의료시설,10대 이하,0
26,부산,26170,04000,제2종근린생활시설,51-100대,228
29,광주,29200,04000,제2종근린생활시설,100대 이상,633
48,경남,48123,05000,문화및집회시설,21-50대,39
47,경북,47920,22000,분뇨.쓰레기처리시설,10대 이하,3
41,경기,41450,11000,노유자시설,21-50대,52
50,제주,50130,Z8000,교육연구및복지시설,11-20대,12
11,서울,11410,04000,제2종근린생활시설,100대 이상,110
48,경남,48123,04000,제2종근린생활시설,21-50대,1818
45,전북,45180,05000,문화및집회시설,21-50대,294
51,강원,51230,07000,판매시설,100대 이상,436
51,강원,51800,19000,위험물저장및처리시설,10대 이하,2
26,부산,26500,07000,판매시설,51-100대,110
27,대구,27140,24000,방송통신시설,21-50대,62
26,부산,26710,26000,묘지관련시설,10대 이하,6
28,인천,28260,16000,위락시설,10대 이하,6
41,경기,41630,20000,자동차관련시설,100대 이상,1653
48,경남,48840,09000,의료시설,21-50대,68
46,전남,46820,13000,운동시설,51-100대,98
51,강원,51190,09000,의료시설,100대 이상,322
46,전남,46710,09000,의료시설,11-20대,15
11,서울,11320,16000,위락시설,51-100대,62
43,충북,43720,08000,운수시설,11-20대,12
48,경남,48860,15000,숙박시설,10대 이하,171
47,경북,47920,03000,제1종근린생활시설,11-20대,121
41,경기,41800,05000,문화및집회시설,11-20대,24
27,대구,27290,15000,숙박시설,21-50대,376
26,부산,26290,02000,공동주택,11-20대,3205
46,전남,46230,08000,운수시설,21-50대,179
28,인천,28710,15000,숙박시설,10대 이하,495
45,전북,45740,30000,자원순환관련시설,11-20대,16
29,광주,29200,,,11-20대,78
47,경북,47290,Z9000,공공용시설,100대 이상,107
44,충남,44770,13000,운동시설,10대 이하,9
41,경기,41390,30000,자원순환관련시설,11-20대,18
29,광주,29170,Z6000,판매및영업시설,10대 이하,1
28,인천,28260,04000,제2종근린생활시설,21-50대,2518
44,충남,44790,03000,제1종근린생활시설,11-20대,277
48,경남,48840,14000,업무시설,11-20대,104
41,경기,41590,15000,숙박시설,21-50대,873
41,경기,41390,05000,문화및집회시설,10대 이하,17
26,부산,26110,15000,숙박시설,10대 이하,157
48,경남,48123,14000,업무시설,51-100대,1712
11,서울,11560,27000,관광휴게시설,10대 이하,0
48,경남,48123,16000,위락시설,21-50대,565
48,경남,48129,03007,마을공동시설,10대 이하,0
41,경기,41220,33000,"국방,군사시설",10대 이하,0
50,제주,50130,Z3000,근린생활시설,10대 이하,0
41,경기,41830,14000,업무시설,21-50대,307
41,경기,41630,06000,종교시설,21-50대,446
48,경남,48860,18000,창고시설,100대 이상,200107
46,전남,46840,05000,문화및집회시설,100대 이상,1120
46,전남,46170,02000,공동주택,51-100대,286
48,경남,48870,05000,문화및집회시설,21-50대,70
28,인천,28710,23000,교정및군사시설,21-50대,249
41,경기,41273,10000,교육연구시설,51-100대,1407
46,전남,46870,27000,관광휴게시설,100대 이상,376
51,강원,51730,23000,교정및군사시설,10대 이하,12
29,광주,29155,Z8000,교육연구및복지시설,11-20대,17
29,광주,29170,03002,휴게음식점,10대 이하,1
45,전북,45770,02000,공동주택,100대 이상,2170
45,전북,45730,03000,제1종근린생활시설,10대 이하,277
48,경남,48850,25000,발전시설,11-20대,17
41,경기,41287,17000,공장,11-20대,177
51,강원,51110,05000,문화및집회시설,51-100대,284
45,전북,45140,Z8000,교육연구및복지시설,11-20대,50
44,충남,44210,02000,공동주택,51-100대,1216
27,대구,27710,10000,교육연구시설,21-50대,1728
11,서울,11140,21000,동물및식물관련시설,10대 이하,0
48,경남,48730,27000,관광휴게시설,10대 이하,9
41,경기,41220,Z9000,공공용시설,10대 이하,0
46,전남,46150,,,100대 이상,4025
41,경기,41465,17000,공장,11-20대,15
46,전남,46230,24000,방송통신시설,10대 이하,3
47,경북,47290,21000,동물및식물관련시설,11-20대,152
26,부산,26530,22000,분뇨.쓰레기처리시설,51-100대,91
51,강원,51730,18000,창고시설,100대 이상,973
11,서울,11710,02000,공동주택,21-50대,4663
51,강원,51770,13000,운동시설,21-50대,28
50,제주,50110,04000,제2종근린생활시설,11-20대,2529
43,충북,43750,02000,공동주택,51-100대,1368
47,경북,47111,22000,분뇨.쓰레기처리시설,21-50대,22
11,서울,11740,24000,방송통신시설,10대 이하,4
26,부산,26170,15000,숙박시설,21-50대,298
48,경남,48330,20000,자동차관련시설,100대 이상,2026
31,울산,31110,10000,교육연구시설,51-100대,529
41,경기,41370,09000,의료시설,11-20대,29
51,강원,51780,Z3000,근린생활시설,11-20대,11
41,경기,41370,13000,운동시설,51-100대,418
46,전남,46820,03000,제1종근린생활시설,21-50대,202
46,전남,46770,15000,숙박시설,11-20대,107
46,전남,46110,05000,문화및집회시설,21-50대,230
29,광주,29200,30000,자원순환관련시설,10대 이하,149
48,경남,48250,Z3000,근린생활시설,11-20대,16
47,경북,47850,19000,위험물저장및처리시설,100대 이상,194
45,전북,45710,11000,노유자시설,21-50대,158
46,전남,46770,25000,발전시설,10대 이하,3
41,경기,41370,14000,업무시설,11-20대,148
48,경남,48310,04000,제2종근린생활시설,51-100대,291
41,경기,41190,21000,동물및식물관련시설,10대 이하,13
11,서울,11590,14000,업무시설,21-50대,1043
48,경남,48850,13000,운동시설,51-100대,72
27,대구,27170,15000,숙박시설,21-50대,27
47,경북,47920,10000,교육연구시설,21-50대,155
43,충북,43730,10000,교육연구시설,10대 이하,88
43,충북,43111,19000,위험물저장및처리시설,11-20대,12
46,전남,46780,07000,판매시설,10대 이하,8
48,경남,48250,14000,업무시설,21-50대,1566
43,충북,43112,10000,교육연구시설,11-20대,164
46,전남,46730,Z3000,근린생활시설,10대 이하,1
51,강원,51130,Z8000,교육연구및복지시설,21-50대,149
51,강원,51800,01000,단독주택,21-50대,140
51,강원,51800,21000,동물및식물관련시설,100대 이상,127
48,경남,48170,01000,단독주택,51-100대,68
41,경기,41430,Z5000,문화및집회시설,21-50대,38
27,대구,27230,14000,업무시설,21-50대,463
47,경북,47113,14000,업무시설,10대 이하,156
41,경기,41390,20000,자동차관련시설,100대 이상,5358
41,경기,41480,09000,의료시설,21-50대,451
46,전남,46130,08000,운수시설,10대 이하,20
41,경기,41480,26000,묘지관련시설,10대 이하,26
41,경기,41135,06000,종교시설,100대 이상,3330
47,경북,47113,07000,판매시설,10대 이하,30
41,경기,41115,07000,판매시설,10대 이하,8
41,경기,41670,03000,제1종근린생활시설,11-20대,449
28,인천,28177,Z3000,근린생활시설,51-100대,128
47,경북,47770,04000,제2종근린생활시설,10대 이하,846
28,인천,28177,01000,단독주택,10대 이하,6092
28,인천,28710,04000,제2종근린생활시설,100대 이상,270
11,서울,11650,07000,판매시설,10대 이하,0
41,경기,41820,04000,제2종근린생활시설,51-100대,239
43,충북,43113,Z5000,문화및집회시설,21-50대,27
51,강원,51210,31000,야영장시설,10대 이하,1
41,경기,41570,05000,문화및집회시설,11-20대,64
47,경북,47770,12000,수련시설,21-50대,45
45,전북,45140,30000,자원순환관련시설,10대 이하,34
26,부산,26440,02000,공동주택,10대 이하,331
46,전남,46110,29000,장례시설,51-100대,126
26,부산,26530,22000,분뇨.쓰레기처리시설,11-20대,11
41,경기,41135,17000,공장,100대 이상,674
44,충남,44131,05000,문화및집회시설,10대 이하,19
44,충남,44133,08000,운수시설,10대 이하,0
44,충남,44150,08000,운수시설,10대 이하,1
46,전남,46800,13000,운동시설,10대 이하,32
41,경기,41480,15000,숙박시설,21-50대,431
11,서울,11650,30000,자원순환관련시설,10대 이하,0
41,경기,41830,28000,가설건축물,10대 이하,0
11,서울,11650,Z8000,교육연구및복지시설,100대 이상,315
26,부산,26290,04000,제2종근린생활시설,11-20대,354
48,경남,48123,19000,위험물저장및처리시설,21-50대,25
48,경남,48250,15000,숙박시설,21-50대,791
46,전남,46860,02000,공동주택,21-50대,344
46,전남,46130,,,51-100대,419
11,서울,11290,22000,분뇨.쓰레기처리시설,11-20대,18
43,충북,43745,01000,단독주택,11-20대,1498
47,경북,47111,10000,교육연구시설,10대 이하,198
26,부산,26290,Z5000,문화및집회시설,10대 이하,0
43,충북,43111,17000,공장,21-50대,413
51,강원,51210,06000,종교시설,21-50대,132
27,대구,27140,Z6000,판매및영업시설,11-20대,19
48,경남,48740,02000,공동주택,100대 이상,5893
47,경북,47900,14000,업무시설,51-100대,141
26,부산,26440,23000,교정및군사시설,21-50대,24
48,경남,48850,25000,발전시설,100대 이상,135
41,경기,41113,03000,제1종근린생활시설,21-50대,1426
51,강원,51730,Z8000,교육연구및복지시설,11-20대,11
11,서울,11230,04000,제2종근린생활시설,11-20대,830
45,전북,45210,07000,판매시설,11-20대,20
41,경기,41113,06000,종교시설,11-20대,128
44,충남,44770,11000,노유자시설,10대 이하,60
48,경남,48270,18000,창고시설,21-50대,149
47,경북,47210,21000,동물및식물관련시설,21-50대,38
47,경북,47930,14000,업무시설,10대 이하,26
41,경기,41135,30000,자원순환관련시설,10대 이하,2
41,경기,41173,03000,제1종근린생활시설,100대 이상,2213
44,충남,44200,01000,단독주택,100대 이상,1879
45,전북,45140,17000,공장,51-100대,3193
26,부산,26470,18000,창고시설,10대 이하,78
36,세종,36110,05000,문화및집회시설,51-100대,329
43,충북,43113,22000,분뇨.쓰레기처리시설,10대 이하,65
28,인천,28710,17000,공장,11-20대,433
48,경남,48310,10000,교육연구시설,51-100대,664
29,광주,29170,Z5000,문화및집회시설,10대 이하,6
41,경기,41113,04000,제2종근린생활시설,21-50대,1259
51,강원,51150,11000,노유자시설,51-100대,152
51,강원,51760,31000,야영장시설,10대 이하,40
11,서울,11380,14000,업무시설,10대 이하,446
51,강원,51230,03000,제1종근린생활시설,51-100대,69
41,경기,41500,06000,종교시설,10대 이하,264
29,광주,29170,14000,업무시설,11-20대,158
41,경기,41273,09000,의료시설,51-100대,202
46,전남,46710,14000,업무시설,11-20대,30
51,강원,51790,05000,문화및집회시설,10대 이하,16
41,경기,41220,03000,제1종근린생활시설,51-100대,1993
27,대구,27140,11000,노유자시설,10대 이하,337
48,경남,48123,15000,숙박시설,21-50대,266
47,경북,47850,06000,종교시설,51-100대,56
48,경남,48121,22000,분뇨.쓰레기처리시설,10대 이하,3
44,충남,44760,06000,종교시설,100대 이상,144
44,충남,44150,,,11-20대,20
26,부산,26710,12000,수련시설,51-100대,90
29,광주,29140,05000,문화및집회시설,11-20대,81
44,충남,44133,05000,문화및집회시설,51-100대,341
48,경남,48220,11000,노유자시설,11-20대,45
47,경북,47190,03000,제1종근린생활시설,51-100대,482
47,경북,47170,06000,종교시설,10대 이하,95
45,전북,45210,09000,의료시설,51-100대,295
41,경기,41273,03000,제1종근린생활시설,51-100대,1511
11,서울,11260,08000,운수시설,100대 이상,170
28,인천,28237,,,10대 이하,0
44,충남,44230,30000,자원순환관련시설,51-100대,56
48,경남,48890,30000,자원순환관련시설,10대 이하,7
41,경기,41273,08000,운수시설,100대 이상,462
47,경북,47760,01000,단독주택,11-20대,13
44,충남,44200,07000,판매시설,10대 이하,28
48,경남,48720,07101,시장,10대 이하,0
30,대전,30140,24000,방송통신시설,10대 이하,4
11,서울,11470,,,10대 이하,0
48,경남,48880,03000,제1종근린생활시설,10대 이하,620
47,경북,47850,04000,제2종근린생활시설,100대 이상,416
41,경기,41461,10000,교육연구시설,100대 이상,29109
48,경남,48270,04006,수리점,10대 이하,0
51,강원,51830,03000,제1종근린생활시설,51-100대,54
26,부산,26530,21000,동물및식물관련시설,10대 이하,0
47,경북,47111,20000,자동차관련시설,10대 이하,277
26,부산,26140,02000,공동주택,100대 이상,28667
41,경기,41465,27000,관광휴게시설,21-50대,63
41,경기,41370,15000,숙박시설,11-20대,223
48,경남,48820,Z8000,교육연구및복지시설,21-50대,24
47,경북,47760,05000,문화및집회시설,10대 이하,1
51,강원,51830,01000,단독주택,21-50대,70
26,부산,26320,09000,의료시설,100대 이상,426
44,충남,44770,03000,제1종근린생활시설,10대 이하,579
31,울산,31110,16000,위락시설,10대 이하,19
11,서울,11350,07000,판매시설,51-100대,66
26,부산,26500,Z9000,공공용시설,21-50대,44
41,경기,41650,26000,묘지관련시설,10대 이하,9
44,충남,44200,21000,동물및식물관련시설,10대 이하,131
11,서울,11680,04000,제2종근린생활시설,10대 이하,22942
51,강원,51770,30000,자원순환관련시설,21-50대,47
47,경북,47113,03000,제1종근린생활시설,10대 이하,2879
45,전북,45190,17000,공장,100대 이상,2589
28,인천,28185,21000,동물및식물관련시설,100대 이상,409
26,부산,26140,33000,"국방,군사시설",10대 이하,0
28,인천,28710,13000,운동시설,10대 이하,14
48,경남,48740,12000,수련시설,10대 이하,13
26,부산,26470,07000,판매시설,10대 이하,0
28,인천,28185,17000,공장,21-50대,1134
43,충북,43760,Z5000,문화및집회시설,10대 이하,5
41,경기,41570,04000,제2종근린생활시설,100대 이상,2452
26,부산,26320,14000,업무시설,11-20대,280
31,울산,31110,19000,위험물저장및처리시설,10대 이하,54
45,전북,45720,19000,위험물저장및처리시설,10대 이하,10
41,경기,41190,05000,문화및집회시설,100대 이상,1154
48,경남,48170,02000,공동주택,10대 이하,883
41,경기,41173,04000,제2종근린생활시설,11-20대,803
46,전남,46780,11000,노유자시설,10대 이하,66
29,광주,29155,19000,위험물저장및처리시설,10대 이하,53
30,대전,30200,11202,사회복지시설,10대 이하,0
41,경기,41570,04000,제2종근린생활시설,21-50대,2944
41,경기,41271,07000,판매시설,11-20대,12
26,부산,26350,12000,수련시설,100대 이상,297
50,제주,50130,22000,분뇨.쓰레기처리시설,10대 이하,45
26,부산,26470,,,100대 이상,250
30,대전,30200,07000,판매시설,100대 이상,22164
41,경기,41480,08000,운수시설,11-20대,36
46,전남,46870,17000,공장,11-20대,366
41,경기,41281,23000,교정및군사시설,10대 이하,39
41,경기,41410,15000,숙박시설,11-20대,37
44,충남,44770,09000,의료시설,21-50대,69
26,부산,26410,10000,교육연구시설,10대 이하,169
44,충남,44710,26000,묘지관련시설,10대 이하,7
11,서울,11290,13000,운동시설,21-50대,40
11,서울,11500,07000,판매시설,100대 이상,4148
44,충남,44210,01000,단독주택,51-100대,79
44,충남,44710,14000,업무시설,100대 이상,253
45,전북,45113,01000,단독주택,11-20대,5439
41,경기,41461,11000,노유자시설,51-100대,156
51,강원,51150,05000,문화및집회시설,21-50대,275
44,충남,44133,Z8000,교육연구및복지시설,51-100대,120
27,대구,27230,06000,종교시설,51-100대,128
51,강원,51800,07000,판매시설,10대 이하,41
11,서울,11170,06000,종교시설,100대 이상,289
44,충남,44760,14000,업무시설,21-50대,112
43,충북,43130,03000,제1종근린생활시설,51-100대,485
48,경남,48860,Z8000,교육연구및복지시설,10대 이하,0
51,강원,51750,Z8000,교육연구및복지시설,11-20대,42
46,전남,46130,13000,운동시설,10대 이하,42
41,경기,41570,24000,방송통신시설,11-20대,31
51,강원,51760,Z5000,문화및집회시설,10대 이하,3
47,경북,47280,Z8000,교육연구및복지시설,21-50대,45
11,서울,11140,13000,운동시설,51-100대,264
27,대구,27140,06000,종교시설,11-20대,302
31,울산,31200,02000,공동주택,21-50대,1125
31,울산,31140,03000,제1종근린생활시설,21-50대,2556
47,경북,47820,20000,자동차관련시설,10대 이하,17
11,서울,11305,,,100대 이상,1777
41,경기,41830,20000,자동차관련시설,100대 이상,172
46,전남,46800,13000,운동시설,100대 이상,684
11,서울,11710,15000,숙박시설,21-50대,137
48,경남,48730,07000,판매시설,51-100대,95
11,서울,11260,01000,단독주택,100대 이상,112
27,대구,27110,20000,자동차관련시설,10대 이하,17
41,경기,41390,,,10대 이하,124
47,경북,47760,18000,창고시설,21-50대,89
27,대구,27170,18000,창고시설,51-100대,209
45,전북,45113,22000,분뇨.쓰레기처리시설,10대 이하,46
47,경북,47130,22000,분뇨.쓰레기처리시설,51-100대,54
41,경기,41220,09000,의료시설,21-50대,446
41,경기,41390,30000,자원순환관련시설,100대 이상,3044
47,경북,47130,26000,묘지관련시설,51-100대,81
28,인천,28110,27000,관광휴게시설,100대 이상,872
45,전북,45180,20000,자동차관련시설,21-50대,25
41,경기,41630,23000,교정및군사시설,21-50대,219
45,전북,45130,07000,판매시설,11-20대,49
29,광주,29110,16000,위락시설,51-100대,176
41,경기,41450,JY,,10대 이하,3
11,서울,11710,09000,의료시설,51-100대,70
51,강원,51820,08000,운수시설,10대 이하,16
51,강원,51770,02000,공동주택,10대 이하,235
43,충북,43114,20000,자동차관련시설,11-20대,225
51,강원,51210,03000,제1종근린생활시설,21-50대,393
47,경북,47190,03000,제1종근린생활시설,10대 이하,4486
11,서울,11590,26000,묘지관련시설,21-50대,69
44,충남,44133,01000,단독주택,21-50대,106
44,충남,44133,23000,교정및군사시설,51-100대,54
45,전북,45710,24000,방송통신시설,51-100대,56
47,경북,47760,27000,관광휴게시설,10대 이하,0
46,전남,46860,02000,공동주택,100대 이상,1768
28,인천,28110,24000,방송통신시설,21-50대,64
41,경기,41150,02000,공동주택,21-50대,4889
41,경기,41287,21000,동물및식물관련시설,11-20대,12
41,경기,41430,15000,숙박시설,21-50대,279
26,부산,26440,20000,자동차관련시설,21-50대,504
41,경기,41610,05000,문화및집회시설,11-20대,11
45,전북,45720,12000,수련시설,10대 이하,0
41,경기,41285,02000,공동주택,10대 이하,3388
41,경기,41190,Z8000,교육연구및복지시설,21-50대,34
30,대전,30200,23000,교정및군사시설,100대 이상,1624
41,경기,41310,11000,노유자시설,11-20대,35
43,충북,43760,22000,분뇨.쓰레기처리시설,11-20대,39
41,경기,41273,14000,업무시설,21-50대,806
41,경기,41190,08000,운수시설,10대 이하,0
27,대구,27230,07000,판매시설,11-20대,142
29,광주,29200,17000,공장,51-100대,10141
11,서울,11200,07000,판매시설,51-100대,80
46,전남,46910,20000,자동차관련시설,10대 이하,11
47,경북,47770,10000,교육연구시설,21-50대,149
47,경북,47930,06000,종교시설,10대 이하,91
46,전남,46170,02000,공동주택,100대 이상,58478
51,강원,51790,18000,창고시설,51-100대,65
47,경북,47760,22000,분뇨.쓰레기처리시설,10대 이하,9
41,경기,41480,06000,종교시설,10대 이하,338
46,전남,46710,30000,자원순환관련시설,11-20대,11
30,대전,30170,26000,묘지관련시설,100대 이상,132
41,경기,41310,15000,숙박시설,11-20대,119
43,충북,43760,10000,교육연구시설,10대 이하,43
44,충남,44210,17000,공장,100대 이상,104961
46,전남,46810,14000,업무시설,10대 이하,52
44,충남,44133,30000,자원순환관련시설,11-20대,60
26,부산,26110,03000,제1종근린생활시설,11-20대,135
41,경기,41250,12000,수련시설,10대 이하,2
46,전남,46720,20000,자동차관련시설,10대 이하,9
46,전남,46840,26000,묘지관련시설,11-20대,28
47,경북,47770,15000,숙박시설,11-20대,311
28,인천,28245,18000,창고시설,11-20대,26
46,전남,46810,19000,위험물저장및처리시설,10대 이하,18
41,경기,41465,31000,야영장시설,10대 이하,4
48,경남,48250,Z8000,교육연구및복지시설,11-20대,12
29,광주,29200,18000,창고시설,21-50대,752
41,경기,41310,09000,의료시설,51-100대,317
44,충남,44200,18000,창고시설,21-50대,1050
29,광주,29140,11000,노유자시설,100대 이상,102
51,강원,51230,23000,교정및군사시설,11-20대,12
41,경기,41465,21000,동물및식물관련시설,10대 이하,14
43,충북,43114,15000,숙박시설,21-50대,196
28,인천,28710,02000,공동주택,11-20대,1404
46,전남,46810,07000,판매시설,11-20대,15
48,경남,48820,04000,제2종근린생활시설,51-100대,80
11,서울,11560,06000,종교시설,100대 이상,1942
26,부산,26140,01000,단독주택,10대 이하,605
44,충남,44180,17000,공장,21-50대,1025
45,전북,45210,14000,업무시설,100대 이상,348
29,광주,29200,22000,분뇨.쓰레기처리시설,51-100대,96
46,전남,46710,12000,수련시설,10대 이하,0
28,인천,28710,30000,자원순환관련시설,100대 이상,120
47,경북,47250,25000,발전시설,10대 이하,0
11,서울,11110,Z5000,문화및집회시설,10대 이하,4
41,경기,41135,12000,수련시설,51-100대,81
41,경기,41173,09000,의료시설,11-20대,39
26,부산,26230,08000,운수시설,11-20대,20
51,강원,51770,05000,문화및집회시설,11-20대,20
43,충북,43740,20000,자동차관련시설,100대 이상,134
48,경남,48220,06000,종교시설,51-100대,55
48,경남,48870,11000,노유자시설,11-20대,11
50,제주,50110,21000,동물및식물관련시설,51-100대,324
46,전남,46170,18000,창고시설,21-50대,253
43,충북,43113,06000,종교시설,10대 이하,208
48,경남,48270,18000,창고시설,11-20대,60
46,전남,46910,12000,수련시설,10대 이하,0
51,강원,51820,04000,제2종근린생활시설,11-20대,52
11,서울,11230,15000,숙박시설,21-50대,297
11,서울,11200,14000,업무시설,11-20대,602
41,경기,41465,01000,단독주택,11-20대,253
41,경기,41550,30000,자원순환관련시설,10대 이하,169
43,충북,43760,17000,공장,51-100대,1237
47,경북,47820,22000,분뇨.쓰레기처리시설,100대 이상,110
46,전남,46820,26000,묘지관련시설,10대 이하,0
28,인천,28185,13000,운동시설,51-100대,131
30,대전,30230,04000,제2종근린생활시설,10대 이하,3286
11,서울,11590,11000,노유자시설,10대 이하,210
50,제주,50110,24000,방송통신시설,51-100대,335
31,울산,31140,,,11-20대,60
44,충남,44710,,,21-50대,28
41,경기,41450,17000,공장,11-20대,381
41,경기,41220,26000,묘지관련시설,21-50대,26
26,부산,26320,04000,제2종근린생활시설,11-20대,312
48,경남,48270,22000,분뇨.쓰레기처리시설,21-50대,21
47,경북,47210,18000,창고시설,11-20대,132
41,경기,41800,17000,공장,21-50대,313
47,경북,47770,05000,문화및집회시설,21-50대,290
43,충북,43113,04000,제2종근린생활시설,51-100대,406
51,강원,51770,12000,수련시설,11-20대,20
47,경북,47230,23000,교정및군사시설,100대 이상,1079
48,경남,48850,17000,공장,100대 이상,120
26,부산,26200,13000,운동시설,10대 이하,14
48,경남,48330,14000,업무시설,10대 이하,127
11,서울,11380,14000,업무시설,21-50대,2053
26,부산,26290,20000,자동차관련시설,10대 이하,99
41,경기,41390,04000,제2종근린생활시설,11-20대,1746
45,전북,45140,20000,자동차관련시설,21-50대,181
28,인천,28245,01000,단독주택,10대 이하,2337
11,서울,11710,,,10대 이하,7
46,전남,46720,27000,관광휴게시설,100대 이상,7216
47,경북,47190,18000,창고시설,100대 이상,122
47,경북,47210,19000,위험물저장및처리시설,10대 이하,26
51,강원,51730,10000,교육연구시설,100대 이상,950
27,대구,27710,17000,공장,10대 이하,4632
46,전남,46810,14000,업무시설,21-50대,284
48,경남,48870,10000,교육연구시설,10대 이하,80
31,울산,31140,17000,공장,11-20대,1091
43,충북,43750,01000,단독주택,21-50대,130
44,충남,44825,02000,공동주택,11-20대,641
41,경기,41461,,,11-20대,44
51,강원,51790,10000,교육연구시설,11-20대,55
46,전남,46840,18000,창고시설,100대 이상,2649
43,충북,43111,27000,관광휴게시설,51-100대,241
44,충남,44770,01000,단독주택,11-20대,156
45,전북,45710,05000,문화및집회시설,10대 이하,142
43,충북,43150,11000,노유자시설,11-20대,46
51,강원,51800,18000,창고시설,11-20대,58
43,충북,43760,02000,공동주택,51-100대,323
48,경남,48129,07000,판매시설,10대 이하,7
41,경기,41285,15000,숙박시설,21-50대,203
44,충남,44710,09000,의료시설,10대 이하,0
43,충북,43745,09000,의료시설,11-20대,15
47,경북,47290,Z5000,문화및집회시설,10대 이하,5
51,강원,51130,23000,교정및군사시설,11-20대,24
27,대구,27710,09000,의료시설,100대 이상,125
51,강원,51110,08000,운수시설,100대 이상,713
41,경기,41135,24000,방송통신시설,10대 이하,0
11,서울,11470,11000,노유자시설,51-100대,52
26,부산,26230,Z8000,교육연구및복지시설,21-50대,46
48,경남,48240,10000,교육연구시설,100대 이상,1812
11,서울,11305,16000,위락시설,10대 이하,2
48,경남,48121,19000,위험물저장및처리시설,21-50대,52
31,울산,31170,01000,단독주택,21-50대,24
45,전북,45750,17000,공장,100대 이상,5182
46,전남,46860,05000,문화및집회시설,10대 이하,40
41,경기,41461,05000,문화및집회시설,10대 이하,56
51,강원,51820,04000,제2종근린생활시설,21-50대,157
47,경북,47850,10000,교육연구시설,100대 이상,6129
27,대구,27710,02000,공동주택,10대 이하,1199
41,경기,41281,22000,분뇨.쓰레기처리시설,10대 이하,14
51,강원,51730,14000,업무시설,11-20대,112
48,경남,48890,05000,문화및집회시설,51-100대,52
43,충북,43750,04000,제2종근린생활시설,21-50대,247
43,충북,43745,22000,분뇨.쓰레기처리시설,10대 이하,3
41,경기,41463,02000,공동주택,10대 이하,1705
47,경북,47840,11000,노유자시설,11-20대,40
31,울산,31200,07000,판매시설,10대 이하,47
51,강원,51110,19000,위험물저장및처리시설,51-100대,51
45,전북,45111,13000,운동시설,100대 이상,1430
28,인천,28140,10000,교육연구시설,21-50대,252
11,서울,11170,05000,문화및집회시설,10대 이하,69
30,대전,30200,05000,문화및집회시설,10대 이하,35
41,경기,41285,09000,의료시설,10대 이하,7
41,경기,41450,03000,제1종근린생활시설,51-100대,1315
50,제주,50130,02000,공동주택,21-50대,7556
41,경기,41135,05000,문화및집회시설,21-50대,272
46,전남,46800,12000,수련시설,11-20대,26
26,부산,26440,Z9000,공공용시설,21-50대,30
28,인천,28200,14000,업무시설,10대 이하,342
11,서울,11200,17000,공장,10대 이하,660
26,부산,26260,14000,업무시설,100대 이상,2241
46,전남,46170,07000,판매시설,51-100대,319
51,강원,51830,19000,위험물저장및처리시설,10대 이하,10
44,충남,44825,17000,공장,11-20대,82
41,경기,41410,03000,제1종근린생활시설,21-50대,1504
43,충북,43730,27000,관광휴게시설,51-100대,84
47,경북,47760,24000,방송통신시설,10대 이하,0
36,세종,36110,03000,제1종근린생활시설,100대 이상,4432
28,인천,28260,14000,업무시설,21-50대,1738
51,강원,51770,11000,노유자시설,11-20대,59
41,경기,41150,04000,제2종근린생활시설,51-100대,1268
44,충남,44210,07000,판매시설,51-100대,111
47,경북,47111,14000,업무시설,11-20대,423
48,경남,48129,Z3000,근린생활시설,11-20대,88
41,경기,41290,02000,공동주택,10대 이하,2149
41,경기,41290,13000,운동시설,100대 이상,1897
28,인천,28710,02000,공동주택,10대 이하,1048
48,경남,48170,11000,노유자시설,10대 이하,440
44,충남,44250,18000,창고시설,21-50대,66
41,경기,41131,11000,노유자시설,11-20대,44
26,부산,26500,13000,운동시설,100대 이상,167
31,울산,31200,01000,단독주택,10대 이하,10233
41,경기,41285,10000,교육연구시설,100대 이상,5294
29,광주,29140,17000,공장,10대 이하,125
48,경남,48860,17000,공장,100대 이상,1860
45,전북,45730,14000,업무시설,11-20대,57
48,경남,48125,20000,자동차관련시설,100대 이상,1040
11,서울,11590,27000,관광휴게시설,10대 이하,0
41,경기,41210,02000,공동주택,51-100대,379
44,충남,44180,04000,제2종근린생활시설,100대 이상,2512
41,경기,41570,01000,단독주택,51-100대,177
41,경기,41290,04000,제2종근린생활시설,11-20대,545
41,경기,41463,10000,교육연구시설,21-50대,2865
31,울산,31140,06000,종교시설,51-100대,356
31,울산,31140,22000,분뇨.쓰레기처리시설,100대 이상,1249
41,경기,41430,18000,창고시설,21-50대,115
26,부산,26350,06000,종교시설,51-100대,303
45,전북,45770,03000,제1종근린생활시설,51-100대,247
44,충남,44710,27000,관광휴게시설,100대 이상,1119
41,경기,41650,07000,판매시설,51-100대,236
28,인천,28185,22000,분뇨.쓰레기처리시설,100대 이상,1315
41,경기,41310,22000,분뇨.쓰레기처리시설,10대 이하,0
46,전남,46170,01000,단독주택,51-100대,98
27,대구,27170,04000,제2종근린생활시설,10대 이하,1746
47,경북,47250,09000,의료시설,11-20대,34
48,경남,48240,01001,단독주택,10대 이하,7
51,강원,51730,Z5000,문화및집회시설,10대 이하,10
46,전남,46800,01000,단독주택,11-20대,119
26,부산,26470,02000,공동주택,11-20대,2072
43,충북,43730,16000,위락시설,10대 이하,13
27,대구,27260,06000,종교시설,11-20대,214
46,전남,46710,18000,창고시설,11-20대,73
47,경북,47900,06000,종교시설,11-20대,36
51,강원,51130,24000,방송통신시설,10대 이하,1
51,강원,51210,11000,노유자시설,10대 이하,69
41,경기,41360,04000,제2종근린생활시설,11-20대,2380
46,전남,46880,Z5000,문화및집회시설,10대 이하,0
48,경남,48121,06000,종교시설,10대 이하,102
28,인천,28177,05000,문화및집회시설,21-50대,118
45,전북,45140,14000,업무시설,51-100대,562
26,부산,26260,Z6000,판매및영업시설,21-50대,28
28,인천,28140,14000,업무시설,11-20대,45
28,인천,28185,10000,교육연구시설,11-20대,329
51,강원,51110,21000,동물및식물관련시설,51-100대,59
11,서울,11710,18000,창고시설,10대 이하,28
46,전남,46730,02000,공동주택,100대 이상,1561
29,광주,29155,13000,운동시설,100대 이상,2510
47,경북,47150,11000,노유자시설,51-100대,54
41,경기,41390,19000,위험물저장및처리시설,21-50대,162
31,울산,31710,20000,자동차관련시설,51-100대,316
11,서울,11110,02000,공동주택,10대 이하,5743
41,경기,41113,19000,위험물저장및처리시설,10대 이하,187
44,충남,44230,03000,제1종근린생활시설,51-100대,775
41,경기,41113,08000,운수시설,100대 이상,979
47,경북,47113,Z8000,교육연구및복지시설,21-50대,320
46,전남,46770,13000,운동시설,100대 이상,248
48,경남,48170,09000,의료시설,11-20대,36
51,강원,51130,02000,공동주택,21-50대,430
41,경기,41610,05000,문화및집회시설,51-100대,135
27,대구,27710,30000,자원순환관련시설,11-20대,37
41,경기,41360,30000,자원순환관련시설,10대 이하,170
48,경남,48880,02000,공동주택,10대 이하,347
28,인천,28260,10000,교육연구시설,51-100대,4495
48,경남,48240,11000,노유자시설,51-100대,221
11,서울,11545,20000,자동차관련시설,51-100대,204
11,서울,11410,,,100대 이상,2384
51,강원,51210,03000,제1종근린생활시설,100대 이상,648
41,경기,41590,17000,공장,11-20대,17505
50,제주,50130,21000,동물및식물관련시설,11-20대,57
44,충남,44200,13000,운동시설,21-50대,175
43,충북,43750,17000,공장,21-50대,7292
27,대구,27710,06000,종교시설,21-50대,414
51,강원,51210,,,11-20대,12
46,전남,46150,04000,제2종근린생활시설,21-50대,460
41,경기,41370,02000,공동주택,10대 이하,2174
47,경북,47900,17000,공장,21-50대,304
45,전북,45800,22000,분뇨.쓰레기처리시설,21-50대,67
11,서울,11470,17000,공장,10대 이하,0
11,서울,11410,02000,공동주택,21-50대,3792
41,경기,41480,12000,수련시설,10대 이하,0
11,서울,11545,15000,숙박시설,100대 이상,252
41,경기,41360,10000,교육연구시설,51-100대,3707
47,경북,47111,13000,운동시설,100대 이상,6303
27,대구,27710,17000,공장,11-20대,4175
28,인천,28260,05000,문화및집회시설,11-20대,70
47,경북,47210,02000,공동주택,100대 이상,14293
27,대구,27710,15000,숙박시설,10대 이하,140
11,서울,11740,01000,단독주택,21-50대,69
46,전남,46130,25000,발전시설,11-20대,17
26,부산,26290,09000,의료시설,10대 이하,11
11,서울,11710,17000,공장,51-100대,380
44,충남,44131,10000,교육연구시설,11-20대,148
30,대전,30140,02000,공동주택,51-100대,931
48,경남,48310,20000,자동차관련시설,51-100대,218
43,충북,43112,06000,종교시설,100대 이상,272
27,대구,27290,27000,관광휴게시설,21-50대,34
28,인천,28260,06000,종교시설,51-100대,319
51,강원,51230,01000,단독주택,10대 이하,4445
47,경북,47230,13000,운동시설,21-50대,137
28,인천,28237,Z8000,교육연구및복지시설,10대 이하,14
48,경남,48170,25000,발전시설,100대 이상,116
41,경기,41480,11000,노유자시설,11-20대,342
11,서울,11650,03000,제1종근린생활시설,10대 이하,3780
30,대전,30170,31000,야영장시설,10대 이하,0
46,전남,46830,21000,동물및식물관련시설,10대 이하,18
41,경기,41285,15000,숙박시설,11-20대,78
51,강원,51110,24000,방송통신시설,51-100대,139
41,경기,41570,33000,"국방,군사시설",10대 이하,0
41,경기,41550,13000,운동시설,51-100대,361
44,충남,44180,Z5000,문화및집회시설,21-50대,28
28,인천,28720,25000,발전시설,10대 이하,0
44,충남,44810,17000,공장,10대 이하,857
47,경북,47150,08000,운수시설,100대 이상,1270
43,충북,43760,08000,운수시설,10대 이하,0
43,충북,43750,14000,업무시설,10대 이하,17
50,제주,50110,10000,교육연구시설,51-100대,2879
44,충남,44810,14000,업무시설,100대 이상,1905
41,경기,41550,06000,종교시설,11-20대,213
26,부산,26440,08000,운수시설,100대 이상,32345
41,경기,41500,19000,위험물저장및처리시설,11-20대,15
36,세종,36110,03000,제1종근린생활시설,10대 이하,1704
26,부산,26530,06000,종교시설,21-50대,89
41,경기,41450,24000,방송통신시설,51-100대,71
41,경기,41113,16000,위락시설,10대 이하,13
27,대구,27200,10000,교육연구시설,11-20대,132
27,대구,27260,17000,공장,10대 이하,18
44,충남,44200,17000,공장,51-100대,13054
11,서울,11500,02000,공동주택,11-20대,10208
51,강원,51790,06000,종교시설,11-20대,76
47,경북,47210,02000,공동주택,51-100대,977
30,대전,30170,02000,공동주택,51-100대,2300
41,경기,41650,23000,교정및군사시설,100대 이상,2512
47,경북,47290,18000,창고시설,11-20대,221
26,부산,26710,05000,문화및집회시설,10대 이하,26
11,서울,11380,11000,노유자시설,10대 이하,282
41,경기,41281,26000,묘지관련시설,10대 이하,7
47,경북,47190,25000,발전시설,51-100대,78
11,서울,11230,Z8000,교육연구및복지시설,51-100대,116
48,경남,48250,Z5000,문화및집회시설,11-20대,13
11,서울,11650,03000,제1종근린생활시설,100대 이상,1439
30,대전,30170,18000,창고시설,11-20대,14
11,서울,11650,07000,판매시설,100대 이상,8471
51,강원,51210,14000,업무시설,11-20대,90
45,전북,45730,13000,운동시설,10대 이하,16
43,충북,43130,09000,의료시설,21-50대,137
44,충남,44230,06000,종교시설,100대 이상,223
41,경기,41650,05000,문화및집회시설,100대 이상,2293
29,광주,29170,27000,관광휴게시설,100대 이상,112
47,경북,47111,02003,다세대주택,10대 이하,0
43,충북,43740,29000,장례시설,10대 이하,0
46,전남,46710,17000,공장,10대 이하,1157
47,경북,47280,02000,공동주택,51-100대,1210
47,경북,47111,18000,창고시설,21-50대,362
26,부산,26350,15000,숙박시설,51-100대,702
47,경북,47111,33000,"국방,군사시설",10대 이하,0
51,강원,51150,21000,동물및식물관련시설,21-50대,30
26,부산,26260,Z8000,교육연구및복지시설,21-50대,50
41,경기,41220,16000,위락시설,10대 이하,130
11,서울,11170,Z3000,근린생활시설,51-100대,71
28,인천,28185,19000,위험물저장및처리시설,11-20대,43
46,전남,46830,17000,공장,100대 이상,50813
28,인천,28140,18000,창고시설,11-20대,27
28,인천,28260,05000,문화및집회시설,100대 이상,3080
43,충북,43113,18000,창고시설,11-20대,142
43,충북,43130,17000,공장,51-100대,4686
48,경남,48220,10000,교육연구시설,21-50대,412
30,대전,30170,15000,숙박시설,10대 이하,105
41,경기,41450,Z8000,교육연구및복지시설,10대 이하,2
44,충남,44760,04000,제2종근린생활시설,51-100대,77
41,경기,41500,29000,장례시설,100대 이상,117
45,전북,45740,18000,창고시설,100대 이상,472
50,제주,50110,03001,소매점,10대 이하,0
30,대전,30170,10000,교육연구시설,11-20대,494
51,강원,51230,07000,판매시설,51-100대,55
41,경기,41117,Z3000,근린생활시설,10대 이하,12
47,경북,47190,07000,판매시설,100대 이상,6448
29,광주,29140,14000,업무시설,11-20대,226
44,충남,44131,03000,제1종근린생활시설,100대 이상,925
44,충남,44270,15000,숙박시설,11-20대,160
46,전남,46890,02000,공동주택,10대 이하,380
41,경기,41133,10000,교육연구시설,11-20대,48
26,부산,26500,21000,동물및식물관련시설,10대 이하,0
41,경기,41670,13000,운동시설,51-100대,157
46,전남,46880,06000,종교시설,100대 이상,224
46,전남,46130,05000,문화및집회시설,11-20대,83
47,경북,47150,05000,문화및집회시설,11-20대,16
48,경남,48840,27000,관광휴게시설,10대 이하,4
27,대구,27260,30000,자원순환관련시설,21-50대,27
11,서울,11560,04000,제2종근린생활시설,11-20대,1256
41,경기,41590,05000,문화및집회시설,21-50대,286
51,강원,51810,Z6000,판매및영업시설,10대 이하,0
48,경남,48127,10000,교육연구시설,11-20대,87
51,강원,51170,05000,문화및집회시설,11-20대,12
51,강원,51210,06000,종교시설,100대 이상,123
26,부산,26200,15000,숙박시설,21-50대,55
48,경남,48740,06000,종교시설,21-50대,24
27,대구,27230,18000,창고시설,100대 이상,162
11,서울,11440,10000,교육연구시설,51-100대,865
43,충북,43750,JY,,10대 이하,9
46,전남,46110,06000,종교시설,11-20대,454
41,경기,41250,17000,공장,100대 이상,479
41,경기,41430,11000,노유자시설,21-50대,74
51,강원,51730,01000,단독주택,51-100대,98
48,경남,48123,03000,제1종근린생활시설,10대 이하,1543
26,부산,26260,13000,운동시설,51-100대,157
31,울산,31710,14000,업무시설,11-20대,233
48,경남,48127,Z8000,교육연구및복지시설,21-50대,118
11,서울,11320,02000,공동주택,11-20대,3504
41,경기,41285,20000,자동차관련시설,10대 이하,386
43,충북,43114,14000,업무시설,11-20대,224
46,전남,46150,02000,공동주택,100대 이상,240274
11,서울,11140,Z8000,교육연구및복지시설,21-50대,76
28,인천,28110,09000,의료시설,100대 이상,1014
48,경남,48850,01000,단독주택,11-20대,119
44,충남,44133,13000,운동시설,11-20대,103
41,경기,41150,19000,위험물저장및처리시설,10대 이하,100
41,경기,41220,06000,종교시설,11-20대,395
47,경북,47130,19000,위험물저장및처리시설,51-100대,64
47,경북,47190,29000,장례시설,10대 이하,3
48,경남,48270,Z5000,문화및집회시설,10대 이하,0
45,전북,45740,11000,노유자시설,10대 이하,44
26,부산,26230,14000,업무시설,21-50대,4515
43,충북,43760,12000,수련시설,10대 이하,15
45,전북,45750,02000,공동주택,10대 이하,48
48,경남,48240,03000,제1종근린생활시설,51-100대,419
44,충남,44200,33000,"국방,군사시설",10대 이하,0
44,충남,44270,30000,자원순환관련시설,10대 이하,46
46,전남,46770,04000,제2종근린생활시설,10대 이하,739
41,경기,41310,05000,문화및집회시설,10대 이하,28
41,경기,41133,03000,제1종근린생활시설,10대 이하,604
46,전남,46110,Z5000,문화및집회시설,11-20대,29
45,전북,45720,,,11-20대,16
48,경남,48170,30000,자원순환관련시설,51-100대,72
51,강원,51810,12000,수련시설,10대 이하,17
41,경기,41250,30000,자원순환관련시설,10대 이하,50
51,강원,51230,14000,업무시설,21-50대,387
27,대구,27720,04000,제2종근린생활시설,51-100대,84
46,전남,46890,15000,숙박시설,51-100대,69
46,전남,46890,11000,노유자시설,10대 이하,65
11,서울,11560,02000,공동주택,21-50대,2150
26,부산,26320,10000,교육연구시설,11-20대,32
44,충남,44200,26000,묘지관련시설,51-100대,124
41,경기,41670,07000,판매시설,51-100대,159
45,전북,45790,13000,운동시설,21-50대,192
47,경북,47190,30000,자원순환관련시설,51-100대,67
48,경남,48123,27000,관광휴게시설,10대 이하,0
11,서울,11470,09000,의료시설,100대 이상,1213
26,부산,26290,09000,의료시설,51-100대,161
27,대구,27110,14000,업무시설,51-100대,1141
50,제주,50110,17000,공장,21-50대,844
31,울산,31110,18000,창고시설,10대 이하,127
44,충남,44200,27000,관광휴게시설,100대 이상,650
46,전남,46790,15000,숙박시설,11-20대,116
41,경기,41500,04000,제2종근린생활시설,21-50대,858
26,부산,26320,07000,판매시설,51-100대,62
11,서울,11500,06000,종교시설,100대 이상,716
46,전남,46730,,,10대 이하,1
44,충남,44800,10000,교육연구시설,11-20대,75
11,서울,11440,06000,종교시설,51-100대,238
50,제주,50110,03000,제1종근린생활시설,10대 이하,8314
48,경남,48730,14000,업무시설,51-100대,63
51,강원,51770,,,21-50대,36
11,서울,11590,04000,제2종근린생활시설,11-20대,364
41,경기,41271,06000,종교시설,51-100대,133
41,경기,41465,,,100대 이상,3164
11,서울,11170,24000,방송통신시설,100대 이상,123
51,강원,51810,15000,숙박시설,11-20대,39
41,경기,41220,02000,공동주택,10대 이하,10397
43,충북,43745,11000,노유자시설,51-100대,82
41,경기,41830,04000,제2종근린생활시설,51-100대,125
27,대구,27110,15000,숙박시설,100대 이상,440
44,충남,44210,,,10대 이하,11
45,전북,45111,01000,단독주택,21-50대,159
28,인천,28177,27000,관광휴게시설,10대 이하,0
41,경기,41670,08000,운수시설,51-100대,154
48,경남,48240,05000,문화및집회시설,10대 이하,52
46,전남,46860,17000,공장,11-20대,576
48,경남,48123,06000,종교시설,21-50대,158
31,울산,31710,09000,의료시설,51-100대,346
41,경기,41310,10000,교육연구시설,11-20대,153
47,경북,47150,10000,교육연구시설,21-50대,682
41,경기,41115,10000,교육연구시설,51-100대,380
26,부산,26290,21000,동물및식물관련시설,10대 이하,0
47,경북,47750,12000,수련시설,10대 이하,0
47,경북,47770,02000,공동주택,100대 이상,955
44,충남,44810,10000,교육연구시설,10대 이하,97
45,전북,45800,17000,공장,11-20대,147
28,인천,28140,17000,공장,100대 이상,27377
45,전북,45730,17000,공장,10대 이하,87
48,경남,48220,05000,문화및집회시설,100대 이상,711
41,경기,41650,05000,문화및집회시설,11-20대,54
45,전북,45111,11000,노유자시설,11-20대,95
41,경기,41273,22000,분뇨.쓰레기처리시설,10대 이하,21
41,경기,41550,26000,묘지관련시설,100대 이상,182
26,부산,26470,Z8000,교육연구및복지시설,100대 이상,338
11,서울,11350,04000,제2종근린생활시설,51-100대,106
31,울산,31170,03000,제1종근린생활시설,51-100대,153
31,울산,31710,,,10대 이하,45
27,대구,27720,27000,관광휴게시설,100대 이상,7493
46,전남,46810,17000,공장,21-50대,45
46,전남,46910,21000,동물및식물관련시설,10대 이하,31
26,부산,26710,14000,업무시설,11-20대,221
41,경기,41173,06000,종교시설,100대 이상,1778
29,광주,29200,16000,위락시설,10대 이하,53
51,강원,51790,03000,제1종근린생활시설,10대 이하,411
46,전남,46110,09000,의료시설,11-20대,157
45,전북,45190,03000,제1종근린생활시설,11-20대,415
30,대전,30200,,,11-20대,19
41,경기,41310,11000,노유자시설,10대 이하,90
46,전남,46860,,,21-50대,30
47,경북,47210,04000,제2종근린생활시설,21-50대,122
41,경기,41465,22000,분뇨.쓰레기처리시설,100대 이상,2450
51,강원,51730,18000,창고시설,11-20대,108
41,경기,41630,08000,운수시설,51-100대,148
43,충북,43150,31000,야영장시설,10대 이하,8
28,인천,28185,07000,판매시설,100대 이상,16479
28,인천,28245,30000,자원순환관련시설,10대 이하,22
11,서울,11560,24000,방송통신시설,10대 이하,6
26,부산,26440,01000,단독주택,10대 이하,7798
47,경북,47730,27000,관광휴게시설,100대 이상,2645
47,경북,47170,18000,창고시설,11-20대,154
46,전남,46780,02000,공동주택,11-20대,173
46,전남,46780,06000,종교시설,11-20대,29
45,전북,45770,06000,종교시설,21-50대,52
47,경북,47170,Z5000,문화및집회시설,10대 이하,10
43,충북,43112,03000,제1종근린생활시설,11-20대,833
30,대전,30230,06000,종교시설,11-20대,204
27,대구,27260,31000,야영장시설,10대 이하,0
31,울산,31170,14000,업무시설,11-20대,77
44,충남,44710,06000,종교시설,51-100대,65
48,경남,48730,24000,방송통신시설,11-20대,14
48,경남,48170,25000,발전시설,10대 이하,0
51,강원,51110,08000,운수시설,11-20대,39
51,강원,51730,Z6000,판매및영업시설,10대 이하,0
11,서울,11260,24000,방송통신시설,10대 이하,4
44,충남,44250,Z8000,교육연구및복지시설,21-50대,25
48,경남,48860,12000,수련시설,21-50대,109
45,전북,45130,Z3000,근린생활시설,21-50대,23
27,대구,27230,Z5000,문화및집회시설,100대 이상,111
27,대구,27710,29000,장례시설,11-20대,12
27,대구,27710,30000,자원순환관련시설,51-100대,110
48,경남,48123,10000,교육연구시설,11-20대,178
41,경기,41131,20000,자동차관련시설,10대 이하,72
29,광주,29200,19000,위험물저장및처리시설,100대 이상,382
51,강원,51830,13000,운동시설,21-50대,54
48,경남,48330,20000,자동차관련시설,11-20대,248
46,전남,46830,22000,분뇨.쓰레기처리시설,11-20대,34
51,강원,51230,06000,종교시설,11-20대,57
11,서울,11230,18000,창고시설,10대 이하,47
43,충북,43800,18000,창고시설,21-50대,48
51,강원,51130,05000,문화및집회시설,100대 이상,1398
44,충남,44710,20000,자동차관련시설,11-20대,22
26,부산,26440,06000,종교시설,10대 이하,40
44,충남,44200,06000,종교시설,21-50대,617
44,충남,44230,15000,숙박시설,10대 이하,270
46,전남,46110,03008,변전소,10대 이하,0
51,강원,51190,06000,종교시설,10대 이하,70
51,강원,51130,03001,소매점,10대 이하,2
41,경기,41630,11000,노유자시설,10대 이하,616
48,경남,48890,05000,문화및집회시설,100대 이상,11230
27,대구,27260,19000,위험물저장및처리시설,10대 이하,59
31,울산,31170,15000,숙박시설,100대 이상,445
43,충북,43730,09000,의료시설,10대 이하,15
48,경남,48850,31000,야영장시설,10대 이하,0
51,강원,51790,02000,공동주택,11-20대,16
41,경기,41465,17000,공장,51-100대,64
48,경남,48890,06000,종교시설,100대 이상,217
41,경기,41480,13000,운동시설,100대 이상,6155
46,전남,46730,09000,의료시설,51-100대,98
41,경기,41131,06000,종교시설,21-50대,192
28,인천,28237,04000,제2종근린생활시설,100대 이상,879
51,강원,51810,,,10대 이하,36
51,강원,51760,33000,"국방,군사시설",11-20대,12
29,광주,29200,Z8000,교육연구및복지시설,11-20대,15
41,경기,41461,JY,,10대 이하,0
43,충북,43111,16000,위락시설,21-50대,25
43,충북,43750,04000,제2종근린생활시설,11-20대,334
47,경북,47113,06000,종교시설,21-50대,415
41,경기,41273,15000,숙박시설,11-20대,214
41,경기,41287,10000,교육연구시설,10대 이하,168
51,강원,51230,25000,발전시설,10대 이하,0
41,경기,41630,15000,숙박시설,51-100대,58
29,광주,29140,25000,발전시설,21-50대,48
45,전북,45140,33000,"국방,군사시설",10대 이하,7
26,부산,26170,18000,창고시설,21-50대,44
27,대구,27200,14000,업무시설,11-20대,266
28,인천,28260,06000,종교시설,21-50대,812
41,경기,41220,13000,운동시설,10대 이하,47
41,경기,41570,12000,수련시설,51-100대,80
41,경기,41670,27000,관광휴게시설,100대 이상,1358
48,경남,48240,08000,운수시설,21-50대,90
43,충북,43800,10000,교육연구시설,10대 이하,35
27,대구,27230,03000,제1종근린생활시설,10대 이하,2792
41,경기,41115,01000,단독주택,11-20대,244
44,충남,44180,18000,창고시설,11-20대,12
45,전북,45130,02000,공동주택,11-20대,729
41,경기,41480,19000,위험물저장및처리시설,10대 이하,386
30,대전,30230,15000,숙박시설,11-20대,185
41,경기,41290,02000,공동주택,100대 이상,47274
41,경기,41670,21000,동물및식물관련시설,51-100대,178
26,부산,26440,17000,공장,51-100대,9583
31,울산,31200,Z8000,교육연구및복지시설,21-50대,74
51,강원,51800,30000,자원순환관련시설,10대 이하,26
43,충북,43770,03000,제1종근린생활시설,10대 이하,1337
47,경북,47840,18000,창고시설,10대 이하,454
27,대구,27170,10000,교육연구시설,10대 이하,88
47,경북,47210,12000,수련시설,10대 이하,5
45,전북,45180,,,100대 이상,4935
43,충북,43740,18000,창고시설,51-100대,82
48,경남,48820,31000,야영장시설,100대 이상,216
47,경북,47130,09000,의료시설,51-100대,494
11,서울,11560,14000,업무시설,51-100대,6798
43,충북,43770,14000,업무시설,21-50대,230
11,서울,11440,17000,공장,10대 이하,0
51,강원,51210,01000,단독주택,11-20대,359
41,경기,41115,10000,교육연구시설,10대 이하,137
29,광주,29140,08000,운수시설,100대 이상,15583
31,울산,31170,02000,공동주택,100대 이상,119496
51,강원,51150,04000,제2종근린생활시설,11-20대,1036
30,대전,30140,15000,숙박시설,51-100대,64
43,충북,43113,22000,분뇨.쓰레기처리시설,21-50대,160
28,인천,28710,03000,제1종근린생활시설,51-100대,595
44,충남,44710,,,51-100대,152
26,부산,26230,10000,교육연구시설,51-100대,1032
30,대전,30200,11000,노유자시설,10대 이하,187
11,서울,11410,14000,업무시설,21-50대,1061
44,충남,44133,04000,제2종근린생활시설,100대 이상,5201
11,서울,11140,11000,노유자시설,10대 이하,104
45,전북,45750,18000,창고시설,21-50대,61
51,강원,51830,08000,운수시설,10대 이하,16
48,경남,48240,,,11-20대,16
30,대전,30200,02000,공동주택,21-50대,1755
44,충남,44770,13000,운동시설,21-50대,64
46,전남,46230,27000,관광휴게시설,21-50대,41
43,충북,43750,06000,종교시설,100대 이상,120
51,강원,51210,05000,문화및집회시설,10대 이하,8
11,서울,11440,15000,숙박시설,11-20대,52
48,경남,48330,14000,업무시설,51-100대,267
28,인천,28260,03000,제1종근린생활시설,11-20대,1769
41,경기,41250,26000,묘지관련시설,10대 이하,6
31,울산,31140,13000,운동시설,11-20대,193
44,충남,44800,03000,제1종근린생활시설,21-50대,750
41,경기,41310,04000,제2종근린생활시설,21-50대,731
43,충북,43112,12000,수련시설,11-20대,15
28,인천,28237,26000,묘지관련시설,100대 이상,457
11,서울,11470,23000,교정및군사시설,10대 이하,0
45,전북,45710,Z5000,문화및집회시설,10대 이하,9
46,전남,46150,29000,장례시설,51-100대,73
47,경북,47230,Z8000,교육연구및복지시설,21-50대,21
44,충남,44810,24000,방송통신시설,51-100대,51
47,경북,47840,09000,의료시설,51-100대,53
51,강원,51800,25000,발전시설,10대 이하,0
43,충북,43740,05000,문화및집회시설,51-100대,75
27,대구,27200,Z5000,문화및집회시설,10대 이하,6
41,경기,41287,23000,교정및군사시설,10대 이하,0
28,인천,28260,28000,가설건축물,10대 이하,0
41,경기,41210,02000,공동주택,100대 이상,92034
41,경기,41271,07000,판매시설,51-100대,198
30,대전,30170,20000,자동차관련시설,10대 이하,158
51,강원,51110,19000,위험물저장및처리시설,10대 이하,151
47,경북,47150,12000,수련시설,21-50대,26
26,부산,26320,02000,공동주택,51-100대,1349
44,충남,44133,09000,의료시설,10대 이하,0
48,경남,48890,13000,운동시설,21-50대,138
45,전북,45180,02000,공동주택,10대 이하,173
44,충남,44130,01000,단독주택,10대 이하,2
26,부산,26260,12000,수련시설,10대 이하,9
29,광주,29110,15000,숙박시설,21-50대,61
41,경기,41410,21000,동물및식물관련시설,10대 이하,12
43,충북,43745,27000,관광휴게시설,100대 이상,120
26,부산,26260,10000,교육연구시설,11-20대,366
51,강원,51150,14000,업무시설,11-20대,149
47,경북,47170,,,51-100대,87
48,경남,48123,02000,공동주택,21-50대,363
11,서울,11320,,,10대 이하,7
41,경기,41550,19000,위험물저장및처리시설,10대 이하,273
47,경북,47130,06000,종교시설,11-20대,224
46,전남,46170,03000,제1종근린생활시설,11-20대,499
30,대전,30170,,,100대 이상,39326
29,광주,29200,10000,교육연구시설,10대 이하,325
11,서울,11170,10000,교육연구시설,51-100대,398
44,충남,44790,15000,숙박시설,11-20대,75
51,강원,51190,02000,공동주택,21-50대,186
45,전북,45210,12000,수련시설,11-20대,15
41,경기,41113,20000,자동차관련시설,21-50대,820
28,인천,28140,15000,숙박시설,21-50대,29
46,전남,46720,22000,분뇨.쓰레기처리시설,11-20대,16
45,전북,45750,27000,관광휴게시설,51-100대,71
27,대구,27140,13000,운동시설,21-50대,191
45,전북,45800,04000,제2종근린생활시설,10대 이하,830
29,광주,29200,13000,운동시설,11-20대,80
43,충북,43111,04000,제2종근린생활시설,51-100대,444
47,경북,47130,21000,동물및식물관련시설,11-20대,12
41,경기,41800,03000,제1종근린생활시설,11-20대,26
26,부산,26230,03000,제1종근린생활시설,51-100대,788
46,전남,46730,19000,위험물저장및처리시설,10대 이하,5
45,전북,45111,Z3000,근린생활시설,11-20대,42
51,강원,51830,02000,공동주택,11-20대,149
44,충남,44150,31000,야영장시설,11-20대,40
26,부산,26140,06000,종교시설,10대 이하,79
41,경기,41273,13000,운동시설,11-20대,34
11,서울,11470,27000,관광휴게시설,10대 이하,0
47,경북,47113,14000,업무시설,51-100대,643
46,전남,46870,08000,운수시설,11-20대,12
11,서울,11110,02000,공동주택,51-100대,1252
29,광주,29110,19000,위험물저장및처리시설,10대 이하,21
41,경기,41131,14000,업무시설,100대 이상,22038
41,경기,41610,01000,단독주택,10대 이하,21976
44,충남,44825,19000,위험물저장및처리시설,10대 이하,12
41,경기,41500,25000,발전시설,51-100대,70
29,광주,29110,13000,운동시설,51-100대,54
41,경기,41173,14000,업무시설,11-20대,106
45,전북,45130,11000,노유자시설,51-100대,241
41,경기,41250,Z5000,문화및집회시설,10대 이하,0
48,경남,48125,10000,교육연구시설,100대 이상,1704
48,경남,48880,17000,공장,51-100대,494
51,강원,51170,Z8000,교육연구및복지시설,21-50대,37
43,충북,43750,26000,묘지관련시설,11-20대,13
48,경남,48820,13000,운동시설,11-20대,29
28,인천,28110,Z8000,교육연구및복지시설,10대 이하,0
45,전북,45111,Z9000,공공용시설,51-100대,60
47,경북,47920,12000,수련시설,10대 이하,5
43,충북,43114,02000,공동주택,51-100대,1636
48,경남,48127,11000,노유자시설,10대 이하,109
27,대구,27720,12000,수련시설,10대 이하,67
51,강원,51720,01000,단독주택,10대 이하,2545
30,대전,30170,04000,제2종근린생활시설,11-20대,2662
26,부산,26260,Z8000,교육연구및복지시설,10대 이하,9
31,울산,31710,20000,자동차관련시설,10대 이하,222
11,서울,11305,Z5000,문화및집회시설,21-50대,29
46,전남,46870,02000,공동주택,51-100대,1045
46,전남,46830,25000,발전시설,11-20대,16
47,경북,47900,13000,운동시설,100대 이상,2321
45,전북,45730,07000,판매시설,10대 이하,10
30,대전,30200,18000,창고시설,10대 이하,110
47,경북,47280,02000,공동주택,10대 이하,632
46,전남,46110,10000,교육연구시설,51-100대,786
47,경북,47190,17000,공장,100대 이상,193626
47,경북,47930,02000,공동주택,10대 이하,575
43,충북,43750,10000,교육연구시설,21-50대,310
29,광주,29110,18000,창고시설,21-50대,34
44,충남,44180,07000,판매시설,10대 이하,9
46,전남,46170,29000,장례시설,100대 이상,164
26,부산,26470,,,21-50대,41
47,경북,47930,25000,발전시설,11-20대,32
41,경기,41360,06000,종교시설,11-20대,628
26,부산,26260,,,11-20대,15
47,경북,47900,18000,창고시설,21-50대,27
46,전남,46820,12000,수련시설,11-20대,16
41,경기,41800,23000,교정및군사시설,10대 이하,100
26,부산,26440,05000,문화및집회시설,100대 이상,2299
51,강원,51720,18000,창고시설,21-50대,49
41,경기,41171,17000,공장,11-20대,539
46,전남,46720,17000,공장,21-50대,273
41,경기,41410,14000,업무시설,100대 이상,4543
28,인천,28710,09000,의료시설,21-50대,169
28,인천,28200,06000,종교시설,10대 이하,266
51,강원,51790,Z8000,교육연구및복지시설,100대 이상,256
45,전북,45113,06000,종교시설,51-100대,319
45,전북,45800,27000,관광휴게시설,21-50대,21
46,전남,46870,13000,운동시설,21-50대,58
41,경기,41190,15000,숙박시설,21-50대,364
51,강원,51110,14000,업무시설,21-50대,1339
41,경기,41410,18000,창고시설,21-50대,129
41,경기,41610,12000,수련시설,21-50대,38
47,경북,47850,13000,운동시설,21-50대,292
41,경기,41500,20000,자동차관련시설,11-20대,121
41,경기,41461,Z6000,판매및영업시설,10대 이하,0
51,강원,51760,02000,공동주택,51-100대,1547
31,울산,31710,18999,기타창고시설,10대 이하,0
51,강원,51730,30000,자원순환관련시설,21-50대,24
44,충남,44800,30000,자원순환관련시설,11-20대,11
45,전북,45800,26000,묘지관련시설,10대 이하,0
26,부산,26440,26000,묘지관련시설,10대 이하,0
43,충북,43113,03000,제1종근린생활시설,51-100대,886
48,경남,48840,31000,야영장시설,10대 이하,0
47,경북,47820,09000,의료시설,10대 이하,5
45,전북,45730,20000,자동차관련시설,51-100대,63
48,경남,48121,30000,자원순환관련시설,10대 이하,10
27,대구,27140,17000,공장,51-100대,712
41,경기,41430,16000,위락시설,10대 이하,2
48,경남,48250,09000,의료시설,21-50대,1169
46,전남,46110,01000,단독주택,51-100대,71
45,전북,45190,31000,야영장시설,10대 이하,0
47,경북,47900,14000,업무시설,100대 이상,1047
28,인천,28177,20000,자동차관련시설,11-20대,148
41,경기,41250,10000,교육연구시설,51-100대,133
51,강원,51170,06000,종교시설,11-20대,230
48,경남,48880,12100,생활권수련시설,10대 이하,0
43,충북,43770,05000,문화및집회시설,100대 이상,158
29,광주,29200,13000,운동시설,10대 이하,40
41,경기,41190,04000,제2종근린생활시설,10대 이하,5347
30,대전,30230,15000,숙박시설,10대 이하,264
27,대구,27110,01000,단독주택,11-20대,563
51,강원,51170,23000,교정및군사시설,100대 이상,125
45,전북,45720,13000,운동시설,100대 이상,551
41,경기,41113,24000,방송통신시설,21-50대,33
41,경기,41550,Z5000,문화및집회시설,21-50대,43
45,전북,45180,18000,창고시설,21-50대,226
43,충북,43720,17000,공장,100대 이상,3978
47,경북,47290,20000,자동차관련시설,100대 이상,1355
27,대구,27710,27000,관광휴게시설,100대 이상,4913
44,충남,44230,04000,제2종근린생활시설,51-100대,188
41,경기,41171,04000,제2종근린생활시설,10대 이하,1766
47,경북,47920,09000,의료시설,21-50대,59
30,대전,30200,23000,교정및군사시설,51-100대,62
41,경기,41210,26000,묘지관련시설,51-100대,76
45,전북,45800,17000,공장,10대 이하,344
45,전북,45111,02000,공동주택,51-100대,1637
44,충남,44790,05000,문화및집회시설,100대 이상,1337
51,강원,51170,03000,제1종근린생활시설,10대 이하,896
46,전남,46780,15000,숙박시설,100대 이상,1187
46,전남,46730,11000,노유자시설,10대 이하,59
45,전북,45720,14000,업무시설,11-20대,78
47,경북,47113,12000,수련시설,51-100대,90
11,서울,11200,,,11-20대,16
48,경남,48820,04000,제2종근린생활시설,21-50대,178
26,부산,26320,07000,판매시설,11-20대,31
41,경기,41285,15000,숙박시설,100대 이상,628
48,경남,48880,Z5000,문화및집회시설,51-100대,79
48,경남,48170,11000,노유자시설,11-20대,138
51,강원,51150,23000,교정및군사시설,100대 이상,286
11,서울,11380,05000,문화및집회시설,10대 이하,9
29,광주,29200,21000,동물및식물관련시설,21-50대,64
41,경기,41820,12000,수련시설,51-100대,73
41,경기,41450,14000,업무시설,100대 이상,32730
50,제주,50130,23000,교정및군사시설,11-20대,36
48,경남,48125,15000,숙박시설,100대 이상,111
26,부산,26140,30000,자원순환관련시설,11-20대,16
44,충남,44180,04000,제2종근린생활시설,21-50대,239
46,전남,46110,18000,창고시설,51-100대,84
41,경기,41190,03000,제1종근린생활시설,51-100대,1667
45,전북,45800,02000,공동주택,11-20대,168
51,강원,51210,20000,자동차관련시설,11-20대,13
51,강원,51800,04000,제2종근린생활시설,21-50대,24
41,경기,41450,25000,발전시설,100대 이상,2526
48,경남,48820,31000,야영장시설,10대 이하,0
43,충북,43111,02000,공동주택,51-100대,1183
43,충북,43112,06000,종교시설,21-50대,412
44,충남,44230,10000,교육연구시설,10대 이하,46
41,경기,41610,07000,판매시설,100대 이상,1508
26,부산,26470,14000,업무시설,51-100대,1730
26,부산,26320,07000,판매시설,21-50대,38
27,대구,27710,23000,교정및군사시설,100대 이상,442
43,충북,43114,15000,숙박시설,11-20대,247
47,경북,47930,11000,노유자시설,11-20대,24
48,경남,48250,13000,운동시설,100대 이상,137507
48,경남,48129,12000,수련시설,10대 이하,0
48,경남,48740,25000,발전시설,21-50대,30
27,대구,27170,15000,숙박시설,11-20대,135
46,전남,46110,01000,단독주택,11-20대,590
46,전남,46170,22000,분뇨.쓰레기처리시설,10대 이하,22
51,강원,51230,13000,운동시설,21-50대,113
31,울산,31200,11000,노유자시설,21-50대,127
41,경기,41113,10000,교육연구시설,21-50대,1547
46,전남,46820,30000,자원순환관련시설,10대 이하,4
47,경북,47930,Z8000,교육연구및복지시설,10대 이하,0
46,전남,46170,03000,제1종근린생활시설,10대 이하,1324
43,충북,43750,18000,창고시설,11-20대,156
48,경남,48129,04000,제2종근린생활시설,21-50대,798
45,전북,45130,Z6000,판매및영업시설,11-20대,20
46,전남,46150,24000,방송통신시설,21-50대,41
48,경남,48730,30000,자원순환관련시설,11-20대,70
36,세종,36110,13000,운동시설,21-50대,193
48,경남,48740,04000,제2종근린생활시설,100대 이상,1213
51,강원,51170,23000,교정및군사시설,10대 이하,15
41,경기,41115,17000,공장,51-100대,71
45,전북,45140,13000,운동시설,11-20대,58
41,경기,41465,01000,단독주택,21-50대,1273
51,강원,51830,23000,교정및군사시설,21-50대,48
27,대구,27110,05000,문화및집회시설,100대 이상,218
46,전남,46710,05000,문화및집회시설,11-20대,121
44,충남,44131,19000,위험물저장및처리시설,10대 이하,185
47,경북,47850,22000,분뇨.쓰레기처리시설,100대 이상,198976
48,경남,48730,06000,종교시설,21-50대,34
26,부산,26320,03000,제1종근린생활시설,51-100대,438
41,경기,41131,,,100대 이상,162
27,대구,27260,04000,제2종근린생활시설,21-50대,1285
45,전북,45113,19000,위험물저장및처리시설,11-20대,12
44,충남,44800,07000,판매시설,10대 이하,26
41,경기,41370,06000,종교시설,10대 이하,108
26,부산,26230,21000,동물및식물관련시설,10대 이하,0
41,경기,41630,26000,묘지관련시설,11-20대,35
46,전남,46840,02000,공동주택,11-20대,152
46,전남,46130,08000,운수시설,100대 이상,768
28,인천,28710,19000,위험물저장및처리시설,10대 이하,47
41,경기,41360,07000,판매시설,21-50대,443
48,경남,48310,04000,제2종근린생활시설,21-50대,402
47,경북,47230,05000,문화및집회시설,100대 이상,338
47,경북,47930,26000,묘지관련시설,10대 이하,0
26,부산,26110,18000,창고시설,10대 이하,10
11,서울,11530,24000,방송통신시설,100대 이상,119
43,충북,43130,27000,관광휴게시설,21-50대,35
44,충남,44200,02000,공동주택,11-20대,862
27,대구,27230,05000,문화및집회시설,11-20대,23
30,대전,30230,08000,운수시설,11-20대,20
51,강원,51820,04000,제2종근린생활시설,10대 이하,763
47,경북,47130,03000,제1종근린생활시설,51-100대,471
43,충북,43130,20000,자동차관련시설,51-100대,482
41,경기,41450,21000,동물및식물관련시설,10대 이하,46
45,전북,45130,07000,판매시설,10대 이하,32
41,경기,41133,19000,위험물저장및처리시설,11-20대,24
41,경기,41410,30000,자원순환관련시설,10대 이하,3
47,경북,47830,25000,발전시설,10대 이하,0
51,강원,51800,14000,업무시설,10대 이하,9
43,충북,43114,02000,공동주택,10대 이하,600
41,경기,41630,19000,위험물저장및처리시설,21-50대,52
46,전남,46790,11000,노유자시설,51-100대,75
11,서울,11680,10000,교육연구시설,21-50대,1656
41,경기,41210,18000,창고시설,100대 이상,1848
41,경기,41287,11000,노유자시설,21-50대,135
48,경남,48220,23000,교정및군사시설,10대 이하,0
41,경기,41830,09000,의료시설,11-20대,86
46,전남,46870,31000,야영장시설,10대 이하,0
11,서울,11200,15000,숙박시설,10대 이하,65
44,충남,44133,03000,제1종근린생활시설,11-20대,2312
51,강원,51130,04000,제2종근린생활시설,10대 이하,7449
48,경남,48820,17000,공장,10대 이하,310
30,대전,30140,10000,교육연구시설,51-100대,751
43,충북,43150,20000,자동차관련시설,10대 이하,182
46,전남,46810,07000,판매시설,100대 이상,374
51,강원,51110,18000,창고시설,10대 이하,443
51,강원,51810,14000,업무시설,21-50대,80
11,서울,11230,11000,노유자시설,51-100대,80
51,강원,51230,20000,자동차관련시설,100대 이상,404
26,부산,26170,27000,관광휴게시설,10대 이하,1
47,경북,47940,20000,자동차관련시설,10대 이하,15
47,경북,47230,,,10대 이하,67
26,부산,26260,03000,제1종근린생활시설,100대 이상,102
48,경남,48270,Z3000,근린생활시설,10대 이하,0
41,경기,41171,03000,제1종근린생활시설,51-100대,235
48,경남,48840,24000,방송통신시설,10대 이하,0
11,서울,11380,23000,교정및군사시설,10대 이하,3
47,경북,47730,17000,공장,11-20대,856
48,경남,48840,15000,숙박시설,21-50대,329
41,경기,41630,22000,분뇨.쓰레기처리시설,51-100대,52
28,인천,28177,02000,공동주택,21-50대,4806
31,울산,31710,18000,창고시설,21-50대,264
47,경북,47190,30000,자원순환관련시설,11-20대,67
45,전북,45740,20000,자동차관련시설,10대 이하,21
41,경기,41220,05000,문화및집회시설,51-100대,344
48,경남,48240,27000,관광휴게시설,21-50대,45
11,서울,11230,18000,창고시설,11-20대,30
11,서울,11290,24000,방송통신시설,21-50대,86
41,경기,41290,03000,제1종근린생활시설,11-20대,158
44,충남,44710,20000,자동차관련시설,100대 이상,342
46,전남,46720,18000,창고시설,10대 이하,74
46,전남,46890,14000,업무시설,10대 이하,34
27,대구,27260,,,10대 이하,59
48,경남,48121,11000,노유자시설,10대 이하,196
47,경북,47150,31000,야영장시설,10대 이하,0
46,전남,46870,18000,창고시설,10대 이하,198
47,경북,47170,04000,제2종근린생활시설,51-100대,148
51,강원,51210,02000,공동주택,11-20대,191
27,대구,27140,24000,방송통신시설,100대 이상,122
44,충남,44810,09000,의료시설,100대 이상,465
43,충북,43112,13000,운동시설,100대 이상,1136
51,강원,51730,21000,동물및식물관련시설,21-50대,50
47,경북,47150,20000,자동차관련시설,10대 이하,93
41,경기,41281,12000,수련시설,51-100대,456
26,부산,26230,16000,위락시설,21-50대,38
44,충남,44133,,,51-100대,52
28,인천,28710,05000,문화및집회시설,10대 이하,107
51,강원,51730,10000,교육연구시설,11-20대,64
28,인천,28140,15000,숙박시설,10대 이하,48
46,전남,46830,29000,장례시설,10대 이하,9
43,충북,43750,01000,단독주택,11-20대,4442
51,강원,51170,15000,숙박시설,11-20대,281
47,경북,47900,Z6000,판매및영업시설,10대 이하,0
48,경남,48250,09000,의료시설,51-100대,617
47,경북,47170,12000,수련시설,11-20대,66
47,경북,47290,09000,의료시설,21-50대,240
41,경기,41590,31000,야영장시설,10대 이하,152
41,경기,41610,06000,종교시설,100대 이상,409
46,전남,46770,01000,단독주택,100대 이상,861
41,경기,41590,09000,의료시설,21-50대,580
46,전남,46890,31000,야영장시설,10대 이하,0
41,경기,41287,14000,업무시설,51-100대,464
41,경기,41830,16000,위락시설,10대 이하,0
41,경기,41150,Z9000,공공용시설,10대 이하,0
46,전남,46170,22000,분뇨.쓰레기처리시설,11-20대,86
45,전북,45113,29000,장례시설,51-100대,158
41,경기,41820,23000,교정및군사시설,21-50대,170
50,제주,50130,학교,,10대 이하,0
27,대구,27170,07000,판매시설,100대 이상,741
51,강원,51810,,,21-50대,26
26,부산,26260,20000,자동차관련시설,51-100대,265
41,경기,41273,17000,공장,51-100대,10948
41,경기,41287,20000,자동차관련시설,51-100대,512
45,전북,45750,10000,교육연구시설,51-100대,146
28,인천,28140,02000,공동주택,21-50대,354
48,경남,48820,27000,관광휴게시설,10대 이하,7
47,경북,47290,13000,운동시설,51-100대,302
41,경기,41281,05000,문화및집회시설,21-50대,95
47,경북,47760,25000,발전시설,21-50대,23
41,경기,41670,11000,노유자시설,11-20대,32
46,전남,46880,03000,제1종근린생활시설,10대 이하,620
51,강원,51210,04000,제2종근린생활시설,51-100대,335
41,경기,41360,Z5000,문화및집회시설,10대 이하,6
41,경기,41480,23000,교정및군사시설,51-100대,348
11,서울,11440,03000,제1종근린생활시설,100대 이상,402
41,경기,41610,Z9000,공공용시설,11-20대,14
11,서울,11620,02000,공동주택,11-20대,5291
46,전남,46890,04000,제2종근린생활시설,10대 이하,581
41,경기,41670,02000,공동주택,11-20대,822
47,경북,47190,20000,자동차관련시설,100대 이상,2772
11,서울,11170,07000,판매시설,100대 이상,3823
43,충북,43114,26000,묘지관련시설,10대 이하,6
28,인천,28245,04000,제2종근린생활시설,10대 이하,3697
27,대구,27290,07000,판매시설,51-100대,201
46,전남,46820,29000,장례시설,11-20대,17
41,경기,41590,,,51-100대,58
41,경기,41281,24000,방송통신시설,10대 이하,16
43,충북,43113,11000,노유자시설,11-20대,99
29,광주,29155,27000,관광휴게시설,21-50대,43
41,경기,41281,Z5000,문화및집회시설,10대 이하,0
30,대전,30200,30000,자원순환관련시설,100대 이상,1348
29,광주,29170,Z8000,교육연구및복지시설,100대 이상,261
28,인천,28177,02000,공동주택,100대 이상,225683
51,강원,51790,,,10대 이하,13
26,부산,26710,07000,판매시설,10대 이하,18
41,경기,41285,,,10대 이하,65
41,경기,41115,15000,숙박시설,21-50대,811
51,강원,51760,05000,문화및집회시설,100대 이상,1096
30,대전,30230,20000,자동차관련시설,21-50대,160
41,경기,41800,06000,종교시설,11-20대,31
11,서울,11305,05000,문화및집회시설,100대 이상,570
30,대전,30140,05000,문화및집회시설,11-20대,11
46,전남,46910,Z6000,판매및영업시설,10대 이하,0
26,부산,26290,06000,종교시설,21-50대,75
51,강원,51150,01000,단독주택,100대 이상,337
47,경북,47190,16000,위락시설,11-20대,70
47,경북,47170,26000,묘지관련시설,51-100대,243
11,서울,11305,14000,업무시설,10대 이하,99
51,강원,51790,09000,의료시설,10대 이하,0
43,충북,43113,17000,공장,21-50대,6057
45,전북,45111,20000,자동차관련시설,51-100대,435
45,전북,45730,13000,운동시설,21-50대,22
44,충남,44710,10000,교육연구시설,21-50대,98
46,전남,46840,02000,공동주택,100대 이상,18762
41,경기,41480,22000,분뇨.쓰레기처리시설,11-20대,61
41,경기,41220,27000,관광휴게시설,11-20대,32
47,경북,47830,,,11-20대,16
41,경기,41590,14000,업무시설,51-100대,3785
11,서울,11710,03000,제1종근린생활시설,11-20대,1194
46,전남,46150,06000,종교시설,10대 이하,306
11,서울,11200,07000,판매시설,100대 이상,2563
41,경기,41650,27000,관광휴게시설,21-50대,145
27,대구,27140,17000,공장,11-20대,499
41,경기,41250,04000,제2종근린생활시설,21-50대,420
31,울산,31140,13000,운동시설,100대 이상,810
11,서울,11140,12000,수련시설,11-20대,17
44,충남,44270,Z8000,교육연구및복지시설,10대 이하,0
48,경남,48840,02000,공동주택,100대 이상,4663
41,경기,41450,20000,자동차관련시설,21-50대,462
45,전북,45111,Z8000,교육연구및복지시설,10대 이하,32
48,경남,48310,08000,운수시설,21-50대,32
41,경기,41410,09000,의료시설,11-20대,18
47,경북,47920,13000,운동시설,11-20대,14
48,경남,48240,11000,노유자시설,21-50대,110
51,강원,51780,02000,공동주택,100대 이상,2344
43,충북,43750,05000,문화및집회시설,11-20대,62
27,대구,27260,06000,종교시설,100대 이상,466
26,부산,26170,24000,방송통신시설,10대 이하,0
48,경남,48870,05000,문화및집회시설,51-100대,90
41,경기,41800,26000,묘지관련시설,10대 이하,7
41,경기,41570,18000,창고시설,51-100대,397
26,부산,26380,19000,위험물저장및처리시설,21-50대,86
47,경북,47170,14000,업무시설,21-50대,772
51,강원,51150,Z3000,근린생활시설,10대 이하,43
44,충남,44810,07000,판매시설,51-100대,170
41,경기,41285,19000,위험물저장및처리시설,51-100대,53
41,경기,41820,01000,단독주택,21-50대,54
47,경북,47920,02000,공동주택,11-20대,349
11,서울,11140,18000,창고시설,10대 이하,37
41,경기,41135,23000,교정및군사시설,100대 이상,1089
41,경기,41285,30000,자원순환관련시설,11-20대,44
11,서울,11590,15000,숙박시설,100대 이상,157
47,경북,47930,01000,단독주택,10대 이하,1946
44,충남,44210,21000,동물및식물관련시설,10대 이하,8
28,인천,28260,17000,공장,21-50대,8469
11,서울,11215,07000,판매시설,10대 이하,4
41,경기,41830,Z3000,근린생활시설,10대 이하,0
28,인천,28110,30000,자원순환관련시설,10대 이하,0
41,경기,41115,14000,업무시설,10대 이하,168
41,경기,41390,Z3000,근린생활시설,51-100대,77
51,강원,51800,04000,제2종근린생활시설,10대 이하,355
29,광주,29140,20000,자동차관련시설,21-50대,490
46,전남,46900,03000,제1종근린생활시설,10대 이하,371
46,전남,46720,25000,발전시설,10대 이하,0
47,경북,47770,Z5000,문화및집회시설,10대 이하,0
27,대구,27260,24000,방송통신시설,21-50대,26
51,강원,51770,14000,업무시설,21-50대,266
26,부산,26500,03000,제1종근린생활시설,10대 이하,820
43,충북,43770,33000,"국방,군사시설",10대 이하,0
51,강원,51110,19000,위험물저장및처리시설,100대 이상,416
48,경남,48820,02000,공동주택,51-100대,798
41,경기,41390,06000,종교시설,11-20대,368
41,경기,41830,,,10대 이하,54
51,강원,51780,,,21-50대,56
41,경기,41117,17000,공장,10대 이하,259
51,강원,51230,03000,제1종근린생활시설,10대 이하,748
46,전남,46110,26000,묘지관련시설,100대 이상,333
48,경남,48220,01000,단독주택,11-20대,970
47,경북,47150,07000,판매시설,10대 이하,14
47,경북,47170,Z6000,판매및영업시설,10대 이하,0
36,세종,36110,20000,자동차관련시설,11-20대,81
41,경기,41630,Z9000,공공용시설,10대 이하,0
43,충북,43730,22000,분뇨.쓰레기처리시설,11-20대,20
41,경기,41281,02000,공동주택,21-50대,5260
45,전북,45710,31000,야영장시설,10대 이하,26
41,경기,41480,24000,방송통신시설,11-20대,121
47,경북,47250,13000,운동시설,10대 이하,10
41,경기,41117,19000,위험물저장및처리시설,100대 이상,350
28,인천,28260,10000,교육연구시설,11-20대,342
41,경기,41190,25000,발전시설,100대 이상,143
46,전남,46910,30000,자원순환관련시설,21-50대,65
41,경기,41570,20000,자동차관련시설,51-100대,753
43,충북,43750,15000,숙박시설,100대 이상,804
41,경기,41480,04200,종교집회장,10대 이하,0
44,충남,44250,10000,교육연구시설,11-20대,13
27,대구,27710,03000,제1종근린생활시설,100대 이상,826
46,전남,46130,20000,자동차관련시설,21-50대,207
45,전북,45180,20000,자동차관련시설,100대 이상,475
45,전북,45111,17000,공장,21-50대,56
26,부산,26320,14000,업무시설,100대 이상,403
45,전북,45111,06000,종교시설,51-100대,555
48,경남,48850,06000,종교시설,21-50대,40
51,강원,51190,08000,운수시설,21-50대,100
26,부산,26500,03000,제1종근린생활시설,11-20대,314
28,인천,28720,17000,공장,10대 이하,27
11,서울,11620,15000,숙박시설,11-20대,204
41,경기,41273,04000,제2종근린생활시설,21-50대,1519
51,강원,51810,13000,운동시설,10대 이하,28
11,서울,11680,17000,공장,100대 이상,819
45,전북,45180,03000,제1종근린생활시설,11-20대,594
28,인천,28200,29000,장례시설,10대 이하,9
11,서울,11530,06000,종교시설,11-20대,262
44,충남,44270,14000,업무시설,21-50대,609
26,부산,26410,04000,제2종근린생활시설,100대 이상,112
41,경기,41115,20000,자동차관련시설,11-20대,15
47,경북,47280,04000,제2종근린생활시설,10대 이하,1075
26,부산,26470,06000,종교시설,21-50대,269
26,부산,26170,03000,제1종근린생활시설,10대 이하,385
46,전남,46780,01000,단독주택,21-50대,98
46,전남,46860,01000,단독주택,100대 이상,418
41,경기,41113,18000,창고시설,51-100대,110
41,경기,41190,24000,방송통신시설,10대 이하,13
47,경북,47190,Z3000,근린생활시설,11-20대,20
28,인천,28110,18000,창고시설,100대 이상,6754
45,전북,45113,19000,위험물저장및처리시설,21-50대,22
46,전남,46830,Z9000,공공용시설,10대 이하,0
41,경기,41115,,,100대 이상,1396
28,인천,28177,07000,판매시설,10대 이하,5
43,충북,43740,14000,업무시설,11-20대,55
27,대구,27200,06000,종교시설,10대 이하,126
46,전남,46860,21000,동물및식물관련시설,100대 이상,570
41,경기,41310,14000,업무시설,100대 이상,4919
45,전북,45140,30000,자원순환관련시설,11-20대,51
41,경기,41113,21000,동물및식물관련시설,51-100대,78
51,강원,51830,Z8000,교육연구및복지시설,10대 이하,2
27,대구,27200,12000,수련시설,10대 이하,8
31,울산,31110,05000,문화및집회시설,11-20대,65
47,경북,47830,02000,공동주택,51-100대,197
43,충북,43760,10000,교육연구시설,11-20대,29
44,충남,44133,15000,숙박시설,100대 이상,214
41,경기,41610,19000,위험물저장및처리시설,100대 이상,1840
11,서울,11620,Z8000,교육연구및복지시설,10대 이하,0
47,경북,47840,29000,장례시설,10대 이하,7
43,충북,43770,29000,장례시설,51-100대,55
41,경기,41461,09000,의료시설,10대 이하,13
27,대구,27230,07000,판매시설,10대 이하,39
11,서울,11140,11000,노유자시설,100대 이상,155
48,경남,48170,10000,교육연구시설,10대 이하,331
44,충남,44200,05000,문화및집회시설,10대 이하,33
48,경남,48850,15000,숙박시설,51-100대,95
48,경남,48740,15000,숙박시설,100대 이상,277
51,강원,51230,04000,제2종근린생활시설,51-100대,73
48,경남,48730,11000,노유자시설,51-100대,86
26,부산,26200,20000,자동차관련시설,11-20대,33
28,인천,28245,18000,창고시설,51-100대,152
11,서울,11170,14000,업무시설,10대 이하,167
31,울산,31710,26000,묘지관련시설,10대 이하,0
46,전남,46900,18000,창고시설,10대 이하,183
44,충남,44770,27000,관광휴게시설,51-100대,126
26,부산,26470,Z8000,교육연구및복지시설,11-20대,31
50,제주,50130,17000,공장,100대 이상,1017
45,전북,45730,Z5000,문화및집회시설,10대 이하,0
51,강원,51230,30000,자원순환관련시설,11-20대,18
27,대구,27110,03000,제1종근린생활시설,51-100대,616
46,전남,46870,20000,자동차관련시설,100대 이상,204
29,광주,29170,Z5000,문화및집회시설,11-20대,14
47,경북,47111,10000,교육연구시설,11-20대,122
30,대전,30170,07000,판매시설,10대 이하,0
27,대구,27200,03000,제1종근린생활시설,100대 이상,266
11,서울,11740,15000,숙박시설,21-50대,76
11,서울,11710,05000,문화및집회시설,100대 이상,3239
44,충남,44250,13000,운동시설,51-100대,138
47,경북,47190,10000,교육연구시설,21-50대,2173
41,경기,41610,03000,제1종근린생활시설,21-50대,1179
36,세종,36110,21000,동물및식물관련시설,51-100대,65
41,경기,41630,Z5000,문화및집회시설,10대 이하,20
29,광주,29200,19000,위험물저장및처리시설,10대 이하,449
48,경남,48170,Z8000,교육연구및복지시설,10대 이하,0
41,경기,41650,11000,노유자시설,10대 이하,566
29,광주,29200,21000,동물및식물관련시설,10대 이하,15
41,경기,41670,05000,문화및집회시설,10대 이하,70
11,서울,11215,14000,업무시설,21-50대,2371
48,경남,48730,04000,제2종근린생활시설,11-20대,263
45,전북,45730,30000,자원순환관련시설,11-20대,17
48,경남,48240,04000,제2종근린생활시설,51-100대,301
51,강원,51800,02000,공동주택,10대 이하,61
26,부산,26170,21000,동물및식물관련시설,10대 이하,0
51,강원,51820,29000,장례시설,10대 이하,5
50,제주,50130,02000,공동주택,11-20대,2988
51,강원,51190,09000,의료시설,10대 이하,0
41,경기,41360,07000,판매시설,51-100대,115
48,경남,48820,14000,업무시설,21-50대,140
48,경남,48250,17000,공장,10대 이하,22291
43,충북,43800,17000,공장,11-20대,124
46,전남,46150,14000,업무시설,21-50대,1174
47,경북,47150,07000,판매시설,100대 이상,1573
45,전북,45710,05000,문화및집회시설,100대 이상,467
41,경기,41250,25000,발전시설,11-20대,11
30,대전,30200,23000,교정및군사시설,10대 이하,36
41,경기,41800,27000,관광휴게시설,51-100대,59
44,충남,44825,30000,자원순환관련시설,10대 이하,24
41,경기,41390,05000,문화및집회시설,11-20대,78
27,대구,27720,11000,노유자시설,51-100대,145
47,경북,47170,07000,판매시설,10대 이하,9
41,경기,41430,10000,교육연구시설,51-100대,642
48,경남,48740,11000,노유자시설,21-50대,145
48,경남,48170,04000,제2종근린생활시설,11-20대,716
30,대전,30110,29000,장례시설,100대 이상,152
48,경남,48170,02000,공동주택,21-50대,1213
11,서울,11380,24000,방송통신시설,10대 이하,4
11,서울,11560,05000,문화및집회시설,100대 이상,664
47,경북,47280,12000,수련시설,11-20대,13
26,부산,26350,Z5000,문화및집회시설,21-50대,28
44,충남,44710,11000,노유자시설,10대 이하,80
45,전북,45111,Z5000,문화및집회시설,10대 이하,14
28,인천,28200,06000,종교시설,21-50대,680
11,서울,11620,05000,문화및집회시설,51-100대,93
51,강원,51790,15000,숙박시설,11-20대,30
11,서울,11650,24000,방송통신시설,51-100대,110
41,경기,41500,,,10대 이하,52
46,전남,46890,20000,자동차관련시설,100대 이상,102
43,충북,43750,18000,창고시설,100대 이상,2107
44,충남,44810,10000,교육연구시설,51-100대,281
47,경북,47170,13000,운동시설,100대 이상,3018
41,경기,41190,13000,운동시설,11-20대,43
47,경북,47113,13000,운동시설,11-20대,74
41,경기,41410,Z8000,교육연구및복지시설,10대 이하,0
11,서울,11200,20000,자동차관련시설,51-100대,600
47,경북,47930,Z5000,문화및집회시설,10대 이하,0
48,경남,48330,Z5000,문화및집회시설,10대 이하,15
51,강원,51770,18000,창고시설,10대 이하,122
44,충남,44760,20000,자동차관련시설,100대 이상,205
41,경기,41281,07000,판매시설,51-100대,300
26,부산,26230,15000,숙박시설,21-50대,438
51,강원,51150,18000,창고시설,11-20대,194
48,경남,48220,04000,제2종근린생활시설,100대 이상,547
48,경남,48840,20000,자동차관련시설,21-50대,36
51,강원,51720,25000,발전시설,10대 이하,0
28,인천,28110,22000,분뇨.쓰레기처리시설,51-100대,92
26,부산,26470,15000,숙박시설,21-50대,161
41,경기,41287,03000,제1종근린생활시설,10대 이하,2448
46,전남,46790,10000,교육연구시설,100대 이상,709
45,전북,45710,04000,제2종근린생활시설,100대 이상,1203
45,전북,45790,10000,교육연구시설,10대 이하,44
41,경기,41135,02000,공동주택,11-20대,557
11,서울,11620,14000,업무시설,21-50대,3342
44,충남,44131,20000,자동차관련시설,51-100대,237
51,강원,51770,12000,수련시설,10대 이하,18
41,경기,41463,11000,노유자시설,10대 이하,254
47,경북,47190,02000,공동주택,11-20대,2531
48,경남,48250,05000,문화및집회시설,21-50대,216
30,대전,30230,05000,문화및집회시설,21-50대,108
48,경남,48330,05000,문화및집회시설,21-50대,110
41,경기,41281,31000,야영장시설,10대 이하,16
46,전남,46170,10000,교육연구시설,100대 이상,9381
46,전남,46730,19000,위험물저장및처리시설,51-100대,59
26,부산,26350,17000,공장,10대 이하,132
48,경남,48170,16000,위락시설,10대 이하,70
41,경기,41800,20000,자동차관련시설,11-20대,12
27,대구,27720,24000,방송통신시설,21-50대,22
51,강원,51750,22000,분뇨.쓰레기처리시설,10대 이하,16
44,충남,44270,09000,의료시설,51-100대,53
11,서울,11440,01000,단독주택,10대 이하,8269
27,대구,27720,06000,종교시설,10대 이하,49
27,대구,27710,17000,공장,21-50대,9119
51,강원,51210,09000,의료시설,10대 이하,0
47,경북,47111,04000,제2종근린생활시설,21-50대,670
45,전북,45113,15000,숙박시설,11-20대,847
44,충남,44810,21000,동물및식물관련시설,10대 이하,12
41,경기,41590,09000,의료시설,11-20대,20
11,서울,11215,20000,자동차관련시설,51-100대,95
41,경기,41173,13000,운동시설,11-20대,37
41,경기,41461,21000,동물및식물관련시설,100대 이상,470
47,경북,47280,07000,판매시설,10대 이하,2
46,전남,46840,03000,제1종근린생활시설,10대 이하,646
44,충남,44210,Z8000,교육연구및복지시설,51-100대,52
31,울산,31170,03000,제1종근린생활시설,100대 이상,189
48,경남,48123,20000,자동차관련시설,100대 이상,3205
48,경남,48270,13000,운동시설,100대 이상,737
27,대구,27710,21,,10대 이하,0
45,전북,45180,11000,노유자시설,100대 이상,374
27,대구,27290,14000,업무시설,51-100대,796
44,충남,44230,17000,공장,51-100대,1900
31,울산,31710,12000,수련시설,51-100대,177
51,강원,51750,10000,교육연구시설,21-50대,91
31,울산,31200,24000,방송통신시설,10대 이하,12
11,서울,11140,05000,문화및집회시설,51-100대,148
46,전남,46860,31000,야영장시설,10대 이하,0
46,전남,46820,06000,종교시설,51-100대,133
41,경기,41430,10000,교육연구시설,100대 이상,11562
41,경기,41570,16000,위락시설,100대 이상,275
41,경기,41390,,,11-20대,161
11,서울,11740,05000,문화및집회시설,21-50대,72
50,제주,50130,30000,자원순환관련시설,11-20대,33
46,전남,46230,06000,종교시설,11-20대,173
44,충남,44180,25000,발전시설,10대 이하,6
47,경북,47130,16000,위락시설,100대 이상,289
47,경북,47290,18000,창고시설,100대 이상,477
26,부산,26380,17000,공장,51-100대,2163
31,울산,31710,17000,공장,11-20대,4055
41,경기,41360,,,100대 이상,1249
47,경북,47290,10000,교육연구시설,10대 이하,211
41,경기,41461,17000,공장,11-20대,2598
48,경남,48250,11000,노유자시설,10대 이하,344
44,충남,44210,05000,문화및집회시설,10대 이하,15
11,서울,11350,11000,노유자시설,11-20대,133
47,경북,47840,18000,창고시설,11-20대,175
41,경기,41281,22000,분뇨.쓰레기처리시설,11-20대,27
44,충남,44760,02000,공동주택,51-100대,299
11,서울,11740,25000,발전시설,21-50대,42
11,서울,11320,06000,종교시설,100대 이상,177
11,서울,11140,,,11-20대,17
46,전남,46230,08000,운수시설,11-20대,64
46,전남,46170,07000,판매시설,100대 이상,4290
45,전북,45730,10000,교육연구시설,21-50대,102
29,광주,29200,20000,자동차관련시설,51-100대,774
41,경기,41310,16000,위락시설,10대 이하,0
41,경기,41500,10000,교육연구시설,100대 이상,3310
44,충남,44800,12000,수련시설,10대 이하,16
28,인천,28260,02000,공동주택,51-100대,5222
48,경남,48125,02000,공동주택,100대 이상,53440
11,서울,11590,23000,교정및군사시설,10대 이하,10
46,전남,46810,Z5000,문화및집회시설,10대 이하,0
45,전북,45730,13000,운동시설,51-100대,58
11,서울,11740,02000,공동주택,11-20대,5971
47,경북,47190,17000,공장,10대 이하,3176
44,충남,44150,17000,공장,10대 이하,494
26,부산,26140,20000,자동차관련시설,21-50대,130
44,충남,44210,06000,종교시설,11-20대,224
41,경기,41650,16000,위락시설,11-20대,13
41,경기,41273,19000,위험물저장및처리시설,51-100대,60
41,경기,41290,27000,관광휴게시설,10대 이하,0
44,충남,44133,15000,숙박시설,21-50대,993
29,광주,29170,02000,공동주택,10대 이하,994
48,경남,48250,30000,자원순환관련시설,10대 이하,991
47,경북,47900,02000,공동주택,100대 이상,10735
27,대구,27710,14000,업무시설,51-100대,628
41,경기,41465,13000,운동시설,100대 이상,376
31,울산,31710,Z5000,문화및집회시설,10대 이하,0
45,전북,45720,17000,공장,21-50대,1083
41,경기,41285,07000,판매시설,51-100대,765
41,경기,41150,27000,관광휴게시설,100대 이상,1876
28,인천,28177,19000,위험물저장및처리시설,10대 이하,88
41,경기,41150,26000,묘지관련시설,10대 이하,0
41,경기,41370,29000,장례시설,51-100대,66
44,충남,44210,16000,위락시설,11-20대,29
46,전남,46770,21000,동물및식물관련시설,51-100대,59
11,서울,11380,02000,공동주택,51-100대,2470
46,전남,46230,13000,운동시설,100대 이상,3376
46,전남,46800,15000,숙박시설,10대 이하,74
47,경북,47930,11000,노유자시설,21-50대,98
48,경남,48310,Z8000,교육연구및복지시설,21-50대,40
28,인천,28110,Z6000,판매및영업시설,10대 이하,0
41,경기,41800,08000,운수시설,10대 이하,16
41,경기,41310,02000,공동주택,10대 이하,2225
41,경기,41461,15000,숙박시설,10대 이하,152
46,전남,46790,24000,방송통신시설,10대 이하,0
46,전남,46780,14000,업무시설,11-20대,190
26,부산,26230,17000,공장,100대 이상,225
11,서울,11230,07000,판매시설,51-100대,209
48,경남,48270,10000,교육연구시설,10대 이하,76
45,전북,45710,01000,단독주택,21-50대,21
44,충남,44200,01000,단독주택,10대 이하,19869
41,경기,41450,11000,노유자시설,10대 이하,235
45,전북,45770,29000,장례시설,51-100대,52
28,인천,28200,Z3000,근린생활시설,11-20대,13
41,경기,41820,01000,단독주택,51-100대,72
48,경남,48170,21000,동물및식물관련시설,11-20대,15
26,부산,26200,01000,단독주택,10대 이하,616
41,경기,41133,22000,분뇨.쓰레기처리시설,100대 이상,445
41,경기,41117,20000,자동차관련시설,51-100대,433
46,전남,46900,12000,수련시설,11-20대,37
43,충북,43800,02000,공동주택,100대 이상,6921
45,전북,45790,30000,자원순환관련시설,21-50대,36
41,경기,41117,,,21-50대,21
26,부산,26350,30000,자원순환관련시설,51-100대,70
46,전남,46720,12000,수련시설,10대 이하,12
26,부산,26350,01000,단독주택,10대 이하,1375
48,경남,48170,10000,교육연구시설,100대 이상,45229
51,강원,51780,19000,위험물저장및처리시설,10대 이하,13
41,경기,41480,17000,공장,10대 이하,15821
47,경북,47840,03000,제1종근린생활시설,21-50대,173
11,서울,11200,15000,숙박시설,11-20대,44
46,전남,46840,20000,자동차관련시설,51-100대,52
45,전북,45111,Z8000,교육연구및복지시설,11-20대,26
46,전남,46840,09000,의료시설,11-20대,55
51,강원,51830,20000,자동차관련시설,51-100대,497
41,경기,41117,22000,분뇨.쓰레기처리시설,10대 이하,0
27,대구,27290,09000,의료시설,11-20대,102
41,경기,41430,23000,교정및군사시설,10대 이하,0
48,경남,48123,17000,공장,51-100대,2354
48,경남,48250,17000,공장,100대 이상,6436
51,강원,51230,Z8000,교육연구및복지시설,11-20대,43
48,경남,48880,10000,교육연구시설,10대 이하,54
43,충북,43111,04000,제2종근린생활시설,100대 이상,226
31,울산,31170,15000,숙박시설,10대 이하,132
36,세종,36110,10000,교육연구시설,51-100대,5595
44,충남,44790,05000,문화및집회시설,11-20대,17
26,부산,26140,20000,자동차관련시설,100대 이상,140
46,전남,46780,05000,문화및집회시설,11-20대,164
43,충북,43111,21000,동물및식물관련시설,11-20대,28
30,대전,30200,Z8000,교육연구및복지시설,51-100대,56
28,인천,28177,11000,노유자시설,11-20대,239
48,경남,48127,15000,숙박시설,10대 이하,152
26,부산,26260,Z8000,교육연구및복지시설,51-100대,140
44,충남,44770,04000,제2종근린생활시설,21-50대,101
47,경북,47730,20000,자동차관련시설,11-20대,16
48,경남,48330,04000,제2종근린생활시설,21-50대,1944
45,전북,45790,17000,공장,100대 이상,120
28,인천,28237,11000,노유자시설,11-20대,114
44,충남,44230,29000,장례시설,21-50대,34
31,울산,31200,12000,수련시설,10대 이하,7
45,전북,45750,Z9000,공공용시설,10대 이하,0
27,대구,27290,04000,제2종근린생활시설,11-20대,1176
41,경기,41461,22000,분뇨.쓰레기처리시설,21-50대,27
41,경기,41830,01000,단독주택,10대 이하,26480
41,경기,41430,26000,묘지관련시설,100대 이상,274
11,서울,11350,17000,공장,51-100대,55
47,경북,47111,21000,동물및식물관련시설,21-50대,32
11,서울,11290,02000,공동주택,21-50대,2665
41,경기,41390,09000,의료시설,100대 이상,999
27,대구,27230,Z8000,교육연구및복지시설,21-50대,142
44,충남,44131,05000,문화및집회시설,21-50대,269
46,전남,46870,03000,제1종근린생활시설,21-50대,291
41,경기,41610,26000,묘지관련시설,100대 이상,1351
41,경기,41360,02000,공동주택,51-100대,1691
47,경북,47250,18000,창고시설,21-50대,122
48,경남,48720,31000,야영장시설,10대 이하,0
51,강원,51760,17000,공장,10대 이하,198
41,경기,41370,14000,업무시설,10대 이하,107
41,경기,41610,20000,자동차관련시설,100대 이상,126
48,경남,48880,32000,교정시설,100대 이상,262
48,경남,48121,24000,방송통신시설,51-100대,78
28,인천,28720,24000,방송통신시설,10대 이하,2
48,경남,48330,01000,단독주택,21-50대,101
46,전남,46110,27000,관광휴게시설,11-20대,17
11,서울,11350,27000,관광휴게시설,10대 이하,9
41,경기,41133,04000,제2종근린생활시설,100대 이상,622
47,경북,47111,02000,공동주택,11-20대,2666
27,대구,27140,12000,수련시설,21-50대,36
41,경기,41360,10000,교육연구시설,21-50대,2940
51,강원,51730,03000,제1종근린생활시설,100대 이상,393
41,경기,41820,18000,창고시설,11-20대,27
11,서울,11110,Z6000,판매및영업시설,10대 이하,0
41,경기,41190,09000,의료시설,10대 이하,10
46,전남,46780,07000,판매시설,21-50대,952
41,경기,41465,03000,제1종근린생활시설,21-50대,1745
47,경북,47820,10000,교육연구시설,10대 이하,53
45,전북,45720,09000,의료시설,10대 이하,3
11,서울,11230,17000,공장,10대 이하,0
48,경남,48129,17000,공장,100대 이상,6333
27,대구,27140,11000,노유자시설,11-20대,92
44,충남,44150,10000,교육연구시설,100대 이상,12732
26,부산,26470,06000,종교시설,51-100대,255
46,전남,46800,10000,교육연구시설,51-100대,239
28,인천,28177,03000,제1종근린생활시설,11-20대,610
47,경북,47150,31000,야영장시설,11-20대,38
43,충북,43730,06000,종교시설,11-20대,13
41,경기,41190,14000,업무시설,100대 이상,25043
28,인천,28260,05000,문화및집회시설,21-50대,32
41,경기,41465,03000,제1종근린생활시설,10대 이하,1144
41,경기,41570,10000,교육연구시설,51-100대,2397
51,강원,51110,13000,운동시설,51-100대,990
31,울산,31110,01000,단독주택,21-50대,42
11,서울,11230,13000,운동시설,10대 이하,8
43,충북,43720,11000,노유자시설,11-20대,50
48,경남,48125,07000,판매시설,21-50대,73
11,서울,11230,14000,업무시설,51-100대,3572
41,경기,41287,18000,창고시설,11-20대,174
45,전북,45210,15000,숙박시설,10대 이하,191
11,서울,11110,09000,의료시설,21-50대,30
41,경기,41273,08000,운수시설,10대 이하,0
41,경기,41800,Z3000,근린생활시설,10대 이하,2
43,충북,43770,04000,제2종근린생활시설,51-100대,77
41,경기,41390,07000,판매시설,10대 이하,18
48,경남,48730,Z8000,교육연구및복지시설,10대 이하,0
28,인천,28260,04000,제2종근린생활시설,100대 이상,1692
41,경기,41220,05000,문화및집회시설,21-50대,155
43,충북,43740,05000,문화및집회시설,100대 이상,540
44,충남,44800,05000,문화및집회시설,100대 이상,268
45,전북,45130,08000,운수시설,21-50대,187
41,경기,41610,02000,공동주택,100대 이상,134522
45,전북,45740,,,100대 이상,485
41,경기,41220,04000,제2종근린생활시설,21-50대,3443
47,경북,47750,09000,의료시설,10대 이하,0
50,제주,50130,20000,자동차관련시설,51-100대,125
29,광주,29200,Z8000,교육연구및복지시설,10대 이하,17
31,울산,31710,30000,자원순환관련시설,51-100대,70
46,전남,46870,25000,발전시설,10대 이하,20
41,경기,41220,02000,공동주택,51-100대,3743
48,경남,48310,02000,공동주택,11-20대,1969
41,경기,41800,06000,종교시설,21-50대,21
48,경남,48121,05000,문화및집회시설,51-100대,119
46,전남,46780,06000,종교시설,21-50대,55
41,경기,41410,14000,업무시설,51-100대,1682
43,충북,43113,07000,판매시설,11-20대,55
11,서울,11440,20000,자동차관련시설,11-20대,49
46,전남,46880,12000,수련시설,10대 이하,5
44,충남,44790,09000,의료시설,100대 이상,106
48,경남,48720,02000,공동주택,21-50대,322
26,부산,26170,18000,창고시설,10대 이하,48
47,경북,47230,10000,교육연구시설,10대 이하,178
11,서울,11530,01000,단독주택,10대 이하,3939
41,경기,41135,19000,위험물저장및처리시설,10대 이하,103
41,경기,41820,Z5000,문화및집회시설,21-50대,31
48,경남,48720,16000,위락시설,11-20대,14
44,충남,44790,27000,관광휴게시설,21-50대,56
47,경북,47111,19000,위험물저장및처리시설,21-50대,21
46,전남,46900,15000,숙박시설,21-50대,150
41,경기,41111,04000,제2종근린생활시설,10대 이하,2866
41,경기,41410,02000,공동주택,100대 이상,352326
28,인천,28185,27000,관광휴게시설,11-20대,67
26,부산,26230,Z3000,근린생활시설,10대 이하,17
45,전북,45111,11000,노유자시설,10대 이하,378
44,충남,44200,Z3000,근린생활시설,10대 이하,34
41,경기,41117,18000,창고시설,21-50대,42
47,경북,47230,06000,종교시설,100대 이상,130
27,대구,27110,14000,업무시설,100대 이상,5932
51,강원,51830,27000,관광휴게시설,10대 이하,5
31,울산,31110,02000,공동주택,10대 이하,2981
45,전북,45140,04000,제2종근린생활시설,10대 이하,3907
48,경남,48730,08000,운수시설,10대 이하,1
46,전남,46890,22000,분뇨.쓰레기처리시설,21-50대,34
41,경기,41133,05000,문화및집회시설,11-20대,16
47,경북,47130,20000,자동차관련시설,100대 이상,1394
47,경북,47250,15000,숙박시설,100대 이상,708
46,전남,46710,03000,제1종근린생활시설,51-100대,211
51,강원,51780,,,10대 이하,10
41,경기,41360,Z8000,교육연구및복지시설,10대 이하,11
47,경북,47130,25000,발전시설,10대 이하,9
27,대구,27200,15000,숙박시설,21-50대,61
29,광주,29170,09000,의료시설,10대 이하,69
47,경북,47850,02000,공동주택,51-100대,622
26,부산,26230,09000,의료시설,10대 이하,43
41,경기,41135,27000,관광휴게시설,100대 이상,236
43,충북,43770,26000,묘지관련시설,21-50대,35
44,충남,44800,04000,제2종근린생활시설,100대 이상,117
11,서울,11650,11000,노유자시설,51-100대,221
30,대전,30170,02000,공동주택,100대 이상,868207
31,울산,31170,04000,제2종근린생활시설,10대 이하,2012
28,인천,28200,10000,교육연구시설,10대 이하,204
51,강원,51230,23000,교정및군사시설,21-50대,25
28,인천,28200,03000,제1종근린생활시설,100대 이상,523
29,광주,29200,09000,의료시설,11-20대,170
43,충북,43130,14000,업무시설,21-50대,740
30,대전,30110,10000,교육연구시설,100대 이상,2348
28,인천,28200,11000,노유자시설,10대 이하,433
26,부산,26350,05000,문화및집회시설,100대 이상,5112
41,경기,41590,04000,제2종근린생활시설,11-20대,4292
41,경기,41465,15000,숙박시설,11-20대,52
45,전북,45210,14000,업무시설,10대 이하,54
27,대구,27170,01003,다가구주택,10대 이하,0
41,경기,41173,06000,종교시설,11-20대,154
11,서울,11230,04000,제2종근린생활시설,21-50대,720
46,전남,46130,Z5000,문화및집회시설,10대 이하,10
43,충북,43750,05000,문화및집회시설,100대 이상,1029
30,대전,30170,17000,공장,51-100대,96
41,경기,41610,15000,숙박시설,100대 이상,433
26,부산,26170,11000,노유자시설,11-20대,11
47,경북,47150,09000,의료시설,11-20대,18
26,부산,26470,04000,제2종근린생활시설,100대 이상,230
47,경북,47111,31000,야영장시설,10대 이하,14
45,전북,45800,20000,자동차관련시설,10대 이하,42
11,서울,11230,16000,위락시설,21-50대,29
45,전북,45130,03000,제1종근린생활시설,11-20대,1642
45,전북,45210,06000,종교시설,10대 이하,250
47,경북,47840,18000,창고시설,51-100대,72
41,경기,41480,13000,운동시설,51-100대,750
43,충북,43800,29000,장례시설,10대 이하,0
46,전남,46900,18000,창고시설,21-50대,33
43,충북,43113,Z3000,근린생활시설,10대 이하,0
41,경기,41290,11000,노유자시설,21-50대,82
47,경북,47170,Z3000,근린생활시설,10대 이하,3
41,경기,41461,07000,판매시설,10대 이하,4
43,충북,43760,10000,교육연구시설,100대 이상,1068
50,제주,50130,03000,제1종근린생활시설,51-100대,1374
47,경북,47840,05000,문화및집회시설,100대 이상,120
43,충북,43114,07000,판매시설,11-20대,39
41,경기,41670,06000,종교시설,21-50대,441
47,경북,47930,05000,문화및집회시설,21-50대,95
26,부산,26230,03000,제1종근린생활시설,100대 이상,262
51,강원,51730,07000,판매시설,21-50대,32
50,제주,50130,11000,노유자시설,21-50대,279
41,경기,41290,05000,문화및집회시설,100대 이상,242455
41,경기,41650,10000,교육연구시설,51-100대,202
11,서울,11650,04000,제2종근린생활시설,21-50대,1942
47,경북,47130,16000,위락시설,10대 이하,96
27,대구,27290,11000,노유자시설,21-50대,97
28,인천,28185,14000,업무시설,100대 이상,17091
30,대전,30230,20000,자동차관련시설,51-100대,292
47,경북,47730,17000,공장,51-100대,145
44,충남,44180,Z3000,근린생활시설,11-20대,13
48,경남,48860,09000,의료시설,10대 이하,0
28,인천,28710,18000,창고시설,51-100대,74
30,대전,30230,04000,제2종근린생활시설,11-20대,541
43,충북,43114,23000,교정및군사시설,11-20대,28
26,부산,26230,08000,운수시설,100대 이상,469
47,경북,47840,24000,방송통신시설,10대 이하,5
47,경북,47210,21000,동물및식물관련시설,11-20대,15
29,광주,29155,05000,문화및집회시설,51-100대,55
41,경기,41410,04000,제2종근린생활시설,11-20대,694
41,경기,41111,21000,동물및식물관련시설,10대 이하,5
46,전남,46860,07000,판매시설,21-50대,44
41,경기,41820,02000,공동주택,100대 이상,16080
44,충남,44180,18000,창고시설,51-100대,82
46,전남,46130,02000,공동주택,11-20대,451
28,인천,28185,14000,업무시설,10대 이하,109
30,대전,30140,Z5000,문화및집회시설,11-20대,11
47,경북,47850,02000,공동주택,21-50대,916
51,강원,51790,02000,공동주택,21-50대,150
47,경북,47290,02000,공동주택,11-20대,796
45,전북,45790,10000,교육연구시설,21-50대,538
51,강원,51210,14000,업무시설,10대 이하,34
48,경남,48860,05000,문화및집회시설,10대 이하,95
50,제주,50130,14000,업무시설,10대 이하,49
27,대구,27710,22000,분뇨.쓰레기처리시설,10대 이하,92
41,경기,41281,13000,운동시설,100대 이상,2205
44,충남,44131,13000,운동시설,11-20대,86
41,경기,41290,02000,공동주택,11-20대,458
48,경남,48125,10000,교육연구시설,51-100대,754
48,경남,48330,13000,운동시설,100대 이상,6995
44,충남,44770,22000,분뇨.쓰레기처리시설,10대 이하,0
41,경기,41133,,,100대 이상,776
31,울산,31200,10000,교육연구시설,51-100대,1886
30,대전,30200,26000,묘지관련시설,100대 이상,943
46,전남,46880,03000,제1종근린생활시설,21-50대,183
43,충북,43111,15000,숙박시설,21-50대,221
41,경기,41220,Z9000,공공용시설,11-20대,19
47,경북,47130,19000,위험물저장및처리시설,100대 이상,522
46,전남,46720,19000,위험물저장및처리시설,10대 이하,2
31,울산,31710,11000,노유자시설,51-100대,69
45,전북,45730,15000,숙박시설,100대 이상,977
41,경기,41430,07000,판매시설,10대 이하,0
48,경남,48127,13000,운동시설,21-50대,23
45,전북,45730,,,51-100대,98
28,인천,28110,06000,종교시설,21-50대,256
11,서울,11740,,,11-20대,12
46,전남,46730,08000,운수시설,21-50대,30
36,세종,36110,20000,자동차관련시설,21-50대,406
51,강원,51810,23000,교정및군사시설,21-50대,816
48,경남,48123,09000,의료시설,21-50대,71
26,부산,26200,17000,공장,51-100대,59
43,충북,43745,18000,창고시설,10대 이하,61
29,광주,29140,13000,운동시설,11-20대,76
51,강원,51230,20000,자동차관련시설,51-100대,96
51,강원,51760,12000,수련시설,51-100대,57
11,서울,11545,,,21-50대,27
28,인천,28720,13000,운동시설,11-20대,13
44,충남,44800,17000,공장,10대 이하,734
44,충남,44200,15000,숙박시설,10대 이하,436
48,경남,48890,,,11-20대,16
44,충남,44180,10000,교육연구시설,100대 이상,2297
46,전남,46150,19000,위험물저장및처리시설,100대 이상,164
51,강원,51190,16000,위락시설,10대 이하,9
41,경기,41171,02000,공동주택,10대 이하,7079
51,강원,51130,06000,종교시설,100대 이상,3558
26,부산,26500,24000,방송통신시설,10대 이하,4
47,경북,47930,07000,판매시설,51-100대,81
11,서울,11740,Z6000,판매및영업시설,11-20대,20
11,서울,11590,07000,판매시설,51-100대,57
41,경기,41570,09000,의료시설,10대 이하,6
36,세종,36110,02000,공동주택,10대 이하,410
41,경기,41150,17000,공장,100대 이상,1827
45,전북,45750,23000,교정및군사시설,100대 이상,855
41,경기,41285,14000,업무시설,21-50대,649
48,경남,48850,27000,관광휴게시설,10대 이하,0
46,전남,46860,Z3000,근린생활시설,10대 이하,0
51,강원,51210,13000,운동시설,100대 이상,16806
48,경남,48720,17000,공장,21-50대,1066
11,서울,11620,17000,공장,10대 이하,10
46,전남,46710,14000,업무시설,100대 이상,1002
51,강원,51820,27000,관광휴게시설,10대 이하,8
11,서울,11215,01000,단독주택,11-20대,254
41,경기,41290,12000,수련시설,51-100대,63
45,전북,45113,23000,교정및군사시설,100대 이상,150
30,대전,30230,02000,공동주택,10대 이하,2064
11,서울,11305,15000,숙박시설,100대 이상,767
45,전북,45800,17000,공장,51-100대,277
26,부산,26230,06000,종교시설,10대 이하,76
27,대구,27170,20000,자동차관련시설,10대 이하,373
28,인천,28110,18000,창고시설,51-100대,1356
11,서울,11170,21000,동물및식물관련시설,10대 이하,0
43,충북,43750,20000,자동차관련시설,11-20대,15
47,경북,47920,24000,방송통신시설,10대 이하,0
51,강원,51730,12000,수련시설,21-50대,69
41,경기,41500,03000,제1종근린생활시설,10대 이하,3650
11,서울,11410,20000,자동차관련시설,100대 이상,105
41,경기,41250,08000,운수시설,10대 이하,10
26,부산,26110,17000,공장,10대 이하,0
26,부산,26440,Z6000,판매및영업시설,10대 이하,14
26,부산,26470,15000,숙박시설,51-100대,270
11,서울,11410,02000,공동주택,51-100대,2309
26,부산,26350,10000,교육연구시설,21-50대,1254
51,강원,51750,07000,판매시설,51-100대,120
41,경기,41273,04000,제2종근린생활시설,100대 이상,2004
41,경기,41500,Z9000,공공용시설,10대 이하,0
11,서울,11215,10000,교육연구시설,10대 이하,154
26,부산,26710,06000,종교시설,10대 이하,208
51,강원,51150,05000,문화및집회시설,100대 이상,257
43,충북,43800,02000,공동주택,10대 이하,196
44,충남,44825,Z3000,근린생활시설,10대 이하,2
41,경기,41173,04000,제2종근린생활시설,10대 이하,1362
44,충남,44825,,,51-100대,53
46,전남,46170,30000,자원순환관련시설,51-100대,72
11,서울,11200,18000,창고시설,11-20대,77
27,대구,27290,09000,의료시설,51-100대,1184
11,서울,11545,06000,종교시설,21-50대,204
45,전북,45770,13000,운동시설,11-20대,39
41,경기,41117,14000,업무시설,21-50대,819
41,경기,41463,13000,운동시설,11-20대,133
45,전북,45180,18000,창고시설,100대 이상,582
41,경기,41271,27000,관광휴게시설,10대 이하,0
46,전남,46880,Z6000,판매및영업시설,10대 이하,0
44,충남,44800,,,10대 이하,0
46,전남,46130,14000,업무시설,100대 이상,3029
41,경기,41117,05000,문화및집회시설,10대 이하,10
48,경남,48310,06000,종교시설,11-20대,238
44,충남,44270,05000,문화및집회시설,10대 이하,29
11,서울,11560,05000,문화및집회시설,10대 이하,4
41,경기,41131,22000,분뇨.쓰레기처리시설,100대 이상,189
41,경기,41190,17000,공장,100대 이상,13388
51,강원,51750,21000,동물및식물관련시설,100대 이상,8932
41,경기,41463,30000,자원순환관련시설,100대 이상,330
48,경남,48121,15000,숙박시설,21-50대,825
48,경남,48880,20000,자동차관련시설,11-20대,13
41,경기,41670,18000,창고시설,21-50대,675
46,전남,46710,15000,숙박시설,21-50대,610
44,충남,44250,07000,판매시설,100대 이상,289
47,경북,47170,18000,창고시설,10대 이하,405
11,서울,11230,20000,자동차관련시설,100대 이상,479
47,경북,47850,11000,노유자시설,51-100대,75
45,전북,45113,01000,단독주택,10대 이하,18517
47,경북,47150,Z3000,근린생활시설,10대 이하,0
27,대구,27290,01000,단독주택,21-50대,47
11,서울,11170,15000,숙박시설,51-100대,65
46,전남,46770,09000,의료시설,10대 이하,16
30,대전,30170,06000,종교시설,10대 이하,293
50,제주,50110,30000,자원순환관련시설,10대 이하,80
11,서울,11560,05000,문화및집회시설,51-100대,155
44,충남,44230,04000,제2종근린생활시설,100대 이상,309
41,경기,41390,01000,단독주택,11-20대,96
26,부산,26230,05000,문화및집회시설,100대 이상,226
46,전남,46710,11000,노유자시설,10대 이하,70
41,경기,41390,02000,공동주택,100대 이상,774574
41,경기,41461,11000,노유자시설,10대 이하,347
44,충남,44200,30000,자원순환관련시설,11-20대,188
48,경남,48870,16000,위락시설,10대 이하,19
41,경기,41220,23000,교정및군사시설,11-20대,30
46,전남,46130,26000,묘지관련시설,10대 이하,0
31,울산,31170,09000,의료시설,10대 이하,0
45,전북,45770,15000,숙박시설,21-50대,43
51,강원,51150,05000,문화및집회시설,10대 이하,207
45,전북,45190,12000,수련시설,10대 이하,0
30,대전,30140,Z3000,근린생활시설,10대 이하,0
41,경기,41465,23000,교정및군사시설,51-100대,69
48,경남,48220,07000,판매시설,11-20대,73
46,전남,46790,03000,제1종근린생활시설,100대 이상,285
28,인천,28110,20000,자동차관련시설,100대 이상,4036
30,대전,30200,06000,종교시설,51-100대,199
31,울산,31140,03000,제1종근린생활시설,51-100대,764
11,서울,11350,,,10대 이하,0
30,대전,30170,29000,장례시설,10대 이하,9
41,경기,41171,24000,방송통신시설,10대 이하,0
48,경남,48330,Z8000,교육연구및복지시설,11-20대,39
41,경기,41150,13000,운동시설,10대 이하,43
48,경남,48129,01000,단독주택,21-50대,115
46,전남,46170,21000,동물및식물관련시설,51-100대,246
26,부산,26320,17000,공장,21-50대,91
11,서울,11200,11000,노유자시설,11-20대,31
46,전남,46810,04010,학원,10대 이하,0
11,서울,11380,22000,분뇨.쓰레기처리시설,10대 이하,5
46,전남,46910,10000,교육연구시설,100대 이상,528
41,경기,41273,02000,공동주택,21-50대,1933
45,전북,45790,02000,공동주택,21-50대,627
43,충북,43113,14000,업무시설,100대 이상,15804
26,부산,26230,10000,교육연구시설,11-20대,261
43,충북,43720,16000,위락시설,10대 이하,0
43,충북,43114,01000,단독주택,10대 이하,18785
50,제주,50130,23000,교정및군사시설,10대 이하,18
41,경기,41370,09000,의료시설,10대 이하,33
29,광주,29170,01000,단독주택,10대 이하,18869
48,경남,48127,06000,종교시설,51-100대,55
41,경기,41220,27000,관광휴게시설,100대 이상,1696
26,부산,26200,14000,업무시설,10대 이하,89
41,경기,41630,33000,"국방,군사시설",10대 이하,0
48,경남,48730,17000,공장,21-50대,3943
28,인천,28185,21000,동물및식물관련시설,10대 이하,0
47,경북,47940,05000,문화및집회시설,10대 이하,3
43,충북,43130,05000,문화및집회시설,100대 이상,2027
41,경기,41570,13000,운동시설,100대 이상,1865
41,경기,41650,24000,방송통신시설,11-20대,12
46,전남,46810,,,10대 이하,35
27,대구,27140,14000,업무시설,51-100대,1057
41,경기,41360,07000,판매시설,11-20대,85
51,강원,51230,13000,운동시설,100대 이상,2600
26,부산,26440,,,51-100대,280
30,대전,30170,26000,묘지관련시설,11-20대,11
47,경북,47850,18000,창고시설,51-100대,183
41,경기,41465,04000,제2종근린생활시설,51-100대,683
41,경기,41800,07000,판매시설,10대 이하,0
26,부산,26380,Z8000,교육연구및복지시설,51-100대,82
43,충북,43750,12000,수련시설,10대 이하,20
48,경남,48820,05000,문화및집회시설,10대 이하,6
48,경남,48123,03000,제1종근린생활시설,51-100대,676
46,전남,46860,09000,의료시설,10대 이하,0
27,대구,27260,09000,의료시설,51-100대,648
47,경북,47150,15000,숙박시설,10대 이하,453
41,경기,41800,17000,공장,100대 이상,1586
47,경북,47920,17000,공장,21-50대,245
28,인천,28200,Z3000,근린생활시설,10대 이하,22
47,경북,47111,14000,업무시설,21-50대,444
41,경기,41290,,,100대 이상,8690
43,충북,43113,11000,노유자시설,51-100대,143
47,경북,47750,02000,공동주택,10대 이하,215
43,충북,43114,16000,위락시설,51-100대,63
11,서울,11740,Z3000,근린생활시설,51-100대,61
11,서울,11380,05000,문화및집회시설,11-20대,62
29,광주,29170,30000,자원순환관련시설,10대 이하,53
44,충남,44810,Z5000,문화및집회시설,10대 이하,0
51,강원,51770,07000,판매시설,10대 이하,0
11,서울,11740,17000,공장,100대 이상,677
46,전남,46790,03000,제1종근린생활시설,11-20대,884
47,경북,47750,19000,위험물저장및처리시설,10대 이하,11
44,충남,44230,23000,교정및군사시설,10대 이하,31
26,부산,26380,07000,판매시설,21-50대,114
27,대구,27230,17000,공장,51-100대,445
26,부산,26110,03000,제1종근린생활시설,21-50대,27
41,경기,41450,20000,자동차관련시설,11-20대,157
47,경북,47150,07000,판매시설,51-100대,115
47,경북,47170,,,10대 이하,93
27,대구,27170,Z6000,판매및영업시설,10대 이하,0
43,충북,43750,20000,자동차관련시설,10대 이하,47
48,경남,48720,26000,묘지관련시설,10대 이하,2
27,대구,27710,18000,창고시설,21-50대,291
28,인천,28245,Z8000,교육연구및복지시설,11-20대,26
45,전북,45740,21000,동물및식물관련시설,10대 이하,35
46,전남,46150,11000,노유자시설,10대 이하,282
48,경남,48330,03000,제1종근린생활시설,10대 이하,4125
41,경기,41171,11000,노유자시설,10대 이하,167
44,충남,44133,07000,판매시설,51-100대,864
41,경기,41150,14000,업무시설,100대 이상,5634
11,서울,11305,26000,묘지관련시설,10대 이하,0
45,전북,45113,14000,업무시설,100대 이상,4572
48,경남,48220,30000,자원순환관련시설,11-20대,17
41,경기,41281,14000,업무시설,21-50대,549
43,충북,43800,22000,분뇨.쓰레기처리시설,21-50대,31
44,충남,44250,06000,종교시설,21-50대,83
46,전남,46860,01000,단독주택,11-20대,16
48,경남,48850,08000,운수시설,10대 이하,12
44,충남,44133,09000,의료시설,51-100대,651
27,대구,27720,18000,창고시설,100대 이상,648
11,서울,11440,24000,방송통신시설,51-100대,139
30,대전,30110,05000,문화및집회시설,11-20대,16
41,경기,41250,15000,숙박시설,21-50대,73
26,부산,26170,01000,단독주택,11-20대,11
47,경북,47900,01000,단독주택,51-100대,68
48,경남,48870,15000,숙박시설,21-50대,41
26,부산,26530,13000,운동시설,11-20대,48
27,대구,27260,03000,제1종근린생활시설,21-50대,2212
51,강원,51800,01000,단독주택,10대 이하,1103
47,경북,47130,02000,공동주택,21-50대,2720
27,대구,27200,14000,업무시설,100대 이상,719
11,서울,11530,06000,종교시설,21-50대,381
47,경북,47250,08000,운수시설,10대 이하,0
29,광주,29155,14000,업무시설,21-50대,339
47,경북,47830,20000,자동차관련시설,10대 이하,23
41,경기,41480,23000,교정및군사시설,21-50대,25
46,전남,46730,05000,문화및집회시설,100대 이상,731
47,경북,47150,26000,묘지관련시설,11-20대,11
44,충남,44230,21000,동물및식물관련시설,21-50대,50
11,서울,11230,03000,제1종근린생활시설,11-20대,752
41,경기,41650,02000,공동주택,10대 이하,2759
41,경기,41250,14000,업무시설,10대 이하,40
43,충북,43112,03000,제1종근린생활시설,10대 이하,2865
28,인천,28245,24000,방송통신시설,21-50대,39
47,경북,47290,04000,제2종근린생활시설,10대 이하,4650
41,경기,41220,30000,자원순환관련시설,10대 이하,313
48,경남,48840,03000,제1종근린생활시설,21-50대,170
28,인천,28245,Z8000,교육연구및복지시설,21-50대,205
48,경남,48270,24000,방송통신시설,51-100대,75
29,광주,29140,Z5000,문화및집회시설,51-100대,64
27,대구,27710,07000,판매시설,100대 이상,3320
45,전북,45750,09000,의료시설,21-50대,32
41,경기,41133,16000,위락시설,21-50대,24
43,충북,43112,24000,방송통신시설,10대 이하,3
41,경기,41610,11000,노유자시설,10대 이하,525
51,강원,51760,27000,관광휴게시설,21-50대,109
47,경북,47280,09000,의료시설,11-20대,11
26,부산,26440,13000,운동시설,11-20대,29
43,충북,43800,03000,제1종근린생활시설,100대 이상,234
44,충남,44200,Z8000,교육연구및복지시설,21-50대,85
30,대전,30140,14000,업무시설,21-50대,599
51,강원,51720,17000,공장,10대 이하,1019
51,강원,51820,19000,위험물저장및처리시설,10대 이하,10
41,경기,41273,20000,자동차관련시설,10대 이하,95
44,충남,44270,,,21-50대,59
43,충북,43760,22000,분뇨.쓰레기처리시설,10대 이하,4
31,울산,31140,16000,위락시설,21-50대,140
11,서울,11530,12000,수련시설,10대 이하,13
11,서울,11710,13000,운동시설,11-20대,16
28,인천,28720,13000,운동시설,10대 이하,20
26,부산,26500,23000,교정및군사시설,10대 이하,0
47,경북,47760,25000,발전시설,10대 이하,0
41,경기,41650,31000,야영장시설,100대 이상,2222
48,경남,48250,27000,관광휴게시설,10대 이하,9
47,경북,47760,11000,노유자시설,10대 이하,29
11,서울,11110,15000,숙박시설,10대 이하,231
44,충남,44150,12000,수련시설,10대 이하,21
47,경북,47190,18999,기타창고시설,10대 이하,0
48,경남,48870,27000,관광휴게시설,21-50대,40
48,경남,48890,03000,제1종근린생활시설,100대 이상,147
41,경기,41210,04000,제2종근린생활시설,10대 이하,2182
41,경기,41135,05000,문화및집회시설,10대 이하,11
29,광주,29155,13000,운동시설,51-100대,52
45,전북,45730,02000,공동주택,51-100대,150
47,경북,47290,10000,교육연구시설,100대 이상,132988
45,전북,45190,24000,방송통신시설,10대 이하,4
46,전남,46800,Z8000,교육연구및복지시설,10대 이하,0
51,강원,51730,17000,공장,21-50대,1726
26,부산,26230,12000,수련시설,10대 이하,11
41,경기,41220,17000,공장,100대 이상,183023
41,경기,41285,01000,단독주택,21-50대,131
41,경기,41287,03000,제1종근린생활시설,21-50대,1296
11,서울,11140,06000,종교시설,10대 이하,73
47,경북,47840,13000,운동시설,21-50대,141
11,서울,11200,24000,방송통신시설,11-20대,16
27,대구,27710,14000,업무시설,10대 이하,63
43,충북,43150,05000,문화및집회시설,51-100대,172
28,인천,28260,22000,분뇨.쓰레기처리시설,10대 이하,194
45,전북,45770,03000,제1종근린생활시설,10대 이하,244
44,충남,44825,01000,단독주택,21-50대,24
41,경기,41111,07000,판매시설,100대 이상,1897
45,전북,45720,Z8000,교육연구및복지시설,10대 이하,14
41,경기,41273,20000,자동차관련시설,11-20대,89
43,충북,43770,30000,자원순환관련시설,10대 이하,74
46,전남,46830,02000,공동주택,10대 이하,243
11,서울,11680,Z8000,교육연구및복지시설,100대 이상,247
11,서울,11320,19000,위험물저장및처리시설,10대 이하,48
27,대구,27720,26000,묘지관련시설,10대 이하,0
48,경남,48840,13000,운동시설,51-100대,53
41,경기,41670,07000,판매시설,21-50대,60
29,광주,29200,17000,공장,11-20대,5588
11,서울,11440,27000,관광휴게시설,10대 이하,0
41,경기,41480,31000,야영장시설,11-20대,18
41,경기,41500,15000,숙박시설,51-100대,140
29,광주,29140,Z9000,공공용시설,21-50대,37
48,경남,48125,19000,위험물저장및처리시설,21-50대,30
47,경북,47113,10000,교육연구시설,11-20대,168
28,인천,28720,02000,공동주택,10대 이하,354
51,강원,51770,13000,운동시설,51-100대,63
27,대구,27140,,,51-100대,65
41,경기,41281,02000,공동주택,11-20대,2978
43,충북,43130,18000,창고시설,10대 이하,617
47,경북,47230,27000,관광휴게시설,100대 이상,4834
50,제주,50130,,,11-20대,12
41,경기,41115,05000,문화및집회시설,10대 이하,4
28,인천,28185,08000,운수시설,21-50대,46
11,서울,11110,17000,공장,10대 이하,0
45,전북,45770,05000,문화및집회시설,51-100대,224
48,경남,48220,09000,의료시설,10대 이하,9
45,전북,45720,18000,창고시설,11-20대,28
41,경기,41220,11000,노유자시설,100대 이상,660
43,충북,43130,14000,업무시설,10대 이하,153
11,서울,11560,Z3000,근린생활시설,21-50대,36
11,서울,11260,11000,노유자시설,21-50대,43
27,대구,27290,17000,공장,100대 이상,8344
11,서울,11560,14000,업무시설,11-20대,1632
27,대구,27170,14000,업무시설,11-20대,161
41,경기,41370,15000,숙박시설,51-100대,97
45,전북,45130,06000,종교시설,10대 이하,459
47,경북,47760,05000,문화및집회시설,21-50대,119
48,경남,48730,01000,단독주택,21-50대,25
43,충북,43113,04000,제2종근린생활시설,21-50대,613
28,인천,28720,04000,제2종근린생활시설,21-50대,116
31,울산,31170,14000,업무시설,10대 이하,68
48,경남,48129,15000,숙박시설,10대 이하,269
45,전북,45210,15000,숙박시설,21-50대,44
41,경기,41820,18000,창고시설,10대 이하,355
45,전북,45800,22000,분뇨.쓰레기처리시설,11-20대,18
26,부산,26170,26000,묘지관련시설,10대 이하,0
46,전남,46800,29000,장례시설,10대 이하,12
41,경기,41463,13000,운동시설,10대 이하,11
41,경기,41190,Z5000,문화및집회시설,21-50대,80
48,경남,48170,10000,교육연구시설,51-100대,1425
31,울산,31170,,,100대 이상,1945
41,경기,41220,17000,공장,10대 이하,5735
41,경기,41290,10000,교육연구시설,100대 이상,945
44,충남,44150,02000,공동주택,51-100대,1402
29,광주,29140,14000,업무시설,21-50대,1253
47,경북,47730,24000,방송통신시설,21-50대,44
43,충북,43114,27000,관광휴게시설,51-100대,92
41,경기,41290,Z3000,근린생활시설,10대 이하,10
41,경기,41115,09000,의료시설,51-100대,470
46,전남,46810,30000,자원순환관련시설,10대 이하,17
51,강원,51210,23000,교정및군사시설,100대 이상,124
11,서울,11200,02000,공동주택,11-20대,1046
44,충남,44710,19000,위험물저장및처리시설,10대 이하,16
41,경기,41650,03000,제1종근린생활시설,51-100대,785
27,대구,27290,09000,의료시설,100대 이상,1017
31,울산,31140,14000,업무시설,10대 이하,359
41,경기,41500,Z8000,교육연구및복지시설,11-20대,14
41,경기,41271,04000,제2종근린생활시설,11-20대,951
41,경기,41461,30000,자원순환관련시설,11-20대,50
51,강원,51750,01000,단독주택,11-20대,491
28,인천,28720,,,100대 이상,103
27,대구,27710,01000,단독주택,100대 이상,523
43,충북,43760,09000,의료시설,100대 이상,151
47,경북,47190,22000,분뇨.쓰레기처리시설,10대 이하,56
27,대구,27260,01000,단독주택,100대 이상,1091
44,충남,44710,01000,단독주택,10대 이하,2100
43,충북,43760,25000,발전시설,10대 이하,0
51,강원,51800,23000,교정및군사시설,21-50대,207
48,경남,48121,09000,의료시설,21-50대,266
44,충남,44270,02000,공동주택,11-20대,966
41,경기,41550,07000,판매시설,100대 이상,5364
48,경남,48250,14000,업무시설,51-100대,1488
11,서울,11680,06000,종교시설,51-100대,605
47,경북,47150,14000,업무시설,51-100대,321
41,경기,41463,01000,단독주택,10대 이하,17330
36,세종,36110,Z8000,교육연구및복지시설,10대 이하,0
44,충남,44270,22000,분뇨.쓰레기처리시설,51-100대,54
48,경남,48820,13000,운동시설,10대 이하,5
11,서울,11470,05000,문화및집회시설,21-50대,157
41,경기,41463,15000,숙박시설,10대 이하,66
41,경기,41800,27000,관광휴게시설,21-50대,156
51,강원,51210,15000,숙박시설,51-100대,515
26,부산,26200,10000,교육연구시설,21-50대,560
46,전남,46730,05000,문화및집회시설,51-100대,225
41,경기,41570,17000,공장,51-100대,5425
45,전북,45210,17000,공장,100대 이상,7943
45,전북,45730,04000,제2종근린생활시설,11-20대,32
45,전북,45210,06000,종교시설,21-50대,233
41,경기,41273,16000,위락시설,10대 이하,5
28,인천,28260,20000,자동차관련시설,10대 이하,602
41,경기,41830,11000,노유자시설,11-20대,122
26,부산,26470,16000,위락시설,100대 이상,171
41,경기,41285,17000,공장,21-50대,606
51,강원,51780,05000,문화및집회시설,10대 이하,35
44,충남,44150,10000,교육연구시설,11-20대,213
43,충북,43130,02000,공동주택,21-50대,2115
44,충남,44760,10000,교육연구시설,10대 이하,29
48,경남,48250,03000,제1종근린생활시설,51-100대,932
11,서울,11215,Z3000,근린생활시설,10대 이하,68
45,전북,45180,19000,위험물저장및처리시설,10대 이하,51
46,전남,46820,12000,수련시설,10대 이하,12
47,경북,47840,03000,제1종근린생활시설,11-20대,289
26,부산,26290,Z3000,근린생활시설,10대 이하,5
47,경북,47280,18000,창고시설,10대 이하,155
11,서울,11545,18000,창고시설,10대 이하,69
48,경남,48129,30000,자원순환관련시설,21-50대,22
30,대전,30200,13000,운동시설,11-20대,99
48,경남,48310,01000,단독주택,10대 이하,22303
41,경기,41800,27000,관광휴게시설,10대 이하,0
43,충북,43113,07000,판매시설,10대 이하,9
31,울산,31140,27000,관광휴게시설,10대 이하,1
48,경남,48123,17000,공장,10대 이하,2058
50,제주,50110,16000,위락시설,10대 이하,84
29,광주,29155,05000,문화및집회시설,10대 이하,23
41,경기,41111,14000,업무시설,11-20대,178
48,경남,48890,06000,종교시설,11-20대,12
11,서울,11620,Z3000,근린생활시설,10대 이하,8
45,전북,45720,06000,종교시설,10대 이하,67
26,부산,26380,Z8000,교육연구및복지시설,11-20대,40
30,대전,30230,33000,"국방,군사시설",10대 이하,0
41,경기,41285,26000,묘지관련시설,100대 이상,104
43,충북,43770,11000,노유자시설,100대 이상,166
30,대전,30140,Z8000,교육연구및복지시설,100대 이상,612
27,대구,27200,07000,판매시설,21-50대,62
47,경북,47190,17000,공장,21-50대,6373
46,전남,46770,08000,운수시설,10대 이하,10
43,충북,43800,03000,제1종근린생활시설,11-20대,170
11,서울,11170,07000,판매시설,11-20대,36
41,경기,41610,06000,종교시설,21-50대,738
41,경기,41220,09000,의료시설,11-20대,20
46,전남,46110,26000,묘지관련시설,11-20대,20
31,울산,31710,07000,판매시설,11-20대,54
27,대구,27200,10000,교육연구시설,10대 이하,64
41,경기,41830,15000,숙박시설,11-20대,205
51,강원,51190,03000,제1종근린생활시설,100대 이상,136
11,서울,11380,,,11-20대,15
43,충북,43130,,,10대 이하,18
47,경북,47280,04000,제2종근린생활시설,21-50대,105
41,경기,41190,02000,공동주택,100대 이상,487858
11,서울,11110,05000,문화및집회시설,51-100대,334
48,경남,48840,05000,문화및집회시설,11-20대,12
46,전남,46900,04000,제2종근린생활시설,21-50대,83
11,서울,11530,06000,종교시설,100대 이상,3907
41,경기,41133,06000,종교시설,51-100대,53
11,서울,11740,03000,제1종근린생활시설,51-100대,431
27,대구,27720,03000,제1종근린생활시설,51-100대,56
46,전남,46840,,,100대 이상,1754
47,경북,47190,05000,문화및집회시설,100대 이상,3130
48,경남,48330,12000,수련시설,10대 이하,12
46,전남,46790,19000,위험물저장및처리시설,10대 이하,42
43,충북,43150,33000,"국방,군사시설",10대 이하,0
51,강원,51110,,,21-50대,42
51,강원,51730,21000,동물및식물관련시설,100대 이상,177
47,경북,47770,14000,업무시설,51-100대,280
36,세종,36110,24000,방송통신시설,10대 이하,7
48,경남,48240,Z3000,근린생활시설,10대 이하,3
47,경북,47210,,,10대 이하,0
47,경북,47130,18000,창고시설,51-100대,746
44,충남,44270,17000,공장,11-20대,1809
41,경기,41287,07000,판매시설,51-100대,98
41,경기,41390,19000,위험물저장및처리시설,51-100대,139
11,서울,11740,02000,공동주택,10대 이하,20747
51,강원,51760,17000,공장,11-20대,214
30,대전,30140,12000,수련시설,21-50대,35
45,전북,45740,22000,분뇨.쓰레기처리시설,10대 이하,27
45,전북,45730,19000,위험물저장및처리시설,51-100대,63
26,부산,26170,03000,제1종근린생활시설,21-50대,170
44,충남,44150,18000,창고시설,21-50대,85
44,충남,44180,14000,업무시설,11-20대,245
51,강원,51790,09000,의료시설,21-50대,37
44,충남,44760,16000,위락시설,10대 이하,26
43,충북,43111,14000,업무시설,100대 이상,843
11,서울,11470,23000,교정및군사시설,21-50대,30
27,대구,27110,16000,위락시설,10대 이하,43
48,경남,48890,07000,판매시설,10대 이하,35
41,경기,41465,07000,판매시설,11-20대,18
27,대구,27710,11000,노유자시설,100대 이상,454
51,강원,51190,13000,운동시설,10대 이하,27
28,인천,28245,03000,제1종근린생활시설,11-20대,670
41,경기,41410,20000,자동차관련시설,21-50대,246
30,대전,30140,11000,노유자시설,11-20대,111
41,경기,41570,Z8000,교육연구및복지시설,51-100대,143
41,경기,41670,17000,공장,10대 이하,983
48,경남,48270,,,11-20대,17
47,경북,47250,20000,자동차관련시설,10대 이하,43
30,대전,30110,03000,제1종근린생활시설,100대 이상,438
11,서울,11560,04000,제2종근린생활시설,21-50대,1048
11,서울,11215,03000,제1종근린생활시설,10대 이하,3733
41,경기,41450,22000,분뇨.쓰레기처리시설,11-20대,14
29,광주,29110,15000,숙박시설,100대 이상,330
47,경북,47760,27005,휴게소,10대 이하,0
46,전남,46710,07000,판매시설,10대 이하,20
47,경북,47150,06000,종교시설,21-50대,163
11,서울,11230,06000,종교시설,11-20대,210
47,경북,47850,30000,자원순환관련시설,11-20대,39
48,경남,48125,13000,운동시설,21-50대,140
47,경북,47290,15000,숙박시설,21-50대,104
30,대전,30170,04001,일반음식점,10대 이하,0
45,전북,45190,22000,분뇨.쓰레기처리시설,10대 이하,21
44,충남,44800,21000,동물및식물관련시설,100대 이상,727
11,서울,11230,04000,제2종근린생활시설,10대 이하,4017
27,대구,27290,07000,판매시설,10대 이하,41
41,경기,41390,20000,자동차관련시설,11-20대,209
47,경북,47280,25000,발전시설,10대 이하,0
44,충남,44180,18000,창고시설,10대 이하,93
41,경기,41820,12000,수련시설,21-50대,137
51,강원,51760,31000,야영장시설,11-20대,17
43,충북,43130,03000,제1종근린생활시설,11-20대,971
48,경남,48125,26000,묘지관련시설,21-50대,26
51,강원,51110,26000,묘지관련시설,10대 이하,0
26,부산,26170,Z8000,교육연구및복지시설,10대 이하,0
45,전북,45130,25000,발전시설,11-20대,15
31,울산,31110,14000,업무시설,21-50대,436
44,충남,44760,05000,문화및집회시설,21-50대,144
41,경기,41820,17000,공장,100대 이상,147
45,전북,45710,03000,제1종근린생활시설,10대 이하,1114
41,경기,41370,07000,판매시설,11-20대,16
11,서울,11740,22000,분뇨.쓰레기처리시설,21-50대,34
41,경기,41465,02000,공동주택,10대 이하,570
43,충북,43113,Z8000,교육연구및복지시설,51-100대,64
43,충북,43770,02000,공동주택,21-50대,935
45,전북,45113,16000,위락시설,10대 이하,161
11,서울,11110,23000,교정및군사시설,10대 이하,0
31,울산,31170,01000,단독주택,10대 이하,11982
41,경기,41220,19000,위험물저장및처리시설,100대 이상,664
44,충남,44250,06000,종교시설,11-20대,44
11,서울,11230,11000,노유자시설,10대 이하,150
46,전남,46780,06000,종교시설,100대 이상,119
47,경북,47130,13000,운동시설,51-100대,629
11,서울,11560,23000,교정및군사시설,100대 이상,840
44,충남,44230,02000,공동주택,11-20대,295
26,부산,26380,07000,판매시설,100대 이상,2228
41,경기,41273,15000,숙박시설,10대 이하,121
41,경기,41285,13000,운동시설,10대 이하,11
43,충북,43720,30000,자원순환관련시설,11-20대,37
11,서울,11620,09000,의료시설,21-50대,282
51,강원,51810,01000,단독주택,11-20대,163
27,대구,27260,05000,문화및집회시설,10대 이하,14
27,대구,27710,18000,창고시설,51-100대,93
46,전남,46110,18000,창고시설,11-20대,160
47,경북,47820,09000,의료시설,51-100대,60
43,충북,43113,,,100대 이상,2524
28,인천,28237,21000,동물및식물관련시설,10대 이하,0
43,충북,43113,09000,의료시설,51-100대,58
26,부산,26260,02000,공동주택,100대 이상,150600
11,서울,11110,14000,업무시설,10대 이하,292
41,경기,41550,02000,공동주택,51-100대,720
36,세종,36110,15000,숙박시설,51-100대,97
46,전남,46110,09000,의료시설,100대 이상,837
27,대구,27290,11000,노유자시설,11-20대,80
43,충북,43114,11000,노유자시설,11-20대,187
45,전북,45210,15000,숙박시설,11-20대,191
47,경북,47150,14000,업무시설,21-50대,535
27,대구,27170,18000,창고시설,100대 이상,176
46,전남,46810,10000,교육연구시설,10대 이하,44
51,강원,51830,11000,노유자시설,10대 이하,15
48,경남,48860,14000,업무시설,21-50대,135
28,인천,28260,15000,숙박시설,10대 이하,264
11,서울,11710,14000,업무시설,100대 이상,27023
48,경남,48880,14000,업무시설,100대 이상,113
45,전북,45770,13000,운동시설,51-100대,67
26,부산,26470,14000,업무시설,10대 이하,359
11,서울,11590,05000,문화및집회시설,21-50대,24
43,충북,43112,17000,공장,51-100대,329
46,전남,46860,26000,묘지관련시설,10대 이하,6
26,부산,26500,14000,업무시설,10대 이하,177
26,부산,26470,13000,운동시설,51-100대,128
11,서울,11290,04000,제2종근린생활시설,51-100대,205
26,부산,26380,Z9000,공공용시설,100대 이상,150
29,광주,29110,14000,업무시설,100대 이상,4263
28,인천,28710,18000,창고시설,10대 이하,583
47,경북,47290,20000,자동차관련시설,21-50대,503
26,부산,26380,08000,운수시설,100대 이상,585
44,충남,44770,15000,숙박시설,10대 이하,137
43,충북,43130,09000,의료시설,11-20대,123
51,강원,51820,13000,운동시설,21-50대,67
29,광주,29170,23000,교정및군사시설,10대 이하,17
51,강원,51810,23000,교정및군사시설,100대 이상,5291
41,경기,41173,14000,업무시설,21-50대,1075
45,전북,45770,,,10대 이하,19
45,전북,45113,13000,운동시설,11-20대,62
46,전남,46870,19000,위험물저장및처리시설,10대 이하,24
46,전남,46720,02000,공동주택,100대 이상,1622
41,경기,41570,09000,의료시설,11-20대,52
47,경북,47820,10000,교육연구시설,51-100대,64
48,경남,48730,30000,자원순환관련시설,10대 이하,244
51,강원,51830,18000,창고시설,11-20대,12
44,충남,44133,22000,분뇨.쓰레기처리시설,51-100대,72
41,경기,41480,12000,수련시설,11-20대,15
28,인천,28260,05000,문화및집회시설,51-100대,241
41,경기,41115,,,10대 이하,17
26,부산,26200,19000,위험물저장및처리시설,11-20대,11
48,경남,48860,30000,자원순환관련시설,10대 이하,12
30,대전,30200,20000,자동차관련시설,100대 이상,2086
11,서울,11500,20000,자동차관련시설,51-100대,845
51,강원,51150,20000,자동차관련시설,10대 이하,152
46,전남,46820,15000,숙박시설,11-20대,131
43,충북,43750,27000,관광휴게시설,10대 이하,0
29,광주,29110,11000,노유자시설,10대 이하,172
44,충남,44760,Z8000,교육연구및복지시설,10대 이하,0
28,인천,28140,05000,문화및집회시설,10대 이하,4
41,경기,41590,06000,종교시설,10대 이하,435
30,대전,30230,22000,분뇨.쓰레기처리시설,21-50대,31
46,전남,46770,10000,교육연구시설,10대 이하,26
44,충남,44790,11000,노유자시설,11-20대,15
47,경북,47230,11000,노유자시설,51-100대,124
45,전북,45180,27000,관광휴게시설,51-100대,75
41,경기,41461,02000,공동주택,100대 이상,156602
48,경남,48123,07000,판매시설,11-20대,18
26,부산,26380,Z6000,판매및영업시설,100대 이상,1237
48,경남,48330,Z8000,교육연구및복지시설,10대 이하,10
47,경북,47940,10000,교육연구시설,11-20대,28
47,경북,47111,04000,제2종근린생활시설,10대 이하,4718
43,충북,43111,10000,교육연구시설,51-100대,1014
47,경북,47290,04000,제2종근린생활시설,21-50대,869
26,부산,26530,30000,자원순환관련시설,10대 이하,37
26,부산,26530,10000,교육연구시설,21-50대,912
30,대전,30140,10000,교육연구시설,100대 이상,3549
41,경기,41210,10000,교육연구시설,100대 이상,525
46,전남,46730,15000,숙박시설,21-50대,241
44,충남,44760,07000,판매시설,100대 이상,2388
41,경기,41610,11000,노유자시설,21-50대,217
44,충남,44710,04000,제2종근린생활시설,21-50대,61
28,인천,28710,02000,공동주택,21-50대,1415
41,경기,41610,23000,교정및군사시설,21-50대,24
45,전북,45740,15000,숙박시설,10대 이하,28
41,경기,41463,17000,공장,51-100대,440
27,대구,27290,06000,종교시설,21-50대,348
41,경기,41830,05000,문화및집회시설,21-50대,141
43,충북,43770,14000,업무시설,10대 이하,34
47,경북,47280,16000,위락시설,100대 이상,102
51,강원,51170,,,21-50대,60
47,경북,47750,02000,공동주택,100대 이상,158
41,경기,41117,02000,공동주택,10대 이하,481
43,충북,43730,17000,공장,100대 이상,2010
27,대구,27260,09000,의료시설,21-50대,450
51,강원,51750,06000,종교시설,11-20대,88
43,충북,43111,18000,창고시설,100대 이상,124
47,경북,47290,03000,제1종근린생활시설,21-50대,1416
43,충북,43770,13000,운동시설,11-20대,66
48,경남,48820,16000,위락시설,11-20대,12
41,경기,41281,20000,자동차관련시설,10대 이하,174
48,경남,48270,27000,관광휴게시설,21-50대,30
46,전남,46230,26000,묘지관련시설,21-50대,41
11,서울,11680,11000,노유자시설,10대 이하,219
47,경북,47770,23000,교정및군사시설,10대 이하,0
46,전남,46720,12000,수련시설,11-20대,20
28,인천,28245,20000,자동차관련시설,100대 이상,1651
47,경북,47760,21000,동물및식물관련시설,10대 이하,2
26,부산,26380,18000,창고시설,51-100대,790
41,경기,41550,18000,창고시설,10대 이하,1396
46,전남,46710,02000,공동주택,10대 이하,170
51,강원,51770,17000,공장,51-100대,337
43,충북,43730,17000,공장,21-50대,1103
47,경북,47170,02000,공동주택,100대 이상,77127
50,제주,50110,21000,동물및식물관련시설,11-20대,157
26,부산,26260,Z6000,판매및영업시설,10대 이하,0
41,경기,41450,13000,운동시설,21-50대,202
41,경기,41650,03000,제1종근린생활시설,11-20대,1061
11,서울,11650,23000,교정및군사시설,21-50대,45
28,인천,28237,23000,교정및군사시설,21-50대,88
48,경남,48740,01000,단독주택,21-50대,76
30,대전,30200,13000,운동시설,100대 이상,3949
26,부산,26500,11000,노유자시설,11-20대,111
41,경기,41283,18000,창고시설,10대 이하,8
45,전북,45750,22000,분뇨.쓰레기처리시설,51-100대,53
28,인천,28260,05000,문화및집회시설,10대 이하,9
43,충북,43130,08000,운수시설,10대 이하,0
48,경남,48860,29000,장례시설,10대 이하,0
47,경북,47230,11000,노유자시설,21-50대,110
11,서울,11620,05000,문화및집회시설,21-50대,44
41,경기,41590,27000,관광휴게시설,100대 이상,4318
29,광주,29200,14000,업무시설,100대 이상,5968
11,서울,11560,Z3000,근린생활시설,10대 이하,10
41,경기,41463,06000,종교시설,10대 이하,168
45,전북,45130,14000,업무시설,11-20대,386
48,경남,48240,12000,수련시설,10대 이하,3
11,서울,11380,07000,판매시설,11-20대,20
41,경기,41670,02000,공동주택,100대 이상,60920
44,충남,44800,05000,문화및집회시설,21-50대,119
41,경기,41450,02000,공동주택,100대 이상,236311
41,경기,41250,19000,위험물저장및처리시설,10대 이하,45
26,부산,26380,11000,노유자시설,11-20대,95
45,전북,45190,30000,자원순환관련시설,10대 이하,23
43,충북,43740,11000,노유자시설,51-100대,82
51,강원,51760,13000,운동시설,100대 이상,15903
46,전남,46860,04000,제2종근린생활시설,10대 이하,433
43,충북,43114,30000,자원순환관련시설,51-100대,52
41,경기,41111,18000,창고시설,21-50대,33
48,경남,48860,07000,판매시설,11-20대,38
31,울산,31140,01000,단독주택,11-20대,2777
45,전북,45130,04000,제2종근린생활시설,10대 이하,4788
46,전남,46780,09000,의료시설,21-50대,144
11,서울,11230,13000,운동시설,100대 이상,214
51,강원,51790,11000,노유자시설,11-20대,33
41,경기,41590,06000,종교시설,51-100대,564
48,경남,48121,23000,교정및군사시설,10대 이하,19
51,강원,51110,02000,공동주택,51-100대,306
41,경기,41287,,,51-100대,51
43,충북,43130,14000,업무시설,51-100대,704
44,충남,44270,03000,제1종근린생활시설,100대 이상,202
47,경북,47770,22000,분뇨.쓰레기처리시설,21-50대,23
11,서울,11350,07000,판매시설,21-50대,93
30,대전,30140,Z5000,문화및집회시설,10대 이하,8
51,강원,51750,02000,공동주택,21-50대,280
46,전남,46710,12000,수련시설,11-20대,12
48,경남,48880,29000,장례시설,11-20대,36
51,강원,51110,22000,분뇨.쓰레기처리시설,11-20대,13
51,강원,51790,27000,관광휴게시설,11-20대,11
51,강원,51830,13000,운동시설,100대 이상,349
46,전남,46870,22000,분뇨.쓰레기처리시설,11-20대,31
41,경기,41220,06000,종교시설,51-100대,693
41,경기,41500,14000,업무시설,100대 이상,3688
46,전남,46890,,,51-100대,62
41,경기,41610,13000,운동시설,21-50대,376
30,대전,30170,04000,제2종근린생활시설,10대 이하,4662
28,인천,28237,14000,업무시설,51-100대,7363
41,경기,41285,02000,공동주택,51-100대,2765
27,대구,27260,23000,교정및군사시설,10대 이하,0
43,충북,43112,13000,운동시설,21-50대,122
43,충북,43740,20000,자동차관련시설,10대 이하,5
26,부산,26110,02000,공동주택,51-100대,813
48,경남,48125,15000,숙박시설,10대 이하,339
11,서울,11230,10000,교육연구시설,11-20대,110
11,서울,11560,20000,자동차관련시설,11-20대,28
11,서울,11710,15000,숙박시설,51-100대,135
44,충남,44810,27000,관광휴게시설,100대 이상,2061
46,전남,46810,33000,"국방,군사시설",10대 이하,0
41,경기,41113,20000,자동차관련시설,11-20대,217
48,경남,48270,30000,자원순환관련시설,100대 이상,482
47,경북,47770,18999,기타창고시설,10대 이하,0
43,충북,43740,04000,제2종근린생활시설,11-20대,69
46,전남,46710,26000,묘지관련시설,10대 이하,0
48,경남,48170,23000,교정및군사시설,21-50대,23
51,강원,51770,17000,공장,10대 이하,189
47,경북,47760,30000,자원순환관련시설,10대 이하,0
43,충북,43113,05000,문화및집회시설,51-100대,112
48,경남,48127,07000,판매시설,51-100대,83
41,경기,41115,24000,방송통신시설,10대 이하,0
47,경북,47920,02000,공동주택,21-50대,542
27,대구,27710,08000,운수시설,10대 이하,0
11,서울,11620,09000,의료시설,10대 이하,14
46,전남,46720,07000,판매시설,10대 이하,0
46,전남,46870,09000,의료시설,21-50대,24
47,경북,47730,26000,묘지관련시설,10대 이하,16
27,대구,27290,04000,제2종근린생활시설,100대 이상,673
51,강원,51210,08000,운수시설,10대 이하,15
27,대구,27140,08000,운수시설,100대 이상,1295
11,서울,11545,19000,위험물저장및처리시설,10대 이하,33
36,세종,36110,26000,묘지관련시설,10대 이하,9
46,전남,46880,19000,위험물저장및처리시설,10대 이하,18
26,부산,26260,16000,위락시설,100대 이상,233
46,전남,46230,02000,공동주택,21-50대,574
48,경남,48121,13000,운동시설,51-100대,229
45,전북,45730,02000,공동주택,10대 이하,120
29,광주,29200,25000,발전시설,100대 이상,512
11,서울,11170,Z3000,근린생활시설,10대 이하,93
46,전남,46900,Z5000,문화및집회시설,10대 이하,0
51,강원,51770,13000,운동시설,10대 이하,21
46,전남,46710,01000,단독주택,21-50대,953
27,대구,27720,Z5000,문화및집회시설,10대 이하,2
41,경기,41190,06000,종교시설,100대 이상,136
47,경북,47820,09000,의료시설,21-50대,160
11,서울,11500,17000,공장,51-100대,335
45,전북,45720,05000,문화및집회시설,10대 이하,14
41,경기,41150,13000,운동시설,51-100대,145
51,강원,51790,13000,운동시설,11-20대,32
11,서울,11260,10000,교육연구시설,100대 이상,1043
26,부산,26350,18000,창고시설,21-50대,25
48,경남,48820,07000,판매시설,21-50대,36
41,경기,41131,14000,업무시설,11-20대,264
29,광주,29170,01002,다중주택,10대 이하,0
46,전남,46910,09000,의료시설,21-50대,32
47,경북,47750,06000,종교시설,11-20대,30
46,전남,46150,30000,자원순환관련시설,11-20대,65
51,강원,51230,,,10대 이하,6
41,경기,41465,10000,교육연구시설,11-20대,200
41,경기,41500,07000,판매시설,11-20대,72
27,대구,27290,01000,단독주택,10대 이하,28513
41,경기,41410,18000,창고시설,10대 이하,68
11,서울,11350,14000,업무시설,10대 이하,77
48,경남,48127,04000,제2종근린생활시설,21-50대,340
31,울산,31200,05000,문화및집회시설,11-20대,35
46,전남,46880,21000,동물및식물관련시설,10대 이하,36
26,부산,26380,22000,분뇨.쓰레기처리시설,21-50대,98
43,충북,43740,,,10대 이하,46
28,인천,28720,12000,수련시설,11-20대,15
30,대전,30110,15000,숙박시설,11-20대,323
41,경기,41360,07000,판매시설,10대 이하,11
45,전북,45190,13000,운동시설,51-100대,153
47,경북,47190,04000,제2종근린생활시설,11-20대,985
41,경기,41111,05000,문화및집회시설,10대 이하,4
43,충북,43760,,,10대 이하,10
30,대전,30110,15000,숙박시설,21-50대,338
11,서울,11560,03000,제1종근린생활시설,21-50대,1127
43,충북,43745,12000,수련시설,21-50대,36
46,전남,46910,01000,단독주택,51-100대,70
41,경기,41273,06000,종교시설,11-20대,161
45,전북,45113,18000,창고시설,21-50대,330
41,경기,41271,09000,의료시설,100대 이상,441
47,경북,47770,18000,창고시설,11-20대,68
29,광주,29200,02000,공동주택,100대 이상,343137
26,부산,26140,Z6000,판매및영업시설,10대 이하,0
47,경북,47850,15000,숙박시설,11-20대,584
41,경기,41570,25000,발전시설,11-20대,12
41,경기,41210,11000,노유자시설,11-20대,116
48,경남,48310,17000,공장,11-20대,316
41,경기,41150,06000,종교시설,11-20대,361
41,경기,41135,05000,문화및집회시설,11-20대,174
30,대전,30200,01000,단독주택,11-20대,2484
41,경기,41210,02000,공동주택,11-20대,1306
41,경기,41820,20000,자동차관련시설,100대 이상,118
48,경남,48330,22000,분뇨.쓰레기처리시설,11-20대,43
30,대전,30230,17000,공장,100대 이상,39522
41,경기,41117,02000,공동주택,11-20대,330
41,경기,41131,17000,공장,10대 이하,2
45,전북,45111,15000,숙박시설,51-100대,218
48,경남,48121,20000,자동차관련시설,10대 이하,299
41,경기,41550,22000,분뇨.쓰레기처리시설,21-50대,96
47,경북,47113,19000,위험물저장및처리시설,11-20대,12
41,경기,41610,18000,창고시설,21-50대,2425
47,경북,47850,20000,자동차관련시설,10대 이하,206
41,경기,41461,19000,위험물저장및처리시설,51-100대,177
11,서울,11140,02000,공동주택,21-50대,1043
51,강원,51730,01000,단독주택,21-50대,200
26,부산,26170,11000,노유자시설,21-50대,23
48,경남,48123,Z8000,교육연구및복지시설,10대 이하,0
28,인천,28710,27000,관광휴게시설,51-100대,206
31,울산,31710,19000,위험물저장및처리시설,100대 이상,11163
50,제주,50110,24000,방송통신시설,10대 이하,27
43,충북,43730,05000,문화및집회시설,100대 이상,635
43,충북,43114,18000,창고시설,11-20대,98
41,경기,41220,29000,장례시설,100대 이상,365
45,전북,45111,18000,창고시설,11-20대,55
46,전남,46790,04000,제2종근린생활시설,51-100대,84
44,충남,44150,06000,종교시설,10대 이하,146
51,강원,51730,05000,문화및집회시설,11-20대,46
27,대구,27230,08000,운수시설,10대 이하,0
28,인천,28140,17000,공장,51-100대,109
43,충북,43720,01000,단독주택,21-50대,53
45,전북,45140,b8990,,10대 이하,0
51,강원,51130,23000,교정및군사시설,51-100대,191
41,경기,41115,06000,종교시설,11-20대,170
50,제주,50130,06000,종교시설,21-50대,547
27,대구,27720,14000,업무시설,51-100대,350
41,경기,41820,02000,공동주택,51-100대,480
27,대구,27110,10000,교육연구시설,100대 이상,311
41,경기,41173,19000,위험물저장및처리시설,21-50대,33
44,충남,44800,09000,의료시설,51-100대,332
46,전남,46780,12000,수련시설,21-50대,92
28,인천,28720,07000,판매시설,21-50대,24
41,경기,41410,07000,판매시설,11-20대,13
27,대구,27230,05000,문화및집회시설,100대 이상,2920
44,충남,44210,06000,종교시설,100대 이상,106
46,전남,46150,25000,발전시설,10대 이하,0
46,전남,46730,20000,자동차관련시설,100대 이상,114
47,경북,47770,04000,제2종근린생활시설,51-100대,55
51,강원,51720,13000,운동시설,11-20대,180
51,강원,51720,27000,관광휴게시설,21-50대,80
46,전남,46170,21000,동물및식물관련시설,100대 이상,644
46,전남,46880,01000,단독주택,10대 이하,2306
30,대전,30110,Z3000,근린생활시설,10대 이하,32
43,충북,43740,30000,자원순환관련시설,10대 이하,6
46,전남,46710,15000,숙박시설,11-20대,63
26,부산,26170,10000,교육연구시설,11-20대,33
28,인천,28260,Z8000,교육연구및복지시설,51-100대,169
43,충북,43740,04000,제2종근린생활시설,51-100대,60
26,부산,26290,04000,제2종근린생활시설,21-50대,362
43,충북,43150,14000,업무시설,11-20대,152
45,전북,45113,07000,판매시설,11-20대,49
41,경기,41117,05000,문화및집회시설,51-100대,155
47,경북,47210,20000,자동차관련시설,100대 이상,106
45,전북,45140,24000,방송통신시설,11-20대,18
45,전북,45210,12000,수련시설,51-100대,217
51,강원,51770,22000,분뇨.쓰레기처리시설,10대 이하,27
51,강원,51800,30000,자원순환관련시설,11-20대,20
46,전남,46840,29000,장례시설,11-20대,16
28,인천,28720,15000,숙박시설,51-100대,52
51,강원,51110,09000,의료시설,51-100대,764
44,충남,44180,Z5000,문화및집회시설,11-20대,13
51,강원,51150,15000,숙박시설,11-20대,1008
28,인천,28710,11000,노유자시설,51-100대,220
48,경남,48270,18000,창고시설,51-100대,60
48,경남,48880,09000,의료시설,21-50대,109
46,전남,46170,01000,단독주택,100대 이상,388
48,경남,48170,05000,문화및집회시설,10대 이하,82
29,광주,29200,Z6000,판매및영업시설,100대 이상,607
47,경북,47770,04000,제2종근린생활시설,21-50대,59
41,경기,41570,06000,종교시설,100대 이상,162
51,강원,51150,21000,동물및식물관련시설,10대 이하,109
41,경기,41670,15000,숙박시설,100대 이상,1152
28,인천,28710,05000,문화및집회시설,51-100대,53
11,서울,11305,10000,교육연구시설,100대 이상,1901
41,경기,41220,Z6000,판매및영업시설,10대 이하,0
41,경기,41281,05000,문화및집회시설,10대 이하,28
48,경남,48730,15000,숙박시설,10대 이하,183
43,충북,43114,08000,운수시설,51-100대,71
11,서울,11260,10000,교육연구시설,10대 이하,90
41,경기,41360,20000,자동차관련시설,11-20대,177
30,대전,30200,10000,교육연구시설,21-50대,4795
11,서울,11680,07000,판매시설,21-50대,703
46,전남,46170,14000,업무시설,21-50대,639
47,경북,47850,18000,창고시설,10대 이하,1359
41,경기,41500,02001,아파트,10대 이하,0
28,인천,28260,Z3307,골프연습장,21-50대,45
26,부산,26350,16000,위락시설,10대 이하,3
46,전남,46110,Z5000,문화및집회시설,10대 이하,33
27,대구,27140,04000,제2종근린생활시설,11-20대,936
28,인천,28110,05000,문화및집회시설,100대 이상,2154
44,충남,44230,10000,교육연구시설,100대 이상,5906
44,충남,44810,15000,숙박시설,100대 이상,492
46,전남,46840,27000,관광휴게시설,10대 이하,0
31,울산,31110,07000,판매시설,10대 이하,40
47,경북,47290,10000,교육연구시설,21-50대,1295
29,광주,29200,15000,숙박시설,21-50대,820
41,경기,41131,13000,운동시설,10대 이하,9
43,충북,43130,13000,운동시설,10대 이하,21
11,서울,11650,02000,공동주택,11-20대,5859
51,강원,51720,05000,문화및집회시설,21-50대,66
44,충남,44150,05000,문화및집회시설,10대 이하,47
41,경기,41830,19000,위험물저장및처리시설,11-20대,16
41,경기,41820,06000,종교시설,51-100대,130
41,경기,41550,23000,교정및군사시설,21-50대,21
47,경북,47190,26000,묘지관련시설,10대 이하,0
11,서울,11680,09000,의료시설,10대 이하,52
41,경기,41570,22000,분뇨.쓰레기처리시설,51-100대,76
41,경기,41550,09000,의료시설,10대 이하,25
46,전남,46170,22000,분뇨.쓰레기처리시설,21-50대,22
43,충북,43113,13000,운동시설,11-20대,127
11,서울,11230,14000,업무시설,11-20대,798
41,경기,41290,Z8000,교육연구및복지시설,21-50대,25
47,경북,47920,14000,업무시설,21-50대,69
26,부산,26470,08000,운수시설,100대 이상,1547
47,경북,47290,30000,자원순환관련시설,10대 이하,64
26,부산,26710,13000,운동시설,100대 이상,15280
51,강원,51800,13000,운동시설,21-50대,240
47,경북,47250,09000,의료시설,10대 이하,28
11,서울,11320,09000,의료시설,21-50대,234
11,서울,11740,16000,위락시설,10대 이하,27
26,부산,26200,19000,위험물저장및처리시설,10대 이하,15
46,전남,46790,02000,공동주택,11-20대,43
47,경북,47230,29000,장례시설,21-50대,24
47,경북,47850,Z8000,교육연구및복지시설,10대 이하,0
41,경기,41117,27000,관광휴게시설,100대 이상,816
26,부산,26320,14000,업무시설,10대 이하,155
46,전남,46810,07000,판매시설,10대 이하,4
26,부산,26440,30000,자원순환관련시설,11-20대,282
44,충남,44150,12000,수련시설,21-50대,70
41,경기,41220,15000,숙박시설,100대 이상,1116
48,경남,48125,01000,단독주택,10대 이하,4486
31,울산,31710,21000,동물및식물관련시설,10대 이하,170
47,경북,47850,30000,자원순환관련시설,21-50대,162
43,충북,43745,20000,자동차관련시설,10대 이하,33
28,인천,28260,03000,제1종근린생활시설,21-50대,3196
48,경남,48330,03000,제1종근린생활시설,51-100대,2079
51,강원,51170,25000,발전시설,10대 이하,1
47,경북,47130,11000,노유자시설,51-100대,96
41,경기,41220,04402,사무소,10대 이하,1
47,경북,47290,15000,숙박시설,100대 이상,565
41,경기,41430,17000,공장,100대 이상,6688
44,충남,44810,06000,종교시설,21-50대,199
41,경기,41820,05000,문화및집회시설,21-50대,44
44,충남,44133,Z3000,근린생활시설,21-50대,29
27,대구,27200,,,10대 이하,8
41,경기,41461,09000,의료시설,51-100대,81
31,울산,31710,06000,종교시설,11-20대,208
43,충북,43800,Z5000,문화및집회시설,10대 이하,0
29,광주,29155,25000,발전시설,21-50대,22
51,강원,51770,03000,제1종근린생활시설,100대 이상,164
41,경기,41570,24000,방송통신시설,21-50대,35
43,충북,43750,33000,"국방,군사시설",10대 이하,0
46,전남,46870,13000,운동시설,51-100대,128
26,부산,26110,Z8000,교육연구및복지시설,10대 이하,0
26,부산,26230,Z3000,근린생활시설,21-50대,96
46,전남,46830,19000,위험물저장및처리시설,10대 이하,33
28,인천,28140,06000,종교시설,21-50대,121
45,전북,45140,20000,자동차관련시설,51-100대,332
11,서울,11260,Z3000,근린생활시설,10대 이하,23
41,경기,41113,13000,운동시설,51-100대,64
44,충남,44250,Z6000,판매및영업시설,10대 이하,0
45,전북,45800,12000,수련시설,51-100대,248
26,부산,26710,07000,판매시설,21-50대,118
44,충남,44133,08000,운수시설,21-50대,43
11,서울,11650,26000,묘지관련시설,100대 이상,130
51,강원,51150,24000,방송통신시설,51-100대,64
30,대전,30170,19000,위험물저장및처리시설,10대 이하,85
41,경기,41570,22000,분뇨.쓰레기처리시설,21-50대,77
31,울산,31200,30000,자원순환관련시설,11-20대,12
44,충남,44770,10000,교육연구시설,10대 이하,41
47,경북,47820,09000,의료시설,100대 이상,114
43,충북,43114,27000,관광휴게시설,10대 이하,0
11,서울,11545,02000,공동주택,21-50대,3370
41,경기,41410,13000,운동시설,21-50대,86
30,대전,30170,01000,단독주택,21-50대,71
51,강원,51130,03000,제1종근린생활시설,11-20대,1562
11,서울,11680,20000,자동차관련시설,21-50대,303
45,전북,45130,05000,문화및집회시설,21-50대,642
28,인천,28720,30000,자원순환관련시설,11-20대,11
27,대구,27170,18000,창고시설,10대 이하,336
45,전북,45710,06000,종교시설,21-50대,229
41,경기,41390,19000,위험물저장및처리시설,10대 이하,259
30,대전,30170,13000,운동시설,100대 이상,1320
29,광주,29140,30000,자원순환관련시설,11-20대,12
46,전남,46130,21000,동물및식물관련시설,11-20대,26
11,서울,11740,02000,공동주택,51-100대,8757
45,전북,45190,05000,문화및집회시설,100대 이상,300
11,서울,11560,10000,교육연구시설,100대 이상,900
44,충남,44180,07000,판매시설,21-50대,84
41,경기,41463,06000,종교시설,11-20대,247
45,전북,45790,06000,종교시설,100대 이상,309
45,전북,45130,19000,위험물저장및처리시설,10대 이하,223
51,강원,51230,17000,공장,21-50대,185
41,경기,41133,04000,제2종근린생활시설,10대 이하,1459
44,충남,44800,19000,위험물저장및처리시설,21-50대,61
46,전남,46830,13000,운동시설,100대 이상,3098
51,강원,51760,02000,공동주택,10대 이하,629
43,충북,43150,14000,업무시설,10대 이하,80
51,강원,51810,29000,장례시설,51-100대,57
50,제주,50110,09000,의료시설,11-20대,93
44,충남,44270,27000,관광휴게시설,10대 이하,7
26,부산,26110,09000,의료시설,51-100대,83
27,대구,27110,,,10대 이하,23
41,경기,41610,21000,동물및식물관련시설,21-50대,30
41,경기,41173,03000,제1종근린생활시설,10대 이하,1363
47,경북,47190,09000,의료시설,11-20대,72
26,부산,26440,27000,관광휴게시설,11-20대,91
44,충남,44800,26000,묘지관련시설,100대 이상,224
48,경남,48127,Z5000,문화및집회시설,10대 이하,0
27,대구,27710,Z3000,근린생활시설,10대 이하,61
41,경기,41570,03000,제1종근린생활시설,51-100대,2137
46,전남,46130,02000,공동주택,51-100대,1135
27,대구,27260,11000,노유자시설,51-100대,119
44,충남,44210,17000,공장,10대 이하,777
43,충북,43745,18000,창고시설,11-20대,73
28,인천,28260,18000,창고시설,11-20대,413
46,전남,46830,18000,창고시설,11-20대,220
43,충북,43745,23000,교정및군사시설,100대 이상,4013
30,대전,30230,10000,교육연구시설,100대 이상,3588
46,전남,46810,11000,노유자시설,10대 이하,35
11,서울,11380,14000,업무시설,51-100대,757
46,전남,46830,04000,제2종근린생활시설,21-50대,129
43,충북,43113,02000,공동주택,10대 이하,483
45,전북,45730,14000,업무시설,100대 이상,228
43,충북,43113,15000,숙박시설,21-50대,238
11,서울,11620,13000,운동시설,51-100대,85
26,부산,26350,06000,종교시설,10대 이하,185
29,광주,29170,02000,공동주택,11-20대,931
26,부산,26410,17000,공장,10대 이하,606
41,경기,41590,31000,야영장시설,21-50대,28
11,서울,11305,02000,공동주택,21-50대,2631
46,전남,46840,20000,자동차관련시설,10대 이하,38
26,부산,26260,06000,종교시설,100대 이상,449
26,부산,26140,04000,제2종근린생활시설,51-100대,75
48,경남,48720,15000,숙박시설,11-20대,41
28,인천,28260,09000,의료시설,100대 이상,1240
46,전남,46780,03000,제1종근린생활시설,10대 이하,517
47,경북,47113,01000,단독주택,10대 이하,9728
41,경기,41115,Z5000,문화및집회시설,21-50대,43
26,부산,26200,02000,공동주택,100대 이상,53145
48,경남,48129,22001,분뇨처리시설,10대 이하,0
48,경남,48880,15000,숙박시설,51-100대,60
48,경남,48870,01000,단독주택,11-20대,169
11,서울,11470,18000,창고시설,10대 이하,16
47,경북,47730,17000,공장,21-50대,626
48,경남,48170,20000,자동차관련시설,51-100대,1302
41,경기,41430,20000,자동차관련시설,21-50대,285
41,경기,41173,09000,의료시설,10대 이하,0
41,경기,41630,26000,묘지관련시설,10대 이하,26
48,경남,48127,20000,자동차관련시설,51-100대,280
45,전북,45190,20000,자동차관련시설,11-20대,14
11,서울,11530,12000,수련시설,21-50대,40
50,제주,50110,30000,자원순환관련시설,21-50대,44
30,대전,30230,30000,자원순환관련시설,10대 이하,24
46,전남,46890,21000,동물및식물관련시설,11-20대,13
11,서울,11590,23000,교정및군사시설,21-50대,50
41,경기,41800,03000,제1종근린생활시설,51-100대,147
51,강원,51150,13000,운동시설,21-50대,333
26,부산,26380,,,10대 이하,11
46,전남,46110,11000,노유자시설,11-20대,182
51,강원,51130,23000,교정및군사시설,21-50대,30
43,충북,43113,19000,위험물저장및처리시설,10대 이하,111
11,서울,11110,15000,숙박시설,11-20대,123
51,강원,51720,05000,문화및집회시설,11-20대,64
41,경기,41281,Z3000,근린생활시설,21-50대,141
50,제주,50130,16000,위락시설,51-100대,312
46,전남,46730,27000,관광휴게시설,10대 이하,0
47,경북,47930,10000,교육연구시설,10대 이하,41
27,대구,27710,19000,위험물저장및처리시설,11-20대,12
44,충남,44200,14000,업무시설,11-20대,286
50,제주,50130,06000,종교시설,11-20대,194
41,경기,41500,07000,판매시설,51-100대,314
26,부산,26530,17000,공장,11-20대,1766
46,전남,46890,17000,공장,10대 이하,378
43,충북,43730,01000,단독주택,11-20대,120
46,전남,46900,12000,수련시설,10대 이하,7
28,인천,28710,04201,교회,10대 이하,0
45,전북,45113,09000,의료시설,51-100대,122
11,서울,11230,19000,위험물저장및처리시설,10대 이하,34
43,충북,43112,24000,방송통신시설,100대 이상,260
27,대구,27170,17000,공장,51-100대,378
46,전남,46800,01000,단독주택,51-100대,55
26,부산,26380,02000,공동주택,11-20대,2142
48,경남,48880,09000,의료시설,100대 이상,126
47,경북,47900,09000,의료시설,51-100대,74
47,경북,47130,30000,자원순환관련시설,10대 이하,246
46,전남,46230,21000,동물및식물관련시설,10대 이하,16
45,전북,45790,14000,업무시설,10대 이하,22
45,전북,45800,05000,문화및집회시설,100대 이상,2990
30,대전,30200,05000,문화및집회시설,21-50대,60
26,부산,26500,11000,노유자시설,10대 이하,75
47,경북,47250,b7990,,10대 이하,2
48,경남,48820,18000,창고시설,10대 이하,177
26,부산,26500,20000,자동차관련시설,11-20대,75
31,울산,31140,18000,창고시설,51-100대,554
48,경남,48730,25000,발전시설,21-50대,24
28,인천,28140,20000,자동차관련시설,10대 이하,113
11,서울,11215,04000,제2종근린생활시설,51-100대,51
41,경기,41500,20000,자동차관련시설,10대 이하,259
47,경북,47840,Z3000,근린생활시설,10대 이하,5
11,서울,11380,09000,의료시설,11-20대,61
50,제주,50130,27000,관광휴게시설,51-100대,720
44,충남,44810,12000,수련시설,11-20대,15
46,전남,46150,15000,숙박시설,51-100대,371
41,경기,41570,29000,장례시설,100대 이상,174
31,울산,31710,04000,제2종근린생활시설,100대 이상,286
11,서울,11710,13000,운동시설,100대 이상,150
41,경기,41171,09000,의료시설,10대 이하,22
44,충남,44250,05000,문화및집회시설,10대 이하,14
41,경기,41285,03000,제1종근린생활시설,10대 이하,4845
48,경남,48840,03000,제1종근린생활시설,11-20대,155
30,대전,30170,14000,업무시설,11-20대,396
41,경기,41117,04000,제2종근린생활시설,100대 이상,567
41,경기,41463,07000,판매시설,10대 이하,2
51,강원,51230,22000,분뇨.쓰레기처리시설,11-20대,15
26,부산,26350,27000,관광휴게시설,10대 이하,19
48,경남,48840,04000,제2종근린생활시설,21-50대,65
43,충북,43800,13000,운동시설,51-100대,127
47,경북,47290,27000,관광휴게시설,10대 이하,2
28,인천,28710,11000,노유자시설,11-20대,125
46,전남,46900,22000,분뇨.쓰레기처리시설,10대 이하,0
45,전북,45130,19000,위험물저장및처리시설,100대 이상,270
47,경북,47840,20000,자동차관련시설,10대 이하,52
46,전남,46870,09000,의료시설,100대 이상,649
51,강원,51790,03000,제1종근린생활시설,21-50대,156
48,경남,48170,,,100대 이상,288
28,인천,28710,12000,수련시설,21-50대,99
51,강원,51760,25000,발전시설,10대 이하,5
27,대구,27140,,,10대 이하,26
47,경북,47730,05000,문화및집회시설,10대 이하,16
45,전북,45111,14000,업무시설,11-20대,358
45,전북,45740,19000,위험물저장및처리시설,10대 이하,3
41,경기,41630,27000,관광휴게시설,51-100대,725
45,전북,45790,25000,발전시설,51-100대,60
50,제주,50110,01000,단독주택,100대 이상,414
51,강원,51830,03000,제1종근린생활시설,21-50대,158
27,대구,27290,27000,관광휴게시설,10대 이하,7
26,부산,26170,Z8000,교육연구및복지시설,51-100대,54
43,충북,43113,Z5000,문화및집회시설,10대 이하,8
48,경남,48890,21000,동물및식물관련시설,10대 이하,3
43,충북,43111,02000,공동주택,100대 이상,125231
47,경북,47760,07000,판매시설,21-50대,21
41,경기,41590,23000,교정및군사시설,100대 이상,372
44,충남,44131,11000,노유자시설,51-100대,52
47,경북,47250,15000,숙박시설,21-50대,296
11,서울,11560,09000,의료시설,100대 이상,789
43,충북,43130,Z5000,문화및집회시설,10대 이하,10
43,충북,43720,16000,위락시설,21-50대,34
45,전북,45180,26000,묘지관련시설,10대 이하,0
48,경남,48129,24000,방송통신시설,10대 이하,4
26,부산,26320,11000,노유자시설,21-50대,109
47,경북,47113,09000,의료시설,51-100대,360
41,경기,41550,19000,위험물저장및처리시설,11-20대,26
47,경북,47230,03001,소매점,10대 이하,0
26,부산,26410,22000,분뇨.쓰레기처리시설,10대 이하,4
26,부산,26440,15000,숙박시설,11-20대,149
46,전남,46170,11000,노유자시설,11-20대,90
41,경기,41463,Z8000,교육연구및복지시설,21-50대,140
27,대구,27230,16000,위락시설,51-100대,59
48,경남,48310,,,10대 이하,59
28,인천,28260,Z6000,판매및영업시설,100대 이상,124
43,충북,43745,15000,숙박시설,21-50대,64
41,경기,41830,06000,종교시설,10대 이하,505
43,충북,43760,10000,교육연구시설,21-50대,147
26,부산,26290,17000,공장,21-50대,115
44,충남,44790,01000,단독주택,11-20대,104
48,경남,48121,07000,판매시설,10대 이하,265
44,충남,44810,,,11-20대,13
11,서울,11440,10000,교육연구시설,10대 이하,321
41,경기,41610,22000,분뇨.쓰레기처리시설,11-20대,16
48,경남,48730,04000,제2종근린생활시설,21-50대,23
11,서울,11170,07000,판매시설,10대 이하,37
41,경기,41630,02000,공동주택,100대 이상,474641
27,대구,27720,,,10대 이하,6
41,경기,41390,27000,관광휴게시설,21-50대,41
41,경기,41463,14000,업무시설,11-20대,562
48,경남,48127,17000,공장,21-50대,532
41,경기,41570,18000,창고시설,11-20대,382
45,전북,45790,05000,문화및집회시설,100대 이상,290
11,서울,11590,13000,운동시설,11-20대,33
44,충남,44760,JY,,10대 이하,0
11,서울,11740,06000,종교시설,10대 이하,178
29,광주,29170,Z8000,교육연구및복지시설,51-100대,271
43,충북,43770,08000,운수시설,10대 이하,0
41,경기,41390,20000,자동차관련시설,21-50대,867
11,서울,11545,13000,운동시설,21-50대,106
48,경남,48310,20000,자동차관련시설,10대 이하,113
43,충북,43720,27000,관광휴게시설,10대 이하,25
46,전남,46730,12000,수련시설,11-20대,16
11,서울,11320,22000,분뇨.쓰레기처리시설,10대 이하,0
41,경기,41190,14000,업무시설,10대 이하,211
41,경기,41271,20000,자동차관련시설,51-100대,69
41,경기,41271,03000,제1종근린생활시설,100대 이상,1478
45,전북,45130,09000,의료시설,51-100대,391
48,경남,48310,12000,수련시설,10대 이하,45
46,전남,46780,05000,문화및집회시설,10대 이하,11
48,경남,48720,01000,단독주택,100대 이상,984
29,광주,29170,13000,운동시설,10대 이하,46
11,서울,11500,05000,문화및집회시설,100대 이상,883
41,경기,41610,09000,의료시설,21-50대,209
47,경북,47190,Z8000,교육연구및복지시설,21-50대,40
47,경북,47230,02000,공동주택,10대 이하,490
28,인천,28710,Z8000,교육연구및복지시설,11-20대,28
28,인천,28710,06000,종교시설,51-100대,165
51,강원,51730,13000,운동시설,100대 이상,124683
45,전북,45710,Z8000,교육연구및복지시설,11-20대,12
26,부산,26500,Z5000,문화및집회시설,11-20대,15
48,경남,48121,04000,제2종근린생활시설,21-50대,1034
26,부산,26110,08000,운수시설,10대 이하,0
41,경기,41250,02000,공동주택,10대 이하,2594
41,경기,41271,14000,업무시설,21-50대,565
31,울산,31200,,,10대 이하,25
45,전북,45710,04000,제2종근린생활시설,11-20대,615
26,부산,26710,,,10대 이하,16
47,경북,47850,10000,교육연구시설,10대 이하,148
27,대구,27110,13000,운동시설,21-50대,28
11,서울,11170,06000,종교시설,21-50대,305
41,경기,41820,02000,공동주택,11-20대,1033
48,경남,48310,10000,교육연구시설,11-20대,207
29,광주,29140,10000,교육연구시설,51-100대,423
43,충북,43150,06000,종교시설,11-20대,74
44,충남,44200,19000,위험물저장및처리시설,100대 이상,415
11,서울,11500,14000,업무시설,21-50대,5052
31,울산,31170,05000,문화및집회시설,10대 이하,48
51,강원,51800,03000,제1종근린생활시설,21-50대,152
46,전남,46230,13000,운동시설,21-50대,313
28,인천,28245,05000,문화및집회시설,11-20대,12
51,강원,51780,20000,자동차관련시설,10대 이하,30
47,경북,47250,07000,판매시설,51-100대,68
26,부산,26140,14000,업무시설,21-50대,1233
46,전남,46820,26000,묘지관련시설,100대 이상,286
41,경기,41285,18000,창고시설,10대 이하,1943
47,경북,47190,06000,종교시설,21-50대,486
27,대구,27290,11000,노유자시설,10대 이하,347
29,광주,29155,Z6000,판매및영업시설,21-50대,26
51,강원,51210,24000,방송통신시설,21-50대,33
41,경기,41610,15000,숙박시설,11-20대,40
46,전남,46150,20000,자동차관련시설,21-50대,170
44,충남,44133,14000,업무시설,51-100대,683
44,충남,44710,05000,문화및집회시설,21-50대,24
44,충남,44180,10000,교육연구시설,10대 이하,59
46,전남,46820,25000,발전시설,21-50대,21
43,충북,43760,21000,동물및식물관련시설,10대 이하,32
48,경남,48240,19000,위험물저장및처리시설,10대 이하,32
41,경기,41210,17000,공장,100대 이상,33771
11,서울,11200,10000,교육연구시설,100대 이상,161516
11,서울,11530,07000,판매시설,21-50대,43
46,전남,46710,06000,종교시설,100대 이상,109
41,경기,41570,23000,교정및군사시설,21-50대,200
41,경기,41630,08000,운수시설,10대 이하,10
47,경북,47730,29000,장례시설,10대 이하,12
48,경남,48170,23000,교정및군사시설,100대 이상,390
41,경기,41480,05000,문화및집회시설,10대 이하,272
51,강원,51760,16000,위락시설,10대 이하,7
28,인천,28177,24000,방송통신시설,10대 이하,0
51,강원,51790,Z5000,문화및집회시설,10대 이하,0
45,전북,45710,15000,숙박시설,10대 이하,151
11,서울,11110,27000,관광휴게시설,10대 이하,0
47,경북,47830,13000,운동시설,51-100대,78
36,세종,36110,08000,운수시설,51-100대,90
11,서울,11545,11000,노유자시설,21-50대,49
29,광주,29155,02000,공동주택,11-20대,238
48,경남,48220,12000,수련시설,10대 이하,14
45,전북,45710,25000,발전시설,10대 이하,0
46,전남,46890,15000,숙박시설,10대 이하,231
41,경기,41570,Z5000,문화및집회시설,10대 이하,0
30,대전,30230,14000,업무시설,100대 이상,1548
51,강원,51770,22000,분뇨.쓰레기처리시설,11-20대,12
11,서울,11140,16000,위락시설,10대 이하,2
51,강원,51720,09000,의료시설,11-20대,195
41,경기,41135,20000,자동차관련시설,11-20대,137
44,충남,44790,17000,공장,11-20대,326
27,대구,27230,07000,판매시설,100대 이상,10002
26,부산,26440,Z9000,공공용시설,10대 이하,5
51,강원,51730,19000,위험물저장및처리시설,100대 이상,239
48,경남,48125,08000,운수시설,10대 이하,19
45,전북,45720,17000,공장,100대 이상,102
50,제주,50130,04000,제2종근린생활시설,11-20대,1317
50,제주,50130,12000,수련시설,100대 이상,128
48,경남,48127,07000,판매시설,100대 이상,1756
41,경기,41281,23000,교정및군사시설,100대 이상,2384
46,전남,46710,23000,교정및군사시설,100대 이상,101
44,충남,44250,01000,단독주택,11-20대,101
41,경기,41360,04000,제2종근린생활시설,51-100대,1171
43,충북,43114,04000,제2종근린생활시설,11-20대,875
45,전북,45720,02000,공동주택,51-100대,236
51,강원,51830,15000,숙박시설,21-50대,371
47,경북,47250,27000,관광휴게시설,21-50대,85
11,서울,11380,06000,종교시설,10대 이하,198
47,경북,47280,11000,노유자시설,100대 이상,106
41,경기,41131,01000,단독주택,21-50대,21
51,강원,51770,23000,교정및군사시설,10대 이하,2
48,경남,48850,04000,제2종근린생활시설,11-20대,64
43,충북,43114,09000,의료시설,51-100대,282
41,경기,41250,27000,관광휴게시설,100대 이상,488
51,강원,51770,05000,문화및집회시설,10대 이하,25
43,충북,43800,05000,문화및집회시설,51-100대,52
29,광주,29170,16000,위락시설,10대 이하,15
47,경북,47900,06000,종교시설,10대 이하,18
45,전북,45730,31000,야영장시설,10대 이하,0
31,울산,31110,18000,창고시설,11-20대,17
46,전남,46810,22000,분뇨.쓰레기처리시설,100대 이상,116
11,서울,11650,20000,자동차관련시설,21-50대,200
48,경남,48880,03000,제1종근린생활시설,100대 이상,296
48,경남,48125,03000,제1종근린생활시설,21-50대,1098
41,경기,41117,06000,종교시설,51-100대,293
44,충남,44200,Z5000,문화및집회시설,11-20대,34
28,인천,28110,27000,관광휴게시설,10대 이하,6
46,전남,46730,02000,공동주택,11-20대,178
29,광주,29200,01000,단독주택,100대 이상,7818
46,전남,46880,02000,공동주택,21-50대,301
41,경기,41830,31000,야영장시설,11-20대,82
11,서울,11140,20000,자동차관련시설,21-50대,450
41,경기,41630,02000,공동주택,10대 이하,2493
41,경기,41220,10000,교육연구시설,51-100대,1502
43,충북,43150,04000,제2종근린생활시설,51-100대,88
11,서울,11500,15000,숙박시설,51-100대,235
47,경북,47170,18000,창고시설,21-50대,160
11,서울,11350,11000,노유자시설,51-100대,58
45,전북,45111,12000,수련시설,11-20대,12
44,충남,44230,18000,창고시설,100대 이상,1457
47,경북,47850,05000,문화및집회시설,11-20대,43
41,경기,41550,18000,창고시설,100대 이상,8867
43,충북,43730,04000,제2종근린생활시설,21-50대,89
44,충남,44800,29000,장례시설,11-20대,34
48,경남,48310,15000,숙박시설,11-20대,521
48,경남,48730,02000,공동주택,51-100대,456
26,부산,26530,Z8000,교육연구및복지시설,11-20대,11
31,울산,31140,14000,업무시설,100대 이상,73744
28,인천,28245,29000,장례시설,100대 이상,436
46,전남,46800,09000,의료시설,21-50대,23
46,전남,46860,21000,동물및식물관련시설,11-20대,51
47,경북,47280,16000,위락시설,10대 이하,30
27,대구,27720,02000,공동주택,10대 이하,110
51,강원,51110,03000,제1종근린생활시설,21-50대,1697
47,경북,47113,11000,노유자시설,11-20대,62
11,서울,11215,10000,교육연구시설,51-100대,506
44,충남,44180,10000,교육연구시설,21-50대,514
47,경북,47230,02000,공동주택,51-100대,437
27,대구,27720,17000,공장,21-50대,311
46,전남,46770,11000,노유자시설,11-20대,35
11,서울,11500,13000,운동시설,51-100대,281
41,경기,41220,10000,교육연구시설,100대 이상,12905
41,경기,41670,01000,단독주택,21-50대,187
46,전남,46230,26000,묘지관련시설,100대 이상,124
11,서울,11305,11000,노유자시설,10대 이하,208
30,대전,30230,14000,업무시설,11-20대,88
46,전남,46810,18000,창고시설,10대 이하,144
47,경북,47130,27000,관광휴게시설,100대 이상,10934
47,경북,47111,01000,단독주택,51-100대,66
41,경기,41800,,,10대 이하,0
11,서울,11530,04000,제2종근린생활시설,10대 이하,2459
47,경북,47280,17000,공장,51-100대,193
44,충남,44133,05000,문화및집회시설,100대 이상,735
46,전남,46170,09000,의료시설,51-100대,216
51,강원,51810,Z3000,근린생활시설,10대 이하,6
47,경북,47190,01003,다가구주택,11-20대,12
43,충북,43114,09000,의료시설,11-20대,11
26,부산,26320,13000,운동시설,51-100대,73
41,경기,41550,11000,노유자시설,11-20대,133
29,광주,29200,19000,위험물저장및처리시설,11-20대,76
45,전북,45790,11000,노유자시설,10대 이하,66
11,서울,11545,04000,제2종근린생활시설,10대 이하,2719
51,강원,51810,14000,업무시설,51-100대,59
46,전남,46170,10000,교육연구시설,11-20대,98
46,전남,46880,14000,업무시설,10대 이하,24
45,전북,45710,19000,위험물저장및처리시설,11-20대,14
28,인천,28260,23000,교정및군사시설,100대 이상,284
27,대구,27230,01000,단독주택,11-20대,1617
11,서울,11320,10000,교육연구시설,11-20대,180
41,경기,41630,Z5000,문화및집회시설,21-50대,43
11,서울,11170,01000,단독주택,10대 이하,4603
44,충남,44710,15000,숙박시설,11-20대,144
27,대구,27290,15000,숙박시설,100대 이상,249
48,경남,48730,18000,창고시설,11-20대,54
45,전북,45113,03000,제1종근린생활시설,21-50대,2719
28,인천,28110,,,10대 이하,17
44,충남,44800,02000,공동주택,51-100대,236
30,대전,30230,22000,분뇨.쓰레기처리시설,10대 이하,7
51,강원,51730,27000,관광휴게시설,10대 이하,0
11,서울,11380,10000,교육연구시설,11-20대,116
48,경남,48125,22000,분뇨.쓰레기처리시설,100대 이상,130
45,전북,45180,01000,단독주택,11-20대,2557
26,부산,26320,Z5000,문화및집회시설,11-20대,12
47,경북,47230,09000,의료시설,11-20대,26
30,대전,30200,04000,제2종근린생활시설,51-100대,626
41,경기,41590,14000,업무시설,11-20대,650
28,인천,28720,02000,공동주택,21-50대,135
11,서울,11560,Z8000,교육연구및복지시설,10대 이하,10
46,전남,46860,02000,공동주택,11-20대,114
41,경기,41111,24000,방송통신시설,10대 이하,2
26,부산,26140,27000,관광휴게시설,10대 이하,8
41,경기,41590,23000,교정및군사시설,21-50대,35
47,경북,47820,14000,업무시설,11-20대,15
29,광주,29155,13000,운동시설,10대 이하,8
28,인천,28110,17000,공장,51-100대,532
45,전북,45770,05000,문화및집회시설,100대 이상,512
46,전남,46830,01000,단독주택,10대 이하,3015
46,전남,46720,01000,단독주택,10대 이하,956
43,충북,43112,02000,공동주택,10대 이하,433
11,서울,11290,19000,위험물저장및처리시설,10대 이하,40
43,충북,43114,15000,숙박시설,100대 이상,2278
46,전남,46150,12000,수련시설,21-50대,45
44,충남,44250,02000,공동주택,51-100대,73
47,경북,47111,30000,자원순환관련시설,100대 이상,349
44,충남,44760,07000,판매시설,10대 이하,5
47,경북,47940,10000,교육연구시설,21-50대,39
26,부산,26500,14000,업무시설,21-50대,2082
45,전북,45210,02000,공동주택,10대 이하,178
48,경남,48860,15000,숙박시설,51-100대,235
46,전남,46830,13000,운동시설,51-100대,151
47,경북,47730,01000,단독주택,11-20대,273
48,경남,48129,06000,종교시설,10대 이하,136
41,경기,41390,03000,제1종근린생활시설,11-20대,1604
48,경남,48310,01000,단독주택,51-100대,466
11,서울,11680,10000,교육연구시설,51-100대,2541
44,충남,44800,10000,교육연구시설,51-100대,667
48,경남,48127,13000,운동시설,11-20대,89
48,경남,48270,02000,공동주택,10대 이하,871
41,경기,41590,10000,교육연구시설,100대 이상,45250
51,강원,51770,14000,업무시설,10대 이하,27
47,경북,47111,07000,판매시설,51-100대,370
11,서울,11320,14000,업무시설,51-100대,718
51,강원,51760,03000,제1종근린생활시설,11-20대,309
46,전남,46830,19000,위험물저장및처리시설,51-100대,75
41,경기,41670,14000,업무시설,11-20대,436
11,서울,11470,13000,운동시설,100대 이상,392
11,서울,11290,03000,제1종근린생활시설,11-20대,579
47,경북,47250,05000,문화및집회시설,11-20대,24
11,서울,11215,06000,종교시설,10대 이하,117
31,울산,31170,09000,의료시설,11-20대,27
41,경기,41220,23000,교정및군사시설,21-50대,108
41,경기,41820,Z6000,판매및영업시설,10대 이하,0
47,경북,47130,05000,문화및집회시설,11-20대,38
48,경남,48121,02000,공동주택,11-20대,1649
44,충남,44200,27000,관광휴게시설,21-50대,96
45,전북,45790,25000,발전시설,10대 이하,0
44,충남,44230,23000,교정및군사시설,100대 이상,4617
11,서울,11710,09000,의료시설,10대 이하,25
26,부산,26440,13000,운동시설,100대 이상,814
26,부산,26260,01000,단독주택,10대 이하,1392
41,경기,41570,31000,야영장시설,10대 이하,15
51,강원,51810,23000,교정및군사시설,11-20대,328
11,서울,11710,24000,방송통신시설,51-100대,63
27,대구,27720,13000,운동시설,100대 이상,3150
41,경기,41570,04000,제2종근린생활시설,11-20대,2143
41,경기,41590,,,11-20대,11
26,부산,26410,16000,위락시설,10대 이하,15
46,전남,46730,,,21-50대,37
41,경기,41360,17000,공장,100대 이상,8847
48,경남,48129,33000,"국방,군사시설",51-100대,86
28,인천,28237,20000,자동차관련시설,51-100대,232
48,경남,48860,12000,수련시설,10대 이하,5
47,경북,47830,02000,공동주택,10대 이하,256
48,경남,48129,18000,창고시설,100대 이상,6213
26,부산,26350,11000,노유자시설,21-50대,62
41,경기,41570,08000,운수시설,100대 이상,1032
41,경기,41570,18000,창고시설,21-50대,586
47,경북,47770,31000,야영장시설,10대 이하,0
41,경기,41650,16000,위락시설,100대 이상,170
41,경기,41465,01000,단독주택,51-100대,96
43,충북,43113,06000,종교시설,51-100대,128
41,경기,41550,14000,업무시설,21-50대,689
26,부산,26350,22000,분뇨.쓰레기처리시설,10대 이하,12
41,경기,41135,21000,동물및식물관련시설,10대 이하,0
41,경기,41650,19000,위험물저장및처리시설,10대 이하,209
47,경북,47111,18000,창고시설,51-100대,176
27,대구,27290,Z5000,문화및집회시설,10대 이하,54
41,경기,41273,14000,업무시설,51-100대,1617
43,충북,43130,Z3000,근린생활시설,11-20대,12
41,경기,41430,10000,교육연구시설,21-50대,651
28,인천,28710,04200,종교집회장,10대 이하,0
51,강원,51130,17000,공장,51-100대,3687
41,경기,41570,05000,문화및집회시설,100대 이상,276
46,전남,46170,04000,제2종근린생활시설,100대 이상,1874
28,인천,28720,02000,공동주택,100대 이상,254
41,경기,41590,09000,의료시설,100대 이상,969
28,인천,28177,29000,장례시설,10대 이하,0
48,경남,48880,,,51-100대,52
45,전북,45790,06000,종교시설,51-100대,78
29,광주,29140,07000,판매시설,21-50대,283
26,부산,26470,04000,제2종근린생활시설,21-50대,394
29,광주,29110,20000,자동차관련시설,51-100대,437
41,경기,41135,01000,단독주택,11-20대,469
44,충남,44270,15000,숙박시설,21-50대,320
41,경기,41590,Z8000,교육연구및복지시설,11-20대,56
51,강원,51800,13000,운동시설,10대 이하,20
27,대구,27200,03000,제1종근린생활시설,51-100대,534
41,경기,41133,Z8000,교육연구및복지시설,51-100대,97
41,경기,41135,10000,교육연구시설,21-50대,2959
26,부산,26140,06000,종교시설,11-20대,50
41,경기,41115,20000,자동차관련시설,51-100대,321
11,서울,11740,06000,종교시설,100대 이상,643
46,전남,46720,06000,종교시설,10대 이하,51
51,강원,51110,01000,단독주택,10대 이하,23587
47,경북,47170,14000,업무시설,11-20대,276
47,경북,47190,18000,창고시설,10대 이하,461
27,대구,27170,19000,위험물저장및처리시설,10대 이하,100
41,경기,41830,12000,수련시설,51-100대,64
41,경기,41310,17000,공장,11-20대,18
51,강원,51210,05000,문화및집회시설,51-100대,252
29,광주,29170,03000,제1종근린생활시설,100대 이상,358
44,충남,44810,Z8000,교육연구및복지시설,51-100대,78
28,인천,28140,01000,단독주택,10대 이하,322
44,충남,44180,06000,종교시설,21-50대,192
45,전북,45113,22000,분뇨.쓰레기처리시설,100대 이상,630
41,경기,41463,02000,공동주택,21-50대,5259
44,충남,44270,02000,공동주택,51-100대,1032
44,충남,44790,10000,교육연구시설,11-20대,81
43,충북,43113,21000,동물및식물관련시설,11-20대,28
31,울산,31710,19000,위험물저장및처리시설,21-50대,363
41,경기,41410,20000,자동차관련시설,11-20대,15
41,경기,41135,02000,공동주택,51-100대,2845
47,경북,47730,13000,운동시설,10대 이하,19
48,경남,48330,JY,,10대 이하,0
51,강원,51810,20000,자동차관련시설,100대 이상,236
41,경기,41590,27000,관광휴게시설,21-50대,244
41,경기,41190,29000,장례시설,100대 이상,118
47,경북,47820,14000,업무시설,100대 이상,208
46,전남,46770,02000,공동주택,10대 이하,552
46,전남,46840,04000,제2종근린생활시설,10대 이하,925
43,충북,43745,07000,판매시설,21-50대,53
44,충남,44131,Z3000,근린생활시설,10대 이하,26
51,강원,51810,06000,종교시설,11-20대,12
47,경북,47250,19000,위험물저장및처리시설,10대 이하,40
28,인천,28177,15000,숙박시설,10대 이하,693
26,부산,26380,11000,노유자시설,51-100대,58
26,부산,26200,16000,위락시설,10대 이하,15
36,세종,36110,18000,창고시설,10대 이하,307
41,경기,41570,03999,기타제1종근린생활시설,11-20대,15
47,경북,47760,06000,종교시설,10대 이하,29
43,충북,43111,21000,동물및식물관련시설,21-50대,88
51,강원,51720,06000,종교시설,100대 이상,1115
47,경북,47230,10000,교육연구시설,51-100대,816
46,전남,46110,20000,자동차관련시설,11-20대,143
26,부산,26290,18000,창고시설,100대 이상,308
44,충남,44800,22000,분뇨.쓰레기처리시설,11-20대,20
51,강원,51110,12000,수련시설,11-20대,20
36,세종,36110,02000,공동주택,11-20대,294
47,경북,47820,18000,창고시설,11-20대,52
26,부산,26380,01003,다가구주택,10대 이하,0
11,서울,11590,23000,교정및군사시설,11-20대,34
44,충남,44825,26000,묘지관련시설,21-50대,24
51,강원,51130,25000,발전시설,10대 이하,0
47,경북,47111,11000,노유자시설,21-50대,278
48,경남,48123,Z3000,근린생활시설,10대 이하,4
11,서울,11380,12000,수련시설,21-50대,29
11,서울,11545,17000,공장,10대 이하,797
45,전북,45790,18000,창고시설,11-20대,110
46,전남,46230,14000,업무시설,21-50대,236
41,경기,41500,04000,제2종근린생활시설,10대 이하,6126
26,부산,26230,06000,종교시설,11-20대,169
41,경기,41650,24000,방송통신시설,10대 이하,22
46,전남,46840,05000,문화및집회시설,51-100대,111
51,강원,51150,13000,운동시설,51-100대,360
41,경기,41463,20000,자동차관련시설,11-20대,210
41,경기,41310,18000,창고시설,10대 이하,134
47,경북,47111,08000,운수시설,100대 이상,537
48,경남,48310,14000,업무시설,10대 이하,134
50,제주,50130,03000,제1종근린생활시설,11-20대,954
46,전남,46720,Z8000,교육연구및복지시설,11-20대,20
43,충북,43112,18000,창고시설,11-20대,240
41,경기,41500,10000,교육연구시설,10대 이하,209
46,전남,46150,11000,노유자시설,11-20대,158
48,경남,48730,25000,발전시설,11-20대,13
26,부산,26410,20000,자동차관련시설,21-50대,217
48,경남,48310,07000,판매시설,100대 이상,1707
36,세종,36110,26000,묘지관련시설,11-20대,28
11,서울,11590,05000,문화및집회시설,10대 이하,11
47,경북,47130,09000,의료시설,21-50대,305
43,충북,43740,11000,노유자시설,21-50대,115
11,서울,11380,13000,운동시설,10대 이하,7
44,충남,44800,03000,제1종근린생활시설,51-100대,536
41,경기,41430,09000,의료시설,10대 이하,0
46,전남,46820,Z3000,근린생활시설,10대 이하,0
48,경남,48127,01000,단독주택,51-100대,68
28,인천,28110,04000,제2종근린생활시설,51-100대,601
28,인천,28177,03000,제1종근린생활시설,51-100대,217
47,경북,47850,09000,의료시설,100대 이상,210
41,경기,41273,15000,숙박시설,100대 이상,1336
46,전남,46880,13000,운동시설,10대 이하,40
51,강원,51720,02000,공동주택,100대 이상,14751
11,서울,11140,07000,판매시설,100대 이상,4370
47,경북,47820,01000,단독주택,10대 이하,1208
26,부산,26710,17000,공장,10대 이하,2118
36,세종,36110,22000,분뇨.쓰레기처리시설,21-50대,55
41,경기,41285,,,100대 이상,280
51,강원,51150,04000,제2종근린생활시설,100대 이상,448
41,경기,41173,19000,위험물저장및처리시설,10대 이하,65
41,경기,41290,01000,단독주택,21-50대,45
47,경북,47850,17000,공장,100대 이상,4771
44,충남,44760,Z8000,교육연구및복지시설,51-100대,96
28,인천,28177,,,10대 이하,44
41,경기,41111,18000,창고시설,10대 이하,22
45,전북,45740,03000,제1종근린생활시설,21-50대,456
11,서울,11680,25000,발전시설,100대 이상,149
43,충북,43770,11000,노유자시설,11-20대,50
41,경기,41570,20000,자동차관련시설,11-20대,139
41,경기,41390,17000,공장,100대 이상,41561
26,부산,26290,03000,제1종근린생활시설,51-100대,145
44,충남,44180,03000,제1종근린생활시설,100대 이상,127
11,서울,11650,Z5000,문화및집회시설,100대 이상,1263
48,경남,48250,20000,자동차관련시설,51-100대,1160
41,경기,41285,Z3000,근린생활시설,51-100대,245
43,충북,43740,08000,운수시설,10대 이하,6
27,대구,27200,09000,의료시설,10대 이하,30
29,광주,29155,12000,수련시설,51-100대,62
26,부산,26530,11000,노유자시설,11-20대,57
45,전북,45720,08000,운수시설,10대 이하,6
11,서울,11320,11000,노유자시설,11-20대,115
46,전남,46910,04000,제2종근린생활시설,10대 이하,357
26,부산,26140,15000,숙박시설,100대 이상,265
43,충북,43113,30000,자원순환관련시설,10대 이하,64
28,인천,28110,09000,의료시설,10대 이하,3
26,부산,26290,17000,공장,100대 이상,22701
41,경기,41360,29000,장례시설,21-50대,22
47,경북,47920,19000,위험물저장및처리시설,10대 이하,6
44,충남,44210,25000,발전시설,51-100대,80
45,전북,45140,05000,문화및집회시설,21-50대,120
51,강원,51130,17000,공장,11-20대,1576
11,서울,11215,09000,의료시설,51-100대,68
43,충북,43130,16000,위락시설,10대 이하,68
41,경기,41285,07000,판매시설,100대 이상,5226
41,경기,41480,02000,공동주택,51-100대,2997
43,충북,43800,15000,숙박시설,100대 이상,3119
44,충남,44825,Z9000,공공용시설,10대 이하,0
44,충남,44790,17000,공장,10대 이하,366
41,경기,41461,18000,창고시설,10대 이하,1267
48,경남,48310,03000,제1종근린생활시설,21-50대,1100
11,서울,11140,Z8000,교육연구및복지시설,10대 이하,0
41,경기,41465,09000,의료시설,21-50대,225
47,경북,47113,22000,분뇨.쓰레기처리시설,10대 이하,16
46,전남,46110,08000,운수시설,51-100대,218
26,부산,26230,06000,종교시설,51-100대,61
48,경남,48890,26000,묘지관련시설,10대 이하,2
28,인천,28260,Z5000,문화및집회시설,11-20대,13
31,울산,31140,17000,공장,51-100대,1901
46,전남,46720,18000,창고시설,51-100대,168
41,경기,41173,14000,업무시설,51-100대,1766
27,대구,27710,21000,동물및식물관련시설,10대 이하,94
36,세종,36110,14000,업무시설,100대 이상,16354
43,충북,43745,33000,"국방,군사시설",51-100대,81
47,경북,47210,07000,판매시설,10대 이하,14
46,전남,46840,10000,교육연구시설,10대 이하,52
48,경남,48310,09000,의료시설,21-50대,165
44,충남,44200,12000,수련시설,51-100대,58
41,경기,41171,20000,자동차관련시설,51-100대,210
11,서울,11560,07000,판매시설,51-100대,98
44,충남,44825,12000,수련시설,10대 이하,6
48,경남,48890,14000,업무시설,10대 이하,5
11,서울,11320,08000,운수시설,10대 이하,8
41,경기,41630,06000,종교시설,10대 이하,232
45,전북,45770,09000,의료시설,100대 이상,712
46,전남,46170,20000,자동차관련시설,21-50대,554
45,전북,45190,14000,업무시설,51-100대,733
51,강원,51110,10000,교육연구시설,11-20대,278
26,부산,26710,01000,단독주택,21-50대,24
46,전남,46110,24000,방송통신시설,11-20대,28
41,경기,41670,Z6000,판매및영업시설,10대 이하,10
26,부산,26110,27000,관광휴게시설,10대 이하,0
45,전북,45770,14000,업무시설,10대 이하,5
47,경북,47760,14000,업무시설,21-50대,103
47,경북,47150,20000,자동차관련시설,51-100대,55
41,경기,41370,07000,판매시설,51-100대,405
41,경기,41480,18000,창고시설,51-100대,1188
28,인천,28110,05000,문화및집회시설,11-20대,44
36,세종,36110,18000,창고시설,100대 이상,15061
48,경남,48330,15000,숙박시설,51-100대,231
43,충북,43745,10000,교육연구시설,100대 이상,752
41,경기,41117,19000,위험물저장및처리시설,21-50대,24
51,강원,51790,18000,창고시설,10대 이하,126
29,광주,29155,15000,숙박시설,21-50대,22
47,경북,47150,29000,장례시설,100대 이상,103
41,경기,41570,04999,기타제2종근린생활시설,10대 이하,10
45,전북,45730,,,11-20대,20
48,경남,48270,17000,공장,11-20대,955
26,부산,26380,11000,노유자시설,21-50대,121
41,경기,41370,13000,운동시설,100대 이상,529
50,제주,50110,30000,자원순환관련시설,100대 이상,333
47,경북,47150,12000,수련시설,10대 이하,8
44,충남,44131,02000,공동주택,51-100대,1435
51,강원,51720,19000,위험물저장및처리시설,10대 이하,28
47,경북,47290,25000,발전시설,10대 이하,1
41,경기,41500,20000,자동차관련시설,21-50대,223
48,경남,48890,11000,노유자시설,11-20대,52
51,강원,51750,30000,자원순환관련시설,10대 이하,32
44,충남,44790,18000,창고시설,11-20대,96
43,충북,43745,02000,공동주택,21-50대,311
47,경북,47280,02003,다세대주택,10대 이하,0
41,경기,41480,11000,노유자시설,51-100대,55
45,전북,45180,07000,판매시설,100대 이상,2620
47,경북,47111,03001,소매점,10대 이하,0
47,경북,47750,24000,방송통신시설,10대 이하,0
51,강원,51780,20000,자동차관련시설,11-20대,15
26,부산,26530,14000,업무시설,10대 이하,324
46,전남,46880,12000,수련시설,11-20대,52
48,경남,48270,,,10대 이하,46
29,광주,29110,12000,수련시설,11-20대,13
44,충남,44230,15000,숙박시설,51-100대,129
28,인천,28110,31000,야영장시설,10대 이하,0
29,광주,29110,08000,운수시설,11-20대,19
48,경남,48121,17000,공장,10대 이하,2399
31,울산,31200,14000,업무시설,11-20대,117
46,전남,46810,01000,단독주택,11-20대,69
26,부산,26320,11000,노유자시설,100대 이상,236
46,전남,46720,14000,업무시설,10대 이하,1
51,강원,51810,03000,제1종근린생활시설,100대 이상,1374
44,충남,44131,15000,숙박시설,10대 이하,314
27,대구,27290,02000,공동주택,21-50대,1431
50,제주,50130,21000,동물및식물관련시설,100대 이상,105
48,경남,48880,12000,수련시설,10대 이하,7
47,경북,47920,11000,노유자시설,11-20대,32
43,충북,43760,02000,공동주택,100대 이상,1038
41,경기,41461,27000,관광휴게시설,10대 이하,31
31,울산,31710,11000,노유자시설,100대 이상,114
46,전남,46830,09000,의료시설,51-100대,134
28,인천,28200,02000,공동주택,51-100대,2469
11,서울,11500,17000,공장,21-50대,57
45,전북,45130,08000,운수시설,10대 이하,26
48,경남,48740,06000,종교시설,10대 이하,81
41,경기,41670,18000,창고시설,10대 이하,562
27,대구,27710,06000,종교시설,100대 이상,320
51,강원,51210,20000,자동차관련시설,100대 이상,1366
47,경북,47770,10000,교육연구시설,51-100대,433
48,경남,48220,04000,제2종근린생활시설,51-100대,219
41,경기,41610,26000,묘지관련시설,10대 이하,25
47,경북,47150,24000,방송통신시설,11-20대,15
41,경기,41173,13000,운동시설,10대 이하,5
48,경남,48870,11000,노유자시설,10대 이하,61
44,충남,44210,10000,교육연구시설,21-50대,388
41,경기,41390,16000,위락시설,10대 이하,23
46,전남,46170,15000,숙박시설,10대 이하,147
27,대구,27170,13000,운동시설,21-50대,186
27,대구,27230,Z9000,공공용시설,10대 이하,0
43,충북,43740,21000,동물및식물관련시설,21-50대,45
41,경기,41590,15000,숙박시설,11-20대,544
41,경기,41370,04000,제2종근린생활시설,51-100대,299
45,전북,45190,05000,문화및집회시설,11-20대,37
41,경기,41173,,,11-20대,36
44,충남,44180,17000,공장,51-100대,1440
46,전남,46840,09000,의료시설,100대 이상,156
41,경기,41171,22000,분뇨.쓰레기처리시설,21-50대,29
11,서울,11170,11000,노유자시설,11-20대,48
41,경기,41461,Z3000,근린생활시설,10대 이하,2
43,충북,43111,11000,노유자시설,51-100대,72
41,경기,41250,23000,교정및군사시설,11-20대,20
29,광주,29200,13000,운동시설,21-50대,437
41,경기,41650,30000,자원순환관련시설,11-20대,78
30,대전,30110,31000,야영장시설,10대 이하,6
43,충북,43750,15000,숙박시설,10대 이하,171
44,충남,44131,21000,동물및식물관련시설,21-50대,122
26,부산,26440,02000,공동주택,51-100대,412
46,전남,46880,13000,운동시설,11-20대,16
48,경남,48860,04000,제2종근린생활시설,21-50대,23
41,경기,41480,17000,공장,11-20대,10834
41,경기,41463,,,21-50대,93
47,경북,47900,05000,문화및집회시설,21-50대,40
11,서울,11470,11000,노유자시설,10대 이하,151
47,경북,47170,03000,제1종근린생활시설,51-100대,399
30,대전,30140,Z8000,교육연구및복지시설,21-50대,128
31,울산,31200,09000,의료시설,11-20대,58
41,경기,41113,22000,분뇨.쓰레기처리시설,21-50대,21
31,울산,31170,27000,관광휴게시설,10대 이하,11
11,서울,11110,05000,문화및집회시설,21-50대,543
46,전남,46840,15000,숙박시설,10대 이하,164
45,전북,45730,18000,창고시설,51-100대,189
46,전남,46820,28000,가설건축물,10대 이하,0
44,충남,44210,23000,교정및군사시설,11-20대,15
48,경남,48250,30000,자원순환관련시설,21-50대,173
41,경기,41131,04000,제2종근린생활시설,10대 이하,1763
41,경기,41480,Z5000,문화및집회시설,10대 이하,15
26,부산,26290,05000,문화및집회시설,100대 이상,230
47,경북,47250,14000,업무시설,51-100대,437
41,경기,41465,15000,숙박시설,21-50대,144
47,경북,47850,30000,자원순환관련시설,10대 이하,283
43,충북,43112,10000,교육연구시설,21-50대,745
26,부산,26140,,,10대 이하,0
44,충남,44200,07000,판매시설,21-50대,33
45,전북,45800,20000,자동차관련시설,51-100대,99
46,전남,46150,Z8000,교육연구및복지시설,11-20대,11
51,강원,51190,05000,문화및집회시설,21-50대,23
48,경남,48860,03000,제1종근린생활시설,21-50대,117
44,충남,44250,26000,묘지관련시설,10대 이하,5
51,강원,51770,14000,업무시설,51-100대,162
41,경기,41630,21000,동물및식물관련시설,10대 이하,126
27,대구,27720,03000,제1종근린생활시설,11-20대,95
28,인천,28110,22000,분뇨.쓰레기처리시설,21-50대,26
44,충남,44760,22000,분뇨.쓰레기처리시설,21-50대,143
11,서울,11200,10000,교육연구시설,11-20대,98
47,경북,47850,10000,교육연구시설,21-50대,628
47,경북,47150,03000,제1종근린생활시설,51-100대,319
31,울산,31170,07000,판매시설,10대 이하,20
45,전북,45710,15000,숙박시설,11-20대,348
48,경남,48270,08000,운수시설,10대 이하,0
46,전남,46870,30000,자원순환관련시설,10대 이하,24
31,울산,31110,07000,판매시설,21-50대,39
29,광주,29200,04000,제2종근린생활시설,11-20대,2301
27,대구,27170,,,10대 이하,13
50,제주,50110,Z9000,공공용시설,10대 이하,2
51,강원,51800,02000,공동주택,21-50대,105
48,경남,48890,10000,교육연구시설,51-100대,183
29,광주,29155,17000,공장,10대 이하,135
50,제주,50110,06000,종교시설,51-100대,303
44,충남,44131,Z8000,교육연구및복지시설,51-100대,64
47,경북,47130,21000,동물및식물관련시설,21-50대,36
41,경기,41190,Z5000,문화및집회시설,11-20대,20
51,강원,51150,Z5000,문화및집회시설,51-100대,64
45,전북,45730,12000,수련시설,21-50대,40
29,광주,29110,Z6000,판매및영업시설,100대 이상,241
41,경기,41135,18000,창고시설,21-50대,84
51,강원,51210,,,10대 이하,16
47,경북,47750,10000,교육연구시설,10대 이하,15
48,경남,48170,02000,공동주택,51-100대,1324
46,전남,46830,10000,교육연구시설,10대 이하,4
44,충남,44131,03000,제1종근린생활시설,51-100대,996
48,경남,48870,02000,공동주택,51-100대,146
41,경기,41190,09000,의료시설,21-50대,675
48,경남,48820,05000,문화및집회시설,51-100대,52
31,울산,31170,10000,교육연구시설,51-100대,199
48,경남,48860,14000,업무시설,51-100대,57
11,서울,11560,06000,종교시설,10대 이하,66
43,충북,43750,06000,종교시설,10대 이하,203
30,대전,30230,06000,종교시설,10대 이하,198
44,충남,44250,14000,업무시설,10대 이하,53
47,경북,47170,13000,운동시설,11-20대,73
51,강원,51110,21000,동물및식물관련시설,10대 이하,66
26,부산,26140,03000,제1종근린생활시설,11-20대,137
41,경기,41135,03000,제1종근린생활시설,100대 이상,2295
48,경남,48220,08000,운수시설,11-20대,14
48,경남,48720,13000,운동시설,21-50대,34
27,대구,27170,Z8000,교육연구및복지시설,11-20대,19
48,경남,48123,13000,운동시설,21-50대,126
51,강원,51190,10000,교육연구시설,21-50대,282
47,경북,47920,05000,문화및집회시설,100대 이상,186
44,충남,44270,21000,동물및식물관련시설,100대 이상,251
30,대전,30140,09000,의료시설,51-100대,148
51,강원,51170,20000,자동차관련시설,51-100대,54
41,경기,41190,03000,제1종근린생활시설,11-20대,1632
45,전북,45770,10000,교육연구시설,10대 이하,23
46,전남,46230,19000,위험물저장및처리시설,21-50대,27
48,경남,48125,06000,종교시설,10대 이하,143
45,전북,45113,Z8000,교육연구및복지시설,10대 이하,20
46,전남,46900,07000,판매시설,10대 이하,16
46,전남,46770,,,11-20대,34
45,전북,45190,01000,단독주택,11-20대,226
46,전남,46130,06000,종교시설,100대 이상,939
27,대구,27200,02000,공동주택,10대 이하,2411
11,서울,11350,Z3000,근린생활시설,21-50대,352
46,전남,46820,05000,문화및집회시설,100대 이상,143
11,서울,11470,14000,업무시설,100대 이상,6576
41,경기,41273,10000,교육연구시설,10대 이하,117
47,경북,47840,14100,공공업무시설,11-20대,13
11,서울,11215,15000,숙박시설,11-20대,20
11,서울,11560,03000,제1종근린생활시설,51-100대,812
41,경기,41173,,,51-100대,69
48,경남,48125,17000,공장,51-100대,52
41,경기,41220,Z3000,근린생활시설,11-20대,13
41,경기,41830,27000,관광휴게시설,21-50대,21
26,부산,26170,02000,공동주택,11-20대,691
51,강원,51750,03000,제1종근린생활시설,21-50대,283
51,강원,51110,13000,운동시설,21-50대,410
47,경북,47130,Z3000,근린생활시설,10대 이하,0
41,경기,41670,Z9000,공공용시설,10대 이하,0
26,부산,26440,b7990,,10대 이하,0
29,광주,29110,12000,수련시설,21-50대,23
41,경기,41190,12000,수련시설,21-50대,28
44,충남,44150,06000,종교시설,100대 이상,150
51,강원,51150,01000,단독주택,10대 이하,16314
26,부산,26260,08000,운수시설,100대 이상,308
41,경기,41630,Z3000,근린생활시설,10대 이하,55
11,서울,11710,10000,교육연구시설,11-20대,457
28,인천,28710,11000,노유자시설,100대 이상,222
41,경기,41150,08000,운수시설,10대 이하,0
47,경북,47190,18000,창고시설,51-100대,70
26,부산,26410,03000,제1종근린생활시설,100대 이상,119
50,제주,50110,27000,관광휴게시설,10대 이하,6
41,경기,41310,01000,단독주택,10대 이하,4037
46,전남,46720,12000,수련시설,21-50대,56
11,서울,11590,05000,문화및집회시설,51-100대,77
45,전북,45710,14000,업무시설,11-20대,114
36,세종,36110,10000,교육연구시설,21-50대,847
41,경기,41290,03000,제1종근린생활시설,21-50대,137
47,경북,47750,14000,업무시설,11-20대,56
28,인천,28237,20000,자동차관련시설,11-20대,112
41,경기,41281,04000,제2종근린생활시설,10대 이하,5022
44,충남,44210,14000,업무시설,21-50대,658
28,인천,28260,,,11-20대,41
51,강원,51730,20000,자동차관련시설,10대 이하,30
41,경기,41570,01000,단독주택,21-50대,181
48,경남,48890,14000,업무시설,21-50대,83
48,경남,48220,03000,제1종근린생활시설,10대 이하,1643
41,경기,41570,30000,자원순환관련시설,10대 이하,467
41,경기,41135,22000,분뇨.쓰레기처리시설,10대 이하,27
27,대구,27290,02000,공동주택,10대 이하,3388
11,서울,11470,06000,종교시설,21-50대,525
47,경북,47830,02000,공동주택,100대 이상,2350
51,강원,51750,14000,업무시설,100대 이상,424
41,경기,41290,14000,업무시설,11-20대,48
41,경기,41111,01000,단독주택,21-50대,21
48,경남,48330,18000,창고시설,51-100대,1014
43,충북,43112,13000,운동시설,10대 이하,36
41,경기,41290,03000,제1종근린생활시설,100대 이상,187
41,경기,41310,04000,제2종근린생활시설,100대 이상,183
11,서울,11470,05000,문화및집회시설,100대 이상,775
47,경북,47190,21000,동물및식물관련시설,10대 이하,57
30,대전,30110,02000,공동주택,10대 이하,1810
31,울산,31140,19000,위험물저장및처리시설,10대 이하,173
44,충남,44200,20000,자동차관련시설,10대 이하,280
47,경북,47850,06000,종교시설,21-50대,121
11,서울,11530,Z8000,교육연구및복지시설,21-50대,59
41,경기,41135,23000,교정및군사시설,10대 이하,0
46,전남,46770,21000,동물및식물관련시설,21-50대,28
46,전남,46820,02000,공동주택,51-100대,1250
44,충남,44150,15000,숙박시설,100대 이상,1134
26,부산,26170,06000,종교시설,11-20대,86
27,대구,27110,Z3000,근린생활시설,10대 이하,13
26,부산,26500,09000,의료시설,10대 이하,12
28,인천,28140,10000,교육연구시설,100대 이상,547
11,서울,11710,20000,자동차관련시설,100대 이상,1519
51,강원,51210,06000,종교시설,10대 이하,94
43,충북,43770,20000,자동차관련시설,51-100대,161
43,충북,43800,09000,의료시설,51-100대,59
47,경북,47111,11000,노유자시설,51-100대,80
26,부산,26380,20000,자동차관련시설,51-100대,149
51,강원,51720,11000,노유자시설,10대 이하,118
26,부산,26710,05000,문화및집회시설,100대 이상,1080
28,인천,28710,15000,숙박시설,11-20대,267
48,경남,48310,19000,위험물저장및처리시설,21-50대,61
47,경북,47770,,,21-50대,32
45,전북,45210,22000,분뇨.쓰레기처리시설,10대 이하,51
50,제주,50110,07000,판매시설,100대 이상,1328
11,서울,11305,09000,의료시설,100대 이상,661
46,전남,46870,11000,노유자시설,21-50대,106
41,경기,41113,02000,공동주택,51-100대,587
51,강원,51210,13000,운동시설,21-50대,180
47,경북,47230,22000,분뇨.쓰레기처리시설,21-50대,133
47,경북,47130,02000,공동주택,100대 이상,95684
26,부산,26170,06000,종교시설,10대 이하,40
45,전북,45750,30000,자원순환관련시설,10대 이하,0
45,전북,45113,19000,위험물저장및처리시설,100대 이상,6576
46,전남,46860,27000,관광휴게시설,10대 이하,0
46,전남,46730,04000,제2종근린생활시설,11-20대,76
41,경기,41800,06000,종교시설,10대 이하,61
41,경기,41370,14000,업무시설,100대 이상,4034
46,전남,46170,15000,숙박시설,100대 이상,1421
45,전북,45770,17000,공장,100대 이상,272
11,서울,11620,04000,제2종근린생활시설,11-20대,1324
44,충남,44710,27000,관광휴게시설,10대 이하,0
46,전남,46830,07000,판매시설,21-50대,70
47,경북,47850,19000,위험물저장및처리시설,10대 이하,165
41,경기,41570,23000,교정및군사시설,51-100대,363
41,경기,41390,22000,분뇨.쓰레기처리시설,10대 이하,9
29,광주,29140,Z8000,교육연구및복지시설,10대 이하,8
29,광주,29200,Z3000,근린생활시설,10대 이하,41
11,서울,11545,03000,제1종근린생활시설,51-100대,285
45,전북,45140,15000,숙박시설,21-50대,120
45,전북,45720,09000,의료시설,100대 이상,444
26,부산,26200,04000,제2종근린생활시설,51-100대,72
44,충남,44131,05000,문화및집회시설,100대 이상,36413
11,서울,11230,07000,판매시설,11-20대,29
11,서울,11320,06000,종교시설,51-100대,58
46,전남,46810,18000,창고시설,21-50대,110
46,전남,46890,07000,판매시설,21-50대,37
28,인천,28110,15000,숙박시설,11-20대,540
47,경북,47290,05000,문화및집회시설,51-100대,71
29,광주,29110,07000,판매시설,11-20대,17
43,충북,43730,31000,야영장시설,10대 이하,0
11,서울,11620,13000,운동시설,21-50대,31
51,강원,51150,05000,문화및집회시설,11-20대,115
45,전북,45190,02000,공동주택,11-20대,313
29,광주,29155,06000,종교시설,21-50대,607
41,경기,41273,08000,운수시설,21-50대,32
41,경기,41630,14000,업무시설,100대 이상,1014
11,서울,11740,12000,수련시설,11-20대,19
41,경기,41370,19000,위험물저장및처리시설,100대 이상,110
51,강원,51170,14000,업무시설,11-20대,65
46,전남,46150,21000,동물및식물관련시설,10대 이하,55
51,강원,51230,01000,단독주택,11-20대,938
41,경기,41117,03000,제1종근린생활시설,100대 이상,629
29,광주,29200,03000,제1종근린생활시설,10대 이하,3874
46,전남,46710,12000,수련시설,21-50대,36
44,충남,44230,01000,단독주택,21-50대,593
29,광주,29140,30000,자원순환관련시설,10대 이하,36
45,전북,45210,17000,공장,21-50대,3779
27,대구,27290,Z5000,문화및집회시설,100대 이상,726
27,대구,27230,03000,제1종근린생활시설,21-50대,2112
41,경기,41570,28000,가설건축물,10대 이하,0
48,경남,48121,27000,관광휴게시설,51-100대,330
11,서울,11440,19000,위험물저장및처리시설,10대 이하,22
41,경기,41590,10000,교육연구시설,51-100대,7046
46,전남,46150,03000,제1종근린생활시설,51-100대,318
46,전남,46830,11000,노유자시설,100대 이상,111
47,경북,47250,10000,교육연구시설,100대 이상,5969
48,경남,48125,20000,자동차관련시설,11-20대,95
41,경기,41550,21000,동물및식물관련시설,100대 이상,210
46,전남,46800,11000,노유자시설,11-20대,18
11,서울,11620,Z8000,교육연구및복지시설,100대 이상,198
11,서울,11305,17000,공장,10대 이하,6
45,전북,45190,02000,공동주택,100대 이상,17773
29,광주,29155,11000,노유자시설,21-50대,99
46,전남,46130,01003,다가구주택,10대 이하,8
51,강원,51150,Z8000,교육연구및복지시설,51-100대,149
44,충남,44270,22000,분뇨.쓰레기처리시설,10대 이하,25
41,경기,41650,Z8000,교육연구및복지시설,11-20대,37
45,전북,45111,15000,숙박시설,11-20대,508
45,전북,45190,20000,자동차관련시설,10대 이하,26
11,서울,11200,18000,창고시설,100대 이상,176
11,서울,11200,24000,방송통신시설,10대 이하,0
47,경북,47130,12000,수련시설,11-20대,11
26,부산,26170,18000,창고시설,11-20대,57
46,전남,46900,13000,운동시설,10대 이하,28
41,경기,41390,16000,위락시설,11-20대,11
41,경기,41370,04000,제2종근린생활시설,10대 이하,5415
30,대전,30230,Z8000,교육연구및복지시설,10대 이하,1
48,경남,48730,01000,단독주택,10대 이하,2770
26,부산,26260,04000,제2종근린생활시설,10대 이하,2699
41,경기,41670,05000,문화및집회시설,51-100대,269
27,대구,27710,03000,제1종근린생활시설,21-50대,2290
43,충북,43770,13000,운동시설,21-50대,159
27,대구,27140,05000,문화및집회시설,51-100대,70
46,전남,46800,05000,문화및집회시설,21-50대,133
45,전북,45140,09000,의료시설,51-100대,459
11,서울,11110,20000,자동차관련시설,21-50대,281
27,대구,27170,21000,동물및식물관련시설,10대 이하,0
27,대구,27260,14000,업무시설,100대 이상,7508
11,서울,11110,10000,교육연구시설,21-50대,1051
11,서울,11680,04000,제2종근린생활시설,51-100대,1631
46,전남,46840,14000,업무시설,11-20대,124
47,경북,47840,26000,묘지관련시설,21-50대,72
41,경기,41390,20000,자동차관련시설,51-100대,912
41,경기,41410,17000,공장,11-20대,1301
29,광주,29200,18000,창고시설,10대 이하,590
51,강원,51170,09000,의료시설,21-50대,160
44,충남,44180,05000,문화및집회시설,21-50대,100
48,경남,48720,17000,공장,100대 이상,809
51,강원,51830,04000,제2종근린생활시설,11-20대,110
48,경남,48820,14000,업무시설,11-20대,63
41,경기,41210,23000,교정및군사시설,51-100대,56
46,전남,46780,18000,창고시설,10대 이하,146
11,서울,11260,21000,동물및식물관련시설,10대 이하,10
51,강원,51130,n0300,,10대 이하,0
47,경북,47230,14000,업무시설,11-20대,89
41,경기,41135,06000,종교시설,10대 이하,36
41,경기,41550,29000,장례시설,51-100대,67
29,광주,29170,07000,판매시설,11-20대,80
46,전남,46890,15000,숙박시설,11-20대,80
11,서울,11530,11000,노유자시설,10대 이하,173
41,경기,41310,03000,제1종근린생활시설,11-20대,516
26,부산,26260,22000,분뇨.쓰레기처리시설,10대 이하,0
41,경기,41171,13000,운동시설,100대 이상,503
43,충북,43745,01000,단독주택,10대 이하,2641
46,전남,46780,02000,공동주택,10대 이하,44
41,경기,41281,30000,자원순환관련시설,21-50대,77
30,대전,30200,16000,위락시설,11-20대,30
43,충북,43130,10000,교육연구시설,21-50대,927
41,경기,41630,09000,의료시설,21-50대,190
47,경북,47230,10000,교육연구시설,21-50대,506
45,전북,45720,26000,묘지관련시설,10대 이하,1
28,인천,28200,10000,교육연구시설,11-20대,286
51,강원,51720,23000,교정및군사시설,51-100대,90
28,인천,28140,02000,공동주택,51-100대,98
44,충남,44200,20000,자동차관련시설,51-100대,535
46,전남,46890,13000,운동시설,21-50대,32
51,강원,51720,14000,업무시설,51-100대,779
51,강원,51150,21000,동물및식물관련시설,100대 이상,125
45,전북,45790,21000,동물및식물관련시설,51-100대,64
27,대구,27140,23000,교정및군사시설,10대 이하,1
45,전북,45730,15000,숙박시설,51-100대,82
29,광주,29170,21000,동물및식물관련시설,100대 이상,519
41,경기,41360,18000,창고시설,51-100대,546
45,전북,45111,15000,숙박시설,10대 이하,276
44,충남,44760,15000,숙박시설,10대 이하,131
31,울산,31710,13000,운동시설,51-100대,522
47,경북,47920,02000,공동주택,10대 이하,148
43,충북,43750,16000,위락시설,21-50대,30
51,강원,51130,18000,창고시설,21-50대,384
41,경기,41220,07000,판매시설,100대 이상,3208
28,인천,28200,23000,교정및군사시설,10대 이하,3
11,서울,11500,04000,제2종근린생활시설,21-50대,1232
48,경남,48129,05000,문화및집회시설,51-100대,121
47,경북,47111,22000,분뇨.쓰레기처리시설,100대 이상,367
27,대구,27260,Z3000,근린생활시설,21-50대,22
51,강원,51170,10000,교육연구시설,11-20대,46
46,전남,46810,17000,공장,10대 이하,559
47,경북,47210,Z8000,교육연구및복지시설,21-50대,25
46,전남,46230,23000,교정및군사시설,10대 이하,0
48,경남,48170,07100,소매시장,100대 이상,174
26,부산,26140,07000,판매시설,21-50대,46
41,경기,41461,19000,위험물저장및처리시설,10대 이하,269
50,제주,50130,08000,운수시설,100대 이상,1041
11,서울,11260,05000,문화및집회시설,11-20대,12
44,충남,44800,18000,창고시설,21-50대,46
26,부산,26110,04000,제2종근린생활시설,11-20대,61
51,강원,51720,Z3000,근린생활시설,11-20대,14
27,대구,27110,15000,숙박시설,21-50대,150
45,전북,45180,15000,숙박시설,51-100대,88
30,대전,30140,04000,제2종근린생활시설,100대 이상,313
47,경북,47170,Z3020,체육도장,10대 이하,0
26,부산,26170,03000,제1종근린생활시설,100대 이상,1347
48,경남,48740,10000,교육연구시설,11-20대,55
11,서울,11320,02000,공동주택,21-50대,3827
28,인천,28200,24000,방송통신시설,10대 이하,5
47,경북,47750,03000,제1종근린생활시설,10대 이하,210
28,인천,28710,10000,교육연구시설,21-50대,504
27,대구,27720,04000,제2종근린생활시설,11-20대,65
41,경기,41287,02000,공동주택,11-20대,460
41,경기,41590,20000,자동차관련시설,100대 이상,8810
41,경기,41290,23000,교정및군사시설,10대 이하,0
41,경기,41115,05000,문화및집회시설,51-100대,257
41,경기,41450,02000,공동주택,10대 이하,1398
44,충남,44825,25000,발전시설,10대 이하,2
45,전북,45800,21000,동물및식물관련시설,51-100대,68
43,충북,43750,11000,노유자시설,100대 이상,122
48,경남,48730,11000,노유자시설,11-20대,52
41,경기,41500,17000,공장,51-100대,3034
51,강원,51230,Z3000,근린생활시설,11-20대,16
26,부산,26110,15000,숙박시설,100대 이상,354
26,부산,26320,05000,문화및집회시설,10대 이하,10
43,충북,43750,10000,교육연구시설,100대 이상,30771
45,전북,45710,11000,노유자시설,11-20대,98
46,전남,46780,03000,제1종근린생활시설,21-50대,204
51,강원,51770,Z8000,교육연구및복지시설,10대 이하,7
51,강원,51750,13000,운동시설,21-50대,48
47,경북,47290,09000,의료시설,100대 이상,103
47,경북,47750,15000,숙박시설,100대 이상,1014
43,충북,43130,10000,교육연구시설,10대 이하,142
44,충남,44150,Z8000,교육연구및복지시설,10대 이하,5
51,강원,51230,12000,수련시설,10대 이하,12
41,경기,41465,Z8000,교육연구및복지시설,10대 이하,0
45,전북,45720,30000,자원순환관련시설,10대 이하,9
51,강원,51110,17000,공장,11-20대,634
44,충남,44760,10000,교육연구시설,11-20대,61
29,광주,29140,18000,창고시설,10대 이하,440
51,강원,51190,14000,업무시설,100대 이상,426
51,강원,51110,21000,동물및식물관련시설,11-20대,15
26,부산,26530,14000,업무시설,11-20대,487
48,경남,48125,,,11-20대,47
11,서울,11470,20000,자동차관련시설,10대 이하,28
48,경남,48860,20000,자동차관련시설,10대 이하,7
28,인천,28245,02000,공동주택,51-100대,1643
50,제주,50110,Z5000,문화및집회시설,21-50대,92
27,대구,27230,,,100대 이상,6194
45,전북,45800,02000,공동주택,21-50대,546
47,경북,47290,01000,단독주택,11-20대,3436
27,대구,27200,04000,제2종근린생활시설,21-50대,237
44,충남,44810,31000,야영장시설,10대 이하,2
47,경북,47150,03000,제1종근린생활시설,21-50대,465
48,경남,48880,06000,종교시설,11-20대,55
45,전북,45790,06000,종교시설,10대 이하,64
41,경기,41285,12000,수련시설,100대 이상,310
47,경북,47750,07000,판매시설,10대 이하,20
44,충남,44250,23000,교정및군사시설,100대 이상,56530
41,경기,41281,04000,제2종근린생활시설,100대 이상,894
41,경기,41570,23000,교정및군사시설,11-20대,252
41,경기,41285,07000,판매시설,21-50대,24
11,서울,11470,12000,수련시설,21-50대,21
46,전남,46230,26000,묘지관련시설,10대 이하,0
47,경북,47920,29000,장례시설,21-50대,47
26,부산,26260,07000,판매시설,11-20대,35
51,강원,51190,13000,운동시설,21-50대,212
28,인천,28140,23000,교정및군사시설,10대 이하,0
11,서울,11215,14000,업무시설,10대 이하,264
47,경북,47840,01000,단독주택,21-50대,85
41,경기,41480,05000,문화및집회시설,11-20대,192
41,경기,41500,15000,숙박시설,10대 이하,167
46,전남,46810,03001,소매점,10대 이하,0
44,충남,44230,05000,문화및집회시설,21-50대,264
28,인천,28200,01000,단독주택,10대 이하,7962
41,경기,41830,26000,묘지관련시설,10대 이하,9
51,강원,51720,10000,교육연구시설,51-100대,823
41,경기,41281,02000,공동주택,100대 이상,871013
48,경남,48310,17000,공장,10대 이하,383
45,전북,45130,12000,수련시설,100대 이상,432
48,경남,48129,Z9000,공공용시설,100대 이상,244
46,전남,46780,19000,위험물저장및처리시설,21-50대,98
47,경북,47113,20000,자동차관련시설,11-20대,95
47,경북,47900,,,11-20대,12
41,경기,41117,11000,노유자시설,51-100대,78
11,서울,11410,06000,종교시설,21-50대,607
45,전북,45740,09000,의료시설,10대 이하,8
31,울산,31710,02000,공동주택,10대 이하,2069
47,경북,47940,Z8000,교육연구및복지시설,21-50대,26
26,부산,26530,13000,운동시설,51-100대,165
47,경북,47210,13000,운동시설,10대 이하,28
46,전남,46770,17000,공장,51-100대,265
47,경북,47830,01000,단독주택,100대 이상,6690
41,경기,41111,20000,자동차관련시설,10대 이하,39
30,대전,30140,05000,문화및집회시설,21-50대,57
50,제주,50110,20000,자동차관련시설,51-100대,957
41,경기,41210,04000,제2종근린생활시설,51-100대,195
44,충남,44150,30000,자원순환관련시설,11-20대,44
46,전남,46720,27000,관광휴게시설,11-20대,18
47,경북,47190,09000,의료시설,100대 이상,786
48,경남,48310,24000,방송통신시설,21-50대,21
51,강원,51750,12000,수련시설,10대 이하,12
48,경남,48129,23000,교정및군사시설,100대 이상,14123
41,경기,41281,26000,묘지관련시설,100대 이상,218
41,경기,41310,14000,업무시설,51-100대,617
27,대구,27170,06000,종교시설,11-20대,140
46,전남,46110,18000,창고시설,21-50대,24
41,경기,41820,01000,단독주택,10대 이하,13959
27,대구,27710,20000,자동차관련시설,21-50대,683
45,전북,45180,27000,관광휴게시설,10대 이하,1
11,서울,11350,09000,의료시설,21-50대,222
51,강원,51170,Z6000,판매및영업시설,51-100대,62
45,전북,45113,19000,위험물저장및처리시설,10대 이하,221
46,전남,46780,01000,단독주택,51-100대,72
27,대구,27170,12000,수련시설,11-20대,20
48,경남,48240,30000,자원순환관련시설,51-100대,56
48,경남,48250,,,11-20대,42
41,경기,41430,03000,제1종근린생활시설,100대 이상,1434
44,충남,44230,01000,단독주택,10대 이하,6734
31,울산,31200,17000,공장,100대 이상,1161386
29,광주,29200,07000,판매시설,10대 이하,30
41,경기,41800,14000,업무시설,100대 이상,158
48,경남,48240,,,10대 이하,31
47,경북,47840,10000,교육연구시설,21-50대,142
46,전남,46890,21000,동물및식물관련시설,10대 이하,78
48,경남,48250,07000,판매시설,10대 이하,31
28,인천,28185,Z8000,교육연구및복지시설,100대 이상,784
51,강원,51170,02000,공동주택,10대 이하,564
47,경북,47850,20000,자동차관련시설,100대 이상,150
48,경남,48730,02000,공동주택,10대 이하,407
51,강원,51720,13000,운동시설,51-100대,1351
41,경기,41173,07000,판매시설,21-50대,21
48,경남,48850,12000,수련시설,21-50대,26
41,경기,41480,15000,숙박시설,100대 이상,802
51,강원,51170,14000,업무시설,51-100대,304
41,경기,41463,18000,창고시설,21-50대,409
45,전북,45190,07000,판매시설,10대 이하,10
41,경기,41113,01000,단독주택,11-20대,397
45,전북,45740,02000,공동주택,11-20대,72
48,경남,48129,14000,업무시설,10대 이하,129
43,충북,43111,23000,교정및군사시설,51-100대,54
41,경기,41390,20000,자동차관련시설,10대 이하,176
46,전남,46230,06000,종교시설,51-100대,133
44,충남,44230,Z8000,교육연구및복지시설,51-100대,59
31,울산,31170,09000,의료시설,21-50대,58
48,경남,48127,02000,공동주택,21-50대,986
11,서울,11380,03000,제1종근린생활시설,10대 이하,1435
44,충남,44770,06000,종교시설,10대 이하,100
46,전남,46870,10000,교육연구시설,51-100대,253
45,전북,45190,15000,숙박시설,11-20대,190
41,경기,41171,05000,문화및집회시설,100대 이상,498
46,전남,46830,15000,숙박시설,51-100대,60
41,경기,41210,22000,분뇨.쓰레기처리시설,100대 이상,113
41,경기,41390,16000,위락시설,51-100대,149
48,경남,48840,12000,수련시설,21-50대,48
45,전북,45730,22000,분뇨.쓰레기처리시설,11-20대,19
51,강원,51780,Z5000,문화및집회시설,11-20대,31
11,서울,11560,01000,단독주택,10대 이하,5693
48,경남,48720,19000,위험물저장및처리시설,10대 이하,5
46,전남,46830,20000,자동차관련시설,10대 이하,74
47,경북,47730,19000,위험물저장및처리시설,21-50대,40
43,충북,43150,23000,교정및군사시설,10대 이하,3
11,서울,11350,Z9000,공공용시설,21-50대,26
51,강원,51720,04000,제2종근린생활시설,10대 이하,903
41,경기,41117,15000,숙박시설,11-20대,20
41,경기,41360,02000,공동주택,11-20대,5144
11,서울,11200,06000,종교시설,10대 이하,108
11,서울,11530,06000,종교시설,10대 이하,141
41,경기,41171,09000,의료시설,21-50대,117
51,강원,51730,14000,업무시설,51-100대,202
41,경기,41390,09000,의료시설,21-50대,341
26,부산,26380,,,100대 이상,1905
43,충북,43114,26000,묘지관련시설,21-50대,25
41,경기,41133,09000,의료시설,100대 이상,130
46,전남,46150,04000,제2종근린생활시설,11-20대,680
47,경북,47730,13000,운동시설,100대 이상,2566
51,강원,51790,04000,제2종근린생활시설,51-100대,134
47,경북,47940,02000,공동주택,51-100대,108
44,충남,44710,Z8000,교육연구및복지시설,10대 이하,0
26,부산,26260,Z3000,근린생활시설,10대 이하,8
43,충북,43150,21000,동물및식물관련시설,11-20대,16
45,전북,45710,05000,문화및집회시설,21-50대,25
30,대전,30140,08000,운수시설,10대 이하,6
41,경기,41390,05000,문화및집회시설,21-50대,71
41,경기,41670,05000,문화및집회시설,11-20대,41
28,인천,28110,23000,교정및군사시설,51-100대,58
43,충북,43750,18000,창고시설,21-50대,419
43,충북,43750,07000,판매시설,11-20대,44
51,강원,51770,Z3000,근린생활시설,10대 이하,2
41,경기,41463,17000,공장,100대 이상,307657
41,경기,41171,23000,교정및군사시설,11-20대,54
41,경기,41630,20000,자동차관련시설,10대 이하,393
26,부산,26470,10000,교육연구시설,100대 이상,244
47,경북,47150,20000,자동차관련시설,100대 이상,140
46,전남,46150,Z5000,문화및집회시설,21-50대,95
28,인천,28710,,,11-20대,18
11,서울,11320,13000,운동시설,21-50대,26
43,충북,43150,12000,수련시설,11-20대,13
47,경북,47830,04000,제2종근린생활시설,100대 이상,246
44,충남,44810,22000,분뇨.쓰레기처리시설,11-20대,14
11,서울,11650,06000,종교시설,10대 이하,130
44,충남,44270,10000,교육연구시설,51-100대,295
11,서울,11140,13000,운동시설,10대 이하,14
46,전남,46730,18000,창고시설,10대 이하,78
41,경기,41271,18000,창고시설,21-50대,45
45,전북,45190,30000,자원순환관련시설,11-20대,20
43,충북,43750,09000,의료시설,51-100대,149
43,충북,43730,09000,의료시설,11-20대,14
26,부산,26380,14000,업무시설,21-50대,1853
48,경남,48121,18000,창고시설,51-100대,319
41,경기,41310,22000,분뇨.쓰레기처리시설,100대 이상,165
44,충남,44810,09000,의료시설,10대 이하,0
30,대전,30140,30000,자원순환관련시설,10대 이하,4
47,경북,47730,18000,창고시설,51-100대,80
26,부산,26470,04000,제2종근린생활시설,10대 이하,1886
26,부산,26350,11000,노유자시설,11-20대,55
48,경남,48240,01000,단독주택,11-20대,2340
47,경북,47750,07000,판매시설,21-50대,46
46,전남,46860,02000,공동주택,51-100대,114
43,충북,43130,15000,숙박시설,21-50대,354
31,울산,31110,15000,숙박시설,11-20대,103
41,경기,41650,13000,운동시설,100대 이상,9801
45,전북,45710,11000,노유자시설,10대 이하,138
48,경남,48840,22000,분뇨.쓰레기처리시설,10대 이하,7
11,서울,11680,24000,방송통신시설,51-100대,150
46,전남,46870,28000,가설건축물,10대 이하,0
26,부산,26200,17000,공장,21-50대,165
46,전남,46800,04000,제2종근린생활시설,10대 이하,449
43,충북,43730,Z5000,문화및집회시설,11-20대,11
45,전북,45130,08000,운수시설,51-100대,172
46,전남,46790,19000,위험물저장및처리시설,11-20대,27
47,경북,47290,12000,수련시설,10대 이하,14
45,전북,45720,01000,단독주택,11-20대,47
51,강원,51130,19000,위험물저장및처리시설,100대 이상,109
26,부산,26380,02000,공동주택,21-50대,2320
28,인천,28720,03000,제1종근린생활시설,11-20대,161
28,인천,28185,Z3000,근린생활시설,11-20대,17
45,전북,45730,09000,의료시설,51-100대,78
27,대구,27710,06000,종교시설,10대 이하,178
26,부산,26530,29000,장례시설,100대 이상,141
11,서울,11740,27000,관광휴게시설,10대 이하,2
27,대구,27200,04000,제2종근린생활시설,10대 이하,1685
41,경기,41590,07000,판매시설,100대 이상,6143
46,전남,46110,20000,자동차관련시설,100대 이상,884
47,경북,47730,,,10대 이하,4
41,경기,41550,26000,묘지관련시설,51-100대,112
47,경북,47900,03000,제1종근린생활시설,10대 이하,444
51,강원,51830,20000,자동차관련시설,10대 이하,17
31,울산,31710,10000,교육연구시설,11-20대,149
41,경기,41190,Z6000,판매및영업시설,100대 이상,1472
47,경북,47770,15000,숙박시설,21-50대,70
29,광주,29170,05000,문화및집회시설,51-100대,238
44,충남,44133,17000,공장,100대 이상,78447
45,전북,45190,11000,노유자시설,21-50대,107
47,경북,47930,21000,동물및식물관련시설,21-50대,28
31,울산,31200,19000,위험물저장및처리시설,21-50대,116
41,경기,41190,15000,숙박시설,51-100대,253
47,경북,47900,23000,교정및군사시설,11-20대,11
41,경기,41650,,,21-50대,47
46,전남,46150,Z6000,판매및영업시설,10대 이하,3
41,경기,41820,01000,단독주택,100대 이상,362
41,경기,41210,20000,자동차관련시설,100대 이상,1669
41,경기,41285,06000,종교시설,10대 이하,189
45,전북,45180,22000,분뇨.쓰레기처리시설,10대 이하,45
26,부산,26500,02000,공동주택,21-50대,2050
44,충남,44710,17000,공장,21-50대,635
11,서울,11740,10000,교육연구시설,10대 이하,141
51,강원,51750,17000,공장,100대 이상,6601
41,경기,41830,09000,의료시설,100대 이상,1920
43,충북,43114,27000,관광휴게시설,11-20대,14
41,경기,41800,23000,교정및군사시설,51-100대,86
11,서울,11410,18000,창고시설,10대 이하,3
41,경기,41570,12000,수련시설,10대 이하,5
28,인천,28245,Z8000,교육연구및복지시설,100대 이상,554
26,부산,26320,05000,문화및집회시설,100대 이상,212
41,경기,41287,06000,종교시설,21-50대,234
26,부산,26320,15000,숙박시설,11-20대,125
51,강원,51780,03000,제1종근린생활시설,21-50대,140
47,경북,47750,01000,단독주택,11-20대,266
51,강원,51730,22000,분뇨.쓰레기처리시설,10대 이하,16
43,충북,43770,03000,제1종근린생활시설,21-50대,903
41,경기,41220,15000,숙박시설,51-100대,710
11,서울,11230,18000,창고시설,21-50대,21
51,강원,51130,,,51-100대,177
26,부산,26530,,,100대 이상,288
50,제주,50110,04000,제2종근린생활시설,51-100대,709
31,울산,31140,05000,문화및집회시설,11-20대,77
27,대구,27140,18000,창고시설,11-20대,78
46,전남,46910,05000,문화및집회시설,10대 이하,24
41,경기,41281,24000,방송통신시설,11-20대,19
28,인천,28237,05000,문화및집회시설,10대 이하,0
48,경남,48129,10000,교육연구시설,11-20대,103
44,충남,44810,Z5000,문화및집회시설,11-20대,16
47,경북,47230,20000,자동차관련시설,11-20대,34
26,부산,26230,03000,제1종근린생활시설,21-50대,1089
26,부산,26140,21000,동물및식물관련시설,51-100대,67
44,충남,44800,03000,제1종근린생활시설,100대 이상,322
46,전남,46900,05000,문화및집회시설,10대 이하,35
41,경기,41131,07000,판매시설,100대 이상,2614
46,전남,46780,09000,의료시설,51-100대,260
48,경남,48127,15000,숙박시설,11-20대,38
47,경북,47280,27005,휴게소,10대 이하,0
36,세종,36110,05000,문화및집회시설,21-50대,84
44,충남,44270,03000,제1종근린생활시설,10대 이하,1807
44,충남,44770,07000,판매시설,100대 이상,465
30,대전,30230,20000,자동차관련시설,100대 이상,173
41,경기,41285,13000,운동시설,11-20대,113
41,경기,41461,26000,묘지관련시설,100대 이상,369
11,서울,11650,15000,숙박시설,11-20대,41
41,경기,41830,19000,위험물저장및처리시설,100대 이상,444
11,서울,11590,14000,업무시설,11-20대,275
29,광주,29170,07000,판매시설,10대 이하,55
46,전남,46770,08000,운수시설,21-50대,56
11,서울,11290,06000,종교시설,100대 이상,1331
48,경남,48129,12100,생활권수련시설,10대 이하,0
51,강원,51780,Z8000,교육연구및복지시설,11-20대,13
26,부산,26230,17000,공장,11-20대,12
51,강원,51210,22000,분뇨.쓰레기처리시설,51-100대,90
45,전북,45130,13000,운동시설,11-20대,165
47,경북,47150,14000,업무시설,10대 이하,49
46,전남,46780,19000,위험물저장및처리시설,10대 이하,14
45,전북,45750,18000,창고시설,11-20대,24
28,인천,28260,Z8000,교육연구및복지시설,10대 이하,20
44,충남,44210,11000,노유자시설,21-50대,26
31,울산,31110,21000,동물및식물관련시설,10대 이하,0
47,경북,47770,27000,관광휴게시설,51-100대,53
27,대구,27140,03000,제1종근린생활시설,10대 이하,2847
41,경기,41115,21000,동물및식물관련시설,10대 이하,0
48,경남,48125,15000,숙박시설,21-50대,264
51,강원,51110,Z3000,근린생활시설,10대 이하,173
11,서울,11500,19000,위험물저장및처리시설,11-20대,27
45,전북,45770,11000,노유자시설,21-50대,26
11,서울,11410,04000,제2종근린생활시설,21-50대,359
46,전남,46890,11000,노유자시설,21-50대,51
41,경기,41310,10000,교육연구시설,51-100대,617
29,광주,29110,000,,10대 이하,0
43,충북,43114,Z8000,교육연구및복지시설,100대 이상,432
47,경북,47850,23000,교정및군사시설,10대 이하,0
11,서울,11215,18000,창고시설,10대 이하,6
11,서울,11530,03000,제1종근린생활시설,51-100대,467
28,인천,28140,17000,공장,21-50대,259
48,경남,48740,03000,제1종근린생활시설,10대 이하,771
27,대구,27290,20000,자동차관련시설,21-50대,609
46,전남,46830,Z8000,교육연구및복지시설,51-100대,68
47,경북,47920,30000,자원순환관련시설,11-20대,16
51,강원,51750,Z5000,문화및집회시설,10대 이하,1
26,부산,26200,11000,노유자시설,10대 이하,38
46,전남,46830,30000,자원순환관련시설,11-20대,18
31,울산,31710,14000,업무시설,100대 이상,2579
51,강원,51110,06000,종교시설,10대 이하,354
47,경북,47150,03000,제1종근린생활시설,11-20대,317
44,충남,44790,13000,운동시설,10대 이하,11
26,부산,26530,19000,위험물저장및처리시설,11-20대,29
45,전북,45190,09000,의료시설,10대 이하,14
46,전남,46130,17000,공장,100대 이상,265937
48,경남,48820,18000,창고시설,11-20대,13
28,인천,28710,15199,기타일반숙박시설,10대 이하,2
30,대전,30200,20000,자동차관련시설,11-20대,198
26,부산,26320,21000,동물및식물관련시설,10대 이하,0
29,광주,29110,09000,의료시설,51-100대,121
46,전남,46150,02000,공동주택,11-20대,468
11,서울,11530,Z8000,교육연구및복지시설,11-20대,11
30,대전,30140,13000,운동시설,11-20대,33
51,강원,51790,30000,자원순환관련시설,11-20대,12
41,경기,41190,10000,교육연구시설,100대 이상,12989
51,강원,51730,14000,업무시설,21-50대,557
27,대구,27710,20000,자동차관련시설,10대 이하,241
43,충북,43750,17000,공장,100대 이상,51360
43,충북,43150,04000,제2종근린생활시설,21-50대,142
51,강원,51210,10000,교육연구시설,10대 이하,41
48,경남,48890,18000,창고시설,21-50대,24
11,서울,11305,06000,종교시설,11-20대,160
51,강원,51830,10000,교육연구시설,10대 이하,49
47,경북,47250,18000,창고시설,100대 이상,235
45,전북,45800,06000,종교시설,51-100대,78
41,경기,41570,01000,단독주택,11-20대,721
48,경남,48170,09000,의료시설,51-100대,461
11,서울,11590,Z9000,공공용시설,21-50대,28
41,경기,41117,,,100대 이상,8029
41,경기,41820,25000,발전시설,10대 이하,4
47,경북,47250,15000,숙박시설,11-20대,122
47,경북,47170,30000,자원순환관련시설,100대 이상,120
11,서울,11680,01000,단독주택,10대 이하,17328
41,경기,41630,05000,문화및집회시설,10대 이하,98
41,경기,41273,18000,창고시설,100대 이상,3583
26,부산,26320,13000,운동시설,100대 이상,370
27,대구,27140,05000,문화및집회시설,100대 이상,1452
26,부산,26200,02000,공동주택,21-50대,1135
47,경북,47190,06000,종교시설,10대 이하,216
41,경기,41463,17000,공장,21-50대,516
43,충북,43745,15000,숙박시설,10대 이하,52
11,서울,11350,Z8000,교육연구및복지시설,21-50대,371
48,경남,48720,09000,의료시설,10대 이하,0
41,경기,41360,20000,자동차관련시설,51-100대,769
48,경남,48890,09000,의료시설,51-100대,99
11,서울,11290,23000,교정및군사시설,10대 이하,3
48,경남,48330,22000,분뇨.쓰레기처리시설,10대 이하,107
41,경기,41111,11000,노유자시설,10대 이하,212
28,인천,28260,19000,위험물저장및처리시설,21-50대,48
46,전남,46800,03000,제1종근린생활시설,11-20대,180
11,서울,11620,02000,공동주택,100대 이상,54412
27,대구,27230,29000,장례시설,51-100대,99
46,전남,46830,25000,발전시설,10대 이하,8
43,충북,43113,17000,공장,51-100대,5485
43,충북,43111,19000,위험물저장및처리시설,10대 이하,68
44,충남,44210,07000,판매시설,10대 이하,30
48,경남,48127,13000,운동시설,51-100대,214
11,서울,11410,Z8000,교육연구및복지시설,10대 이하,5
48,경남,48330,19000,위험물저장및처리시설,11-20대,76
41,경기,41820,05000,문화및집회시설,10대 이하,100
11,서울,11710,02000,공동주택,100대 이상,907699
29,광주,29170,14000,업무시설,100대 이상,3012
28,인천,28710,19000,위험물저장및처리시설,21-50대,40
51,강원,51760,14000,업무시설,21-50대,285
26,부산,26440,30000,자원순환관련시설,10대 이하,168
51,강원,51810,Z5000,문화및집회시설,10대 이하,7
47,경북,47150,11000,노유자시설,11-20대,57
44,충남,44790,03000,제1종근린생활시설,10대 이하,409
47,경북,47210,14000,업무시설,10대 이하,36
45,전북,45710,04000,제2종근린생활시설,51-100대,56
46,전남,46170,05000,문화및집회시설,11-20대,16
41,경기,41450,02000,공동주택,11-20대,283
11,서울,11680,13000,운동시설,21-50대,128
51,강원,51230,30000,자원순환관련시설,10대 이하,11
50,제주,50130,11000,노유자시설,11-20대,228
46,전남,46870,15000,숙박시설,51-100대,95
41,경기,41135,15000,숙박시설,21-50대,139
41,경기,41131,10000,교육연구시설,51-100대,648
41,경기,41285,08000,운수시설,100대 이상,102
50,제주,50110,14000,업무시설,21-50대,3622
45,전북,45111,14000,업무시설,51-100대,838
43,충북,43720,13000,운동시설,10대 이하,28
11,서울,11620,01000,단독주택,21-50대,57
47,경북,47170,02000,공동주택,51-100대,388
31,울산,31110,10000,교육연구시설,11-20대,69
43,충북,43113,05000,문화및집회시설,100대 이상,621
43,충북,43800,02000,공동주택,11-20대,80
31,울산,31710,10000,교육연구시설,100대 이상,8388
46,전남,46710,02000,공동주택,100대 이상,3233
47,경북,47900,05000,문화및집회시설,11-20대,14
47,경북,47920,14000,업무시설,100대 이상,743
51,강원,51190,14000,업무시설,11-20대,120
28,인천,28177,09000,의료시설,11-20대,125
28,인천,28185,11000,노유자시설,100대 이상,1587
47,경북,47770,22000,분뇨.쓰레기처리시설,10대 이하,10
41,경기,41131,09000,의료시설,100대 이상,1037
51,강원,51750,30000,자원순환관련시설,100대 이상,255
48,경남,48129,18000,창고시설,21-50대,692
28,인천,28260,04000,제2종근린생활시설,51-100대,1805
45,전북,45770,09000,의료시설,10대 이하,0
11,서울,11200,09000,의료시설,10대 이하,16
51,강원,51810,23000,교정및군사시설,10대 이하,91
41,경기,41250,Z8000,교육연구및복지시설,51-100대,135
41,경기,41500,13000,운동시설,21-50대,414
51,강원,51150,30000,자원순환관련시설,21-50대,77
28,인천,28720,10000,교육연구시설,21-50대,120
48,경남,48310,18000,창고시설,21-50대,141
28,인천,28237,17000,공장,100대 이상,9595
11,서울,11350,09000,의료시설,51-100대,221
44,충남,44131,30000,자원순환관련시설,21-50대,49
46,전남,46770,05000,문화및집회시설,100대 이상,354
46,전남,46890,13000,운동시설,11-20대,38
47,경북,47190,07000,판매시설,11-20대,28
27,대구,27290,04000,제2종근린생활시설,51-100대,653
28,인천,28237,18000,창고시설,11-20대,51
46,전남,46710,10000,교육연구시설,10대 이하,25
46,전남,46830,05000,문화및집회시설,11-20대,68
51,강원,51720,17000,공장,21-50대,1130
48,경남,48127,01000,단독주택,21-50대,30
41,경기,41173,10000,교육연구시설,51-100대,1118
44,충남,44790,13000,운동시설,11-20대,36
43,충북,43740,23000,교정및군사시설,100대 이상,193
30,대전,30140,03000,제1종근린생활시설,10대 이하,1635
47,경북,47280,11000,노유자시설,10대 이하,114
51,강원,51230,06000,종교시설,21-50대,71
46,전남,46230,,,100대 이상,286
44,충남,44131,25000,발전시설,10대 이하,0
29,광주,29140,17000,공장,11-20대,12
47,경북,47770,12000,수련시설,100대 이상,180
51,강원,51130,24000,방송통신시설,11-20대,34
48,경남,48125,07000,판매시설,10대 이하,12
47,경북,47840,04000,제2종근린생활시설,10대 이하,1283
41,경기,41287,24000,방송통신시설,100대 이상,641
43,충북,43745,10000,교육연구시설,21-50대,175
43,충북,43113,18000,창고시설,10대 이하,408
46,전남,46780,10000,교육연구시설,100대 이상,300
41,경기,41220,15000,숙박시설,11-20대,753
30,대전,30170,05000,문화및집회시설,51-100대,267
31,울산,31140,23000,교정및군사시설,10대 이하,0
11,서울,11200,27000,관광휴게시설,10대 이하,0
30,대전,30230,16000,위락시설,10대 이하,18
45,전북,45790,13000,운동시설,51-100대,67
43,충북,43720,10000,교육연구시설,100대 이상,882
44,충남,44760,03000,제1종근린생활시설,21-50대,143
28,인천,28185,Z5000,문화및집회시설,11-20대,16
41,경기,41480,01000,단독주택,100대 이상,156
11,서울,11200,05000,문화및집회시설,10대 이하,0
46,전남,46150,15000,숙박시설,10대 이하,935
26,부산,26320,19000,위험물저장및처리시설,11-20대,12
30,대전,30230,06000,종교시설,51-100대,139
45,전북,45130,06000,종교시설,100대 이상,166
27,대구,27230,11000,노유자시설,21-50대,121
31,울산,31710,03000,제1종근린생활시설,100대 이상,297
41,경기,41285,03000,제1종근린생활시설,11-20대,1554
46,전남,46830,18000,창고시설,51-100대,217
41,경기,41465,03000,제1종근린생활시설,11-20대,981
46,전남,46860,22000,분뇨.쓰레기처리시설,100대 이상,190
44,충남,44270,01000,단독주택,10대 이하,8959
48,경남,48220,20000,자동차관련시설,10대 이하,62
48,경남,48121,27000,관광휴게시설,10대 이하,29
41,경기,41430,20000,자동차관련시설,11-20대,36
11,서울,11440,20000,자동차관련시설,21-50대,155
41,경기,41610,02000,공동주택,10대 이하,49895
41,경기,41150,15000,숙박시설,11-20대,513
27,대구,27710,27000,관광휴게시설,51-100대,137
47,경북,47170,09000,의료시설,51-100대,112
43,충북,43112,05000,문화및집회시설,21-50대,22
11,서울,11560,22000,분뇨.쓰레기처리시설,10대 이하,0
48,경남,48121,06000,종교시설,11-20대,99
45,전북,45210,Z5000,문화및집회시설,11-20대,11
26,부산,26110,04000,제2종근린생활시설,21-50대,138
26,부산,26320,27000,관광휴게시설,11-20대,16
26,부산,26320,13000,운동시설,11-20대,32
29,광주,29155,Z6000,판매및영업시설,10대 이하,0
51,강원,51150,10000,교육연구시설,10대 이하,227
46,전남,46230,02000,공동주택,10대 이하,398
45,전북,45710,10000,교육연구시설,10대 이하,144
28,인천,28177,14000,업무시설,11-20대,1011
46,전남,46870,09000,의료시설,51-100대,53
45,전북,45770,12000,수련시설,21-50대,23
26,부산,26440,11000,노유자시설,21-50대,27
41,경기,41820,07000,판매시설,10대 이하,8
30,대전,30200,19000,위험물저장및처리시설,21-50대,55
47,경북,47820,29000,장례시설,10대 이하,0
41,경기,41465,19000,위험물저장및처리시설,10대 이하,43
47,경북,47130,a0100,,10대 이하,0
28,인천,28177,17000,공장,100대 이상,1985
51,강원,51750,06000,종교시설,21-50대,146
45,전북,45113,05000,문화및집회시설,100대 이상,5142
47,경북,47190,05000,문화및집회시설,10대 이하,63
51,강원,51130,06000,종교시설,10대 이하,459
27,대구,27710,01000,단독주택,21-50대,54
41,경기,41210,09000,의료시설,100대 이상,971
41,경기,41190,09000,의료시설,51-100대,1022
45,전북,45210,17000,공장,11-20대,1956
28,인천,28200,02000,공동주택,21-50대,3737
44,충남,44150,30000,자원순환관련시설,10대 이하,59
47,경북,47930,21000,동물및식물관련시설,10대 이하,0
46,전남,46230,20000,자동차관련시설,21-50대,107
45,전북,45140,19000,위험물저장및처리시설,100대 이상,63858
27,대구,27260,07000,판매시설,51-100대,53
26,부산,26140,19000,위험물저장및처리시설,10대 이하,10
48,경남,48129,03000,제1종근린생활시설,10대 이하,1113
11,서울,11680,03000,제1종근린생활시설,10대 이하,7858
28,인천,28200,30000,자원순환관련시설,11-20대,48
51,강원,51190,07000,판매시설,100대 이상,390
47,경북,47280,30000,자원순환관련시설,11-20대,31
41,경기,41115,04000,제2종근린생활시설,51-100대,532
26,부산,26470,01000,단독주택,11-20대,29
11,서울,11740,07000,판매시설,10대 이하,11
11,서울,11440,10000,교육연구시설,21-50대,573
11,서울,11710,10000,교육연구시설,21-50대,1405
47,경북,47280,22000,분뇨.쓰레기처리시설,11-20대,12
47,경북,47113,,,11-20대,18
44,충남,44810,21000,동물및식물관련시설,11-20대,13
41,경기,41410,08000,운수시설,10대 이하,2
11,서울,11710,07000,판매시설,51-100대,293
41,경기,41570,15000,숙박시설,21-50대,496
44,충남,44230,04000,제2종근린생활시설,10대 이하,2360
43,충북,43800,02000,공동주택,21-50대,46
46,전남,46870,15000,숙박시설,100대 이상,324
44,충남,44133,09000,의료시설,21-50대,669
48,경남,48121,23000,교정및군사시설,21-50대,32
29,광주,29200,05000,문화및집회시설,10대 이하,0
51,강원,51230,05000,문화및집회시설,10대 이하,18
26,부산,26230,15000,숙박시설,10대 이하,438
46,전남,46110,16000,위락시설,21-50대,21
48,경남,48860,10000,교육연구시설,21-50대,505
26,부산,26470,13000,운동시설,21-50대,59
41,경기,41133,17000,공장,10대 이하,77
11,서울,11590,03000,제1종근린생활시설,11-20대,632
44,충남,44270,17000,공장,51-100대,5060
11,서울,11500,17000,공장,11-20대,55
11,서울,11200,02000,공동주택,100대 이상,110225
46,전남,46910,13000,운동시설,10대 이하,16
29,광주,29155,14000,업무시설,10대 이하,131
47,경북,47900,09000,의료시설,11-20대,23
44,충남,44210,31000,야영장시설,10대 이하,22
11,서울,11440,04000,제2종근린생활시설,11-20대,1784
26,부산,26290,06000,종교시설,100대 이상,154
44,충남,44131,27000,관광휴게시설,10대 이하,2
29,광주,29140,13000,운동시설,100대 이상,14066
44,충남,44760,29000,장례시설,10대 이하,10
47,경북,47290,13000,운동시설,100대 이상,1783
48,경남,48880,18000,창고시설,10대 이하,148
41,경기,41630,10000,교육연구시설,10대 이하,132
47,경북,47130,13000,운동시설,10대 이하,34
45,전북,45180,14000,업무시설,100대 이상,1849
30,대전,30200,11000,노유자시설,11-20대,104
29,광주,29140,16000,위락시설,51-100대,176
43,충북,43740,22000,분뇨.쓰레기처리시설,10대 이하,1
28,인천,28710,17000,공장,100대 이상,850
46,전남,46230,20000,자동차관련시설,100대 이상,2240
29,광주,29110,14000,업무시설,21-50대,1102
46,전남,46720,05000,문화및집회시설,51-100대,54
28,인천,28710,10000,교육연구시설,10대 이하,174
41,경기,41570,Z3000,근린생활시설,10대 이하,47
41,경기,41111,09000,의료시설,51-100대,127
41,경기,41570,26000,묘지관련시설,100대 이상,113
46,전남,46730,03000,제1종근린생활시설,21-50대,382
43,충북,43770,15000,숙박시설,21-50대,173
11,서울,11140,03000,제1종근린생활시설,21-50대,99
43,충북,43745,18000,창고시설,21-50대,34
26,부산,26110,,,10대 이하,0
41,경기,41171,03000,제1종근린생활시설,10대 이하,979
41,경기,41290,05000,문화및집회시설,10대 이하,42
45,전북,45740,14000,업무시설,11-20대,16
11,서울,11740,Z6000,판매및영업시설,21-50대,43
41,경기,41670,23000,교정및군사시설,10대 이하,1
28,인천,28237,02000,공동주택,10대 이하,14876
45,전북,45113,05000,문화및집회시설,21-50대,193
44,충남,44790,30000,자원순환관련시설,10대 이하,10
44,충남,44710,22000,분뇨.쓰레기처리시설,100대 이상,312
44,충남,44133,23000,교정및군사시설,11-20대,14
27,대구,27230,24000,방송통신시설,100대 이상,503
46,전남,46230,12000,수련시설,21-50대,36
31,울산,31200,10000,교육연구시설,100대 이상,2522
11,서울,11530,13000,운동시설,11-20대,31
46,전남,46150,09000,의료시설,21-50대,532
51,강원,51150,14000,업무시설,10대 이하,83
41,경기,41360,08000,운수시설,51-100대,366
43,충북,43111,18000,창고시설,21-50대,24
44,충남,44131,10000,교육연구시설,21-50대,921
48,경남,48129,12000,수련시설,21-50대,37
41,경기,41800,14000,업무시설,10대 이하,18
26,부산,26470,20000,자동차관련시설,10대 이하,56
41,경기,41131,02000,공동주택,10대 이하,4369
27,대구,27170,01000,단독주택,11-20대,1132
11,서울,11560,11000,노유자시설,51-100대,79
46,전남,46820,04000,제2종근린생활시설,51-100대,120
51,강원,51230,04000,제2종근린생활시설,21-50대,153
43,충북,43114,13000,운동시설,10대 이하,32
47,경북,47730,18000,창고시설,21-50대,82
48,경남,48129,11000,노유자시설,10대 이하,96
46,전남,46710,24000,방송통신시설,10대 이하,0
47,경북,47770,05000,문화및집회시설,100대 이상,867
44,충남,44133,04000,제2종근린생활시설,11-20대,1652
28,인천,28185,27000,관광휴게시설,51-100대,161
11,서울,11440,15000,숙박시설,21-50대,148
43,충북,43720,15000,숙박시설,21-50대,100
28,인천,28140,Z8000,교육연구및복지시설,10대 이하,6
47,경북,47190,11000,노유자시설,100대 이상,149
47,경북,47290,18000,창고시설,21-50대,613
41,경기,41117,20000,자동차관련시설,21-50대,517
11,서울,11440,04000,제2종근린생활시설,21-50대,934
26,부산,26350,11000,노유자시설,51-100대,75
45,전북,45210,10000,교육연구시설,11-20대,173
47,경북,47940,02000,공동주택,10대 이하,85
46,전남,46820,13000,운동시설,11-20대,43
46,전남,46800,,,11-20대,11
47,경북,47750,18000,창고시설,21-50대,116
48,경남,48240,17000,공장,21-50대,3475
46,전남,46860,10000,교육연구시설,10대 이하,28
41,경기,41370,22000,분뇨.쓰레기처리시설,100대 이상,210
26,부산,26320,04000,제2종근린생활시설,51-100대,567
30,대전,30170,Z3000,근린생활시설,51-100대,57
47,경북,47940,04000,제2종근린생활시설,10대 이하,149
50,제주,50130,25000,발전시설,10대 이하,21
50,제주,50130,01000,단독주택,51-100대,1673
26,부산,26230,29000,장례시설,100대 이상,293
48,경남,48840,09000,의료시설,11-20대,17
43,충북,43720,Z3000,근린생활시설,10대 이하,0
41,경기,41370,15000,숙박시설,21-50대,121
44,충남,44810,10000,교육연구시설,21-50대,276
26,부산,26290,17000,공장,11-20대,59
50,제주,50110,10000,교육연구시설,10대 이하,535
41,경기,41113,19000,위험물저장및처리시설,11-20대,54
46,전남,46800,31000,야영장시설,10대 이하,0
11,서울,11290,06000,종교시설,21-50대,817
41,경기,41310,05000,문화및집회시설,21-50대,30
48,경남,48820,17000,공장,51-100대,832
51,강원,51800,10000,교육연구시설,21-50대,99
51,강원,51730,02000,공동주택,10대 이하,117
51,강원,51800,23000,교정및군사시설,10대 이하,24
41,경기,41133,20000,자동차관련시설,100대 이상,4423
46,전남,46780,04000,제2종근린생활시설,21-50대,97
41,경기,41273,Z3000,근린생활시설,100대 이상,420
11,서울,11230,14000,업무시설,21-50대,3144
44,충남,44770,08000,운수시설,21-50대,231
41,경기,41570,,,10대 이하,12
48,경남,48740,07000,판매시설,10대 이하,25
46,전남,46720,14000,업무시설,21-50대,98
46,전남,46910,06000,종교시설,11-20대,12
47,경북,47770,16000,위락시설,10대 이하,17
41,경기,41171,30000,자원순환관련시설,100대 이상,5427
27,대구,27170,20000,자동차관련시설,21-50대,308
41,경기,41115,02000,공동주택,21-50대,2235
26,부산,26230,16000,위락시설,10대 이하,6
46,전남,46130,29000,장례시설,51-100대,72
51,강원,51820,07000,판매시설,10대 이하,0
41,경기,41570,02000,공동주택,10대 이하,2692
50,제주,50130,10000,교육연구시설,10대 이하,169
46,전남,46770,01000,단독주택,10대 이하,1900
41,경기,41250,06000,종교시설,11-20대,117
51,강원,51730,01000,단독주택,10대 이하,5872
47,경북,47840,13000,운동시설,100대 이상,700
51,강원,51110,27000,관광휴게시설,100대 이상,1343
50,제주,50110,21000,동물및식물관련시설,10대 이하,328
41,경기,41273,13000,운동시설,10대 이하,7
26,부산,26710,02000,공동주택,10대 이하,1820
43,충북,43800,15000,숙박시설,10대 이하,63
45,전북,45740,05000,문화및집회시설,11-20대,19
51,강원,51820,15000,숙박시설,100대 이상,10187
28,인천,28260,,,10대 이하,39
48,경남,48720,11000,노유자시설,10대 이하,53
45,전북,45710,08000,운수시설,10대 이하,8
50,제주,50110,02000,공동주택,11-20대,10412
50,제주,50130,07000,판매시설,100대 이상,1548
41,경기,41285,13000,운동시설,100대 이상,814
46,전남,46840,18000,창고시설,11-20대,205
26,부산,26440,14000,업무시설,51-100대,229
43,충북,43770,,,21-50대,22
47,경북,47111,18000,창고시설,100대 이상,2063
46,전남,46150,05000,문화및집회시설,21-50대,169
47,경북,47210,06000,종교시설,21-50대,39
11,서울,11500,,,21-50대,50
11,서울,11620,07000,판매시설,100대 이상,1914
41,경기,41500,Z6000,판매및영업시설,10대 이하,0
43,충북,43113,19000,위험물저장및처리시설,51-100대,137
31,울산,31110,05000,문화및집회시설,21-50대,49
44,충남,44230,19000,위험물저장및처리시설,10대 이하,34
46,전남,46110,06000,종교시설,100대 이상,103
43,충북,43750,18000,창고시설,10대 이하,193
48,경남,48129,13000,운동시설,51-100대,258
27,대구,27140,11000,노유자시설,51-100대,140
44,충남,44133,12000,수련시설,10대 이하,8
11,서울,11140,03000,제1종근린생활시설,10대 이하,1845
11,서울,11170,02000,공동주택,100대 이상,72021
41,경기,41830,09000,의료시설,10대 이하,16
31,울산,31200,06000,종교시설,10대 이하,139
47,경북,47830,Z8000,교육연구및복지시설,51-100대,59
47,경북,47190,14000,업무시설,51-100대,766
41,경기,41830,18000,창고시설,21-50대,210
46,전남,46230,05000,문화및집회시설,100대 이상,509
47,경북,47750,17000,공장,10대 이하,41
45,전북,45210,26000,묘지관련시설,10대 이하,2
48,경남,48123,10000,교육연구시설,100대 이상,18234
51,강원,51780,06000,종교시설,100대 이상,422
48,경남,48170,15000,숙박시설,10대 이하,497
26,부산,26530,03000,제1종근린생활시설,21-50대,332
45,전북,45130,19000,위험물저장및처리시설,51-100대,55
41,경기,41271,23000,교정및군사시설,10대 이하,1
29,광주,29155,06000,종교시설,11-20대,161
11,서울,11530,,,21-50대,47
11,서울,11545,09000,의료시설,11-20대,45
46,전남,46130,05000,문화및집회시설,51-100대,273
28,인천,28245,17000,공장,11-20대,433
30,대전,30110,21000,동물및식물관련시설,10대 이하,17
44,충남,44250,05000,문화및집회시설,51-100대,71
47,경북,47730,04100,운동시설,10대 이하,0
26,부산,26380,02000,공동주택,10대 이하,4217
27,대구,27720,25000,발전시설,10대 이하,2
26,부산,26380,05000,문화및집회시설,11-20대,44
44,충남,44230,05000,문화및집회시설,51-100대,226
26,부산,26710,15000,숙박시설,10대 이하,162
46,전남,46130,,,21-50대,75
51,강원,51150,03000,제1종근린생활시설,51-100대,528
48,경남,48890,17000,공장,21-50대,85
41,경기,41461,31000,야영장시설,21-50대,97
41,경기,41650,,,10대 이하,136
48,경남,48250,Z5000,문화및집회시설,51-100대,85
47,경북,47920,03000,제1종근린생활시설,51-100대,56
41,경기,41281,06000,종교시설,11-20대,382
11,서울,11410,14000,업무시설,51-100대,1086
46,전남,46860,17000,공장,100대 이상,1052
46,전남,46860,11000,노유자시설,10대 이하,62
11,서울,11500,01000,단독주택,10대 이하,10200
51,강원,51130,04000,제2종근린생활시설,51-100대,1378
46,전남,46110,10000,교육연구시설,11-20대,181
41,경기,41590,08000,운수시설,21-50대,104
28,인천,28200,05000,문화및집회시설,51-100대,123
30,대전,30140,13000,운동시설,21-50대,74
51,강원,51810,14000,업무시설,11-20대,33
44,충남,44200,04000,제2종근린생활시설,21-50대,1411
41,경기,41820,13000,운동시설,21-50대,195
47,경북,47750,25000,발전시설,10대 이하,0
44,충남,44760,27000,관광휴게시설,100대 이상,988
31,울산,31140,07000,판매시설,10대 이하,37
41,경기,41450,04000,제2종근린생활시설,10대 이하,5239
11,서울,11710,27000,관광휴게시설,10대 이하,0
47,경북,47900,11000,노유자시설,51-100대,86
41,경기,41115,Z6000,판매및영업시설,21-50대,28
51,강원,51750,14000,업무시설,21-50대,206
43,충북,43112,03000,제1종근린생활시설,21-50대,1016
47,경북,47111,02000,공동주택,51-100대,1363
47,경북,47850,22000,분뇨.쓰레기처리시설,10대 이하,59
48,경남,48129,Z9000,공공용시설,21-50대,104
48,경남,48330,10000,교육연구시설,11-20대,251
27,대구,27710,06000,종교시설,11-20대,110
11,서울,11320,01000,단독주택,10대 이하,6141
44,충남,44760,Z3000,근린생활시설,10대 이하,3
27,대구,27170,19000,위험물저장및처리시설,100대 이상,105
48,경남,48870,02000,공동주택,100대 이상,2817
46,전남,46230,30000,자원순환관련시설,10대 이하,88
46,전남,46130,26000,묘지관련시설,51-100대,52
41,경기,41500,05000,문화및집회시설,21-50대,167
11,서울,11305,06000,종교시설,100대 이상,267
51,강원,51130,02000,공동주택,10대 이하,384
29,광주,29170,16000,위락시설,21-50대,44
46,전남,46890,17000,공장,11-20대,45
47,경북,47210,17000,공장,10대 이하,546
11,서울,11680,,,11-20대,45
41,경기,41830,07000,판매시설,100대 이상,143
44,충남,44760,09000,의료시설,21-50대,22
28,인천,28710,23000,교정및군사시설,10대 이하,22
26,부산,26440,Z3000,근린생활시설,11-20대,13
26,부산,26230,06000,종교시설,100대 이상,1244
41,경기,41287,04000,제2종근린생활시설,51-100대,527
47,경북,47113,03000,제1종근린생활시설,21-50대,1095
26,부산,26380,09000,의료시설,11-20대,82
41,경기,41390,30000,자원순환관련시설,10대 이하,13
44,충남,44150,15000,숙박시설,21-50대,445
43,충북,43130,07000,판매시설,100대 이상,6000
43,충북,43720,30000,자원순환관련시설,100대 이상,105
29,광주,29140,Z6000,판매및영업시설,100대 이상,348
11,서울,11305,14000,업무시설,11-20대,242
41,경기,41461,Z5000,문화및집회시설,10대 이하,0
45,전북,45710,07000,판매시설,10대 이하,0
41,경기,41135,02000,공동주택,21-50대,3113
51,강원,51150,04000,제2종근린생활시설,21-50대,983
46,전남,46730,14000,업무시설,21-50대,23
47,경북,47130,15000,숙박시설,10대 이하,833
29,광주,29155,11000,노유자시설,10대 이하,258
11,서울,11380,04000,제2종근린생활시설,51-100대,59
41,경기,41410,03000,제1종근린생활시설,51-100대,720
46,전남,46800,14000,업무시설,11-20대,28
48,경남,48129,20000,자동차관련시설,100대 이상,1386
11,서울,11560,33000,"국방,군사시설",10대 이하,0
50,제주,50130,30000,자원순환관련시설,10대 이하,62
27,대구,27720,15000,숙박시설,10대 이하,129
41,경기,41285,09000,의료시설,11-20대,11
45,전북,45130,13000,운동시설,10대 이하,55
41,경기,41310,17000,공장,100대 이상,3715
46,전남,46800,10000,교육연구시설,11-20대,12
31,울산,31710,,,51-100대,230
45,전북,45113,10000,교육연구시설,10대 이하,262
47,경북,47210,03000,제1종근린생활시설,21-50대,263
48,경남,48730,26000,묘지관련시설,51-100대,58
47,경북,47250,10000,교육연구시설,51-100대,241
41,경기,41133,04000,제2종근린생활시설,51-100대,76
11,서울,11110,03000,제1종근린생활시설,10대 이하,920
41,경기,41430,Z3000,근린생활시설,11-20대,18
44,충남,44825,13000,운동시설,11-20대,20
45,전북,45750,07000,판매시설,10대 이하,2
36,세종,36110,25000,발전시설,100대 이상,2736
41,경기,41281,20000,자동차관련시설,51-100대,487
41,경기,41830,04000,제2종근린생활시설,21-50대,617
46,전남,46870,12000,수련시설,10대 이하,0
26,부산,26440,01000,단독주택,51-100대,51
30,대전,30200,,,100대 이상,874
27,대구,27290,05000,문화및집회시설,10대 이하,29
28,인천,28237,19000,위험물저장및처리시설,10대 이하,156
45,전북,45140,03000,제1종근린생활시설,51-100대,571
48,경남,48220,17000,공장,51-100대,477
47,경북,47900,20000,자동차관련시설,10대 이하,23
50,제주,50110,05000,문화및집회시설,11-20대,201
46,전남,46780,13000,운동시설,21-50대,25
43,충북,43111,Z8000,교육연구및복지시설,10대 이하,6
45,전북,45720,14000,업무시설,100대 이상,1182
46,전남,46150,12000,수련시설,11-20대,45
45,전북,45740,02000,공동주택,51-100대,192
51,강원,51130,12000,수련시설,51-100대,96
51,강원,51720,14000,업무시설,21-50대,322
51,강원,51810,01000,단독주택,51-100대,135
26,부산,26440,02000,공동주택,21-50대,204
51,강원,51720,18000,창고시설,10대 이하,395
46,전남,46890,09000,의료시설,21-50대,102
41,경기,41190,02000,공동주택,11-20대,20135
48,경남,48170,09000,의료시설,100대 이상,970
41,경기,41390,06000,종교시설,100대 이상,126
41,경기,41450,24000,방송통신시설,100대 이상,177
31,울산,31200,07000,판매시설,21-50대,226
41,경기,41650,Z5000,문화및집회시설,21-50대,24
26,부산,26140,18000,창고시설,51-100대,826
27,대구,27230,,,10대 이하,31
28,인천,28177,11000,노유자시설,100대 이상,942
11,서울,11590,03000,제1종근린생활시설,10대 이하,1625
29,광주,29200,01000,단독주택,11-20대,1685
48,경남,48740,21000,동물및식물관련시설,100대 이상,270
46,전남,46770,09000,의료시설,21-50대,91
48,경남,48330,07000,판매시설,21-50대,266
48,경남,48220,17000,공장,100대 이상,12001
41,경기,41273,18000,창고시설,21-50대,34
11,서울,11170,Z3000,근린생활시설,21-50대,50
47,경북,47250,12000,수련시설,10대 이하,0
27,대구,27720,17000,공장,10대 이하,452
41,경기,41550,17000,공장,10대 이하,6351
48,경남,48127,14000,업무시설,51-100대,956
41,경기,41820,17000,공장,51-100대,68
43,충북,43750,02000,공동주택,11-20대,713
41,경기,41670,07000,판매시설,10대 이하,23
11,서울,11290,18000,창고시설,21-50대,26
43,충북,43730,04000,제2종근린생활시설,100대 이상,126
50,제주,50110,07000,판매시설,10대 이하,7
41,경기,41500,11000,노유자시설,21-50대,283
47,경북,47830,,,21-50대,38
41,경기,41830,21000,동물및식물관련시설,11-20대,198
41,경기,41670,25000,발전시설,10대 이하,3
11,서울,11650,14000,업무시설,10대 이하,853
11,서울,11545,14000,업무시설,11-20대,687
26,부산,26170,01000,단독주택,10대 이하,455
41,경기,41610,18000,창고시설,51-100대,2170
28,인천,28140,02000,공동주택,100대 이상,15063
44,충남,44270,31000,야영장시설,10대 이하,10
11,서울,11410,Z6000,판매및영업시설,10대 이하,0
41,경기,41287,03000,제1종근린생활시설,51-100대,1077
30,대전,30230,01000,단독주택,21-50대,129
43,충북,43150,21000,동물및식물관련시설,10대 이하,30
26,부산,26710,02000,공동주택,21-50대,2035
47,경북,47280,07000,판매시설,100대 이상,586
31,울산,31110,,,11-20대,15
26,부산,26710,10000,교육연구시설,51-100대,1237
29,광주,29170,26000,묘지관련시설,100대 이상,336
46,전남,46720,10000,교육연구시설,100대 이상,609
48,경남,48740,10000,교육연구시설,100대 이상,761
47,경북,47210,Z8000,교육연구및복지시설,51-100대,62
47,경북,47750,23000,교정및군사시설,10대 이하,0
48,경남,48860,14000,업무시설,10대 이하,36
48,경남,48330,09000,의료시설,51-100대,676
47,경북,47770,15000,숙박시설,10대 이하,303
46,전남,46840,20000,자동차관련시설,11-20대,12
30,대전,30230,17000,공장,11-20대,1324
46,전남,46710,10000,교육연구시설,11-20대,28
46,전남,46860,Z8000,교육연구및복지시설,10대 이하,0
11,서울,11350,20000,자동차관련시설,51-100대,88
44,충남,44150,10000,교육연구시설,21-50대,385
44,충남,44270,20000,자동차관련시설,21-50대,209
11,서울,11380,Z8000,교육연구및복지시설,11-20대,12
47,경북,47111,03105,우체국,10대 이하,0
44,충남,44200,20000,자동차관련시설,11-20대,102
28,인천,28710,31000,야영장시설,51-100대,64
46,전남,46820,21000,동물및식물관련시설,21-50대,53
46,전남,46890,03000,제1종근린생활시설,10대 이하,576
44,충남,44210,03000,제1종근린생활시설,11-20대,477
46,전남,46890,03000,제1종근린생활시설,11-20대,111
47,경북,47280,20000,자동차관련시설,100대 이상,1008
50,제주,50110,04105,당구장,10대 이하,0
47,경북,47760,12000,수련시설,10대 이하,9
27,대구,27260,01000,단독주택,51-100대,142
41,경기,41650,31000,야영장시설,11-20대,192
44,충남,44250,Z8000,교육연구및복지시설,10대 이하,0
48,경남,48240,22000,분뇨.쓰레기처리시설,10대 이하,80
44,충남,44825,24000,방송통신시설,51-100대,65
41,경기,41210,01000,단독주택,10대 이하,2807
30,대전,30170,20000,자동차관련시설,100대 이상,6101
43,충북,43130,10000,교육연구시설,100대 이상,3624
26,부산,26350,09000,의료시설,10대 이하,25
11,서울,11680,11000,노유자시설,21-50대,251
45,전북,45770,29000,장례시설,10대 이하,0
44,충남,44210,22000,분뇨.쓰레기처리시설,10대 이하,27
48,경남,48730,17000,공장,100대 이상,5832
51,강원,51730,08000,운수시설,51-100대,235
27,대구,27200,11000,노유자시설,11-20대,71
48,경남,48840,10000,교육연구시설,11-20대,74
48,경남,48880,03000,제1종근린생활시설,51-100대,232
28,인천,28260,03000,제1종근린생활시설,51-100대,2809
31,울산,31710,16000,위락시설,10대 이하,126
26,부산,26440,22000,분뇨.쓰레기처리시설,100대 이상,2176
11,서울,11215,09000,의료시설,21-50대,75
41,경기,41273,Z8000,교육연구및복지시설,51-100대,186
46,전남,46130,04000,제2종근린생활시설,51-100대,225
47,경북,47250,05000,문화및집회시설,10대 이하,55
41,경기,41480,20000,자동차관련시설,21-50대,871
47,경북,47130,05000,문화및집회시설,21-50대,349
30,대전,30170,27000,관광휴게시설,100대 이상,282
41,경기,41135,15000,숙박시설,100대 이상,1288
43,충북,43740,27000,관광휴게시설,11-20대,28
43,충북,43770,20000,자동차관련시설,21-50대,59
48,경남,48330,24000,방송통신시설,10대 이하,3
43,충북,43113,09000,의료시설,10대 이하,15
48,경남,48121,,,21-50대,44
48,경남,48870,30000,자원순환관련시설,21-50대,28
11,서울,11620,20000,자동차관련시설,21-50대,134
51,강원,51230,09000,의료시설,21-50대,32
46,전남,46110,Z3000,근린생활시설,10대 이하,7
45,전북,45790,22000,분뇨.쓰레기처리시설,10대 이하,39
27,대구,27260,03000,제1종근린생활시설,100대 이상,1787
44,충남,44210,Z8000,교육연구및복지시설,10대 이하,12
50,제주,50110,16000,위락시설,100대 이상,368
45,전북,45800,07000,판매시설,10대 이하,9
48,경남,48740,09000,의료시설,51-100대,360
46,전남,46720,15000,숙박시설,51-100대,54
28,인천,28245,Z8000,교육연구및복지시설,10대 이하,9
48,경남,48840,15000,숙박시설,100대 이상,1369
41,경기,41450,04000,제2종근린생활시설,21-50대,1029
46,전남,46720,14000,업무시설,100대 이상,110
43,충북,43720,03000,제1종근린생활시설,10대 이하,405
41,경기,41630,01000,단독주택,11-20대,348
41,경기,41590,Z8000,교육연구및복지시설,51-100대,61
47,경북,47920,06000,종교시설,21-50대,28
48,경남,48250,18000,창고시설,100대 이상,1159
47,경북,47750,22000,분뇨.쓰레기처리시설,10대 이하,22
41,경기,41117,Z3000,근린생활시설,11-20대,19
46,전남,46860,05000,문화및집회시설,100대 이상,125
30,대전,30200,08000,운수시설,10대 이하,0
48,경남,48121,20000,자동차관련시설,21-50대,196
47,경북,47280,04000,제2종근린생활시설,11-20대,69
41,경기,41410,11000,노유자시설,21-50대,199
43,충북,43740,31000,야영장시설,10대 이하,0
28,인천,28185,02000,공동주택,21-50대,844
43,충북,43112,18000,창고시설,21-50대,145
30,대전,30140,10000,교육연구시설,21-50대,794
29,광주,29140,19000,위험물저장및처리시설,11-20대,14
41,경기,41410,05000,문화및집회시설,21-50대,27
45,전북,45180,29000,장례시설,10대 이하,6
45,전북,45210,08000,운수시설,10대 이하,0
11,서울,11320,Z8000,교육연구및복지시설,100대 이상,157
43,충북,43745,14000,업무시설,21-50대,209
31,울산,31710,27000,관광휴게시설,100대 이상,1314
51,강원,51750,31000,야영장시설,51-100대,60
11,서울,11740,27000,관광휴게시설,21-50대,30
45,전북,45730,17000,공장,100대 이상,780
51,강원,51790,22000,분뇨.쓰레기처리시설,51-100대,51
48,경남,48310,Z8000,교육연구및복지시설,11-20대,17
48,경남,48820,Z6000,판매및영업시설,10대 이하,0
47,경북,47190,30000,자원순환관련시설,21-50대,144
51,강원,51820,12000,수련시설,51-100대,55
28,인천,28245,09000,의료시설,51-100대,53
44,충남,44230,15000,숙박시설,21-50대,191
11,서울,11110,20000,자동차관련시설,11-20대,20
45,전북,45113,06000,종교시설,21-50대,582
46,전남,46130,20000,자동차관련시설,100대 이상,5939
11,서울,11560,16000,위락시설,10대 이하,0
41,경기,41461,23000,교정및군사시설,11-20대,14
48,경남,48330,14000,업무시설,21-50대,748
30,대전,30200,05000,문화및집회시설,100대 이상,1682
30,대전,30230,18000,창고시설,100대 이상,383
41,경기,41131,13000,운동시설,21-50대,49
41,경기,41210,06000,종교시설,10대 이하,188
51,강원,51790,04000,제2종근린생활시설,100대 이상,106
51,강원,51790,Z9000,공공용시설,10대 이하,0
47,경북,47130,17000,공장,21-50대,9086
47,경북,47930,18000,창고시설,10대 이하,77
48,경남,48890,15000,숙박시설,10대 이하,72
43,충북,43111,07000,판매시설,10대 이하,5
11,서울,11545,01000,단독주택,11-20대,11
50,제주,50130,06000,종교시설,10대 이하,244
11,서울,11440,22000,분뇨.쓰레기처리시설,11-20대,19
26,부산,26200,03000,제1종근린생활시설,11-20대,137
46,전남,46710,Z8000,교육연구및복지시설,21-50대,26
41,경기,41630,20000,자동차관련시설,51-100대,689
47,경북,47850,18000,창고시설,100대 이상,17708
47,경북,47150,02000,공동주택,11-20대,554
28,인천,28185,02000,공동주택,100대 이상,964623
26,부산,26410,26000,묘지관련시설,100대 이상,685
51,강원,51170,Z8000,교육연구및복지시설,11-20대,20
48,경남,48880,12000,수련시설,11-20대,11
31,울산,31200,16000,위락시설,10대 이하,14
41,경기,41283,Z5000,문화및집회시설,10대 이하,0
11,서울,11650,14000,업무시설,11-20대,3955
47,경북,47113,07000,판매시설,11-20대,46
30,대전,30170,17000,공장,10대 이하,53
26,부산,26320,06000,종교시설,21-50대,388
48,경남,48310,27000,관광휴게시설,10대 이하,9
44,충남,44180,18000,창고시설,21-50대,95
44,충남,44825,03000,제1종근린생활시설,10대 이하,695
51,강원,51820,01000,단독주택,11-20대,63
48,경남,48740,20000,자동차관련시설,21-50대,23
29,광주,29140,05000,문화및집회시설,100대 이상,724
43,충북,43740,07000,판매시설,51-100대,54
11,서울,11215,03000,제1종근린생활시설,11-20대,484
41,경기,41360,11000,노유자시설,10대 이하,820
45,전북,45720,17000,공장,11-20대,100
41,경기,41570,12000,수련시설,21-50대,43
29,광주,29140,04000,제2종근린생활시설,11-20대,1385
48,경남,48121,04000,제2종근린생활시설,11-20대,684
26,부산,26230,18000,창고시설,51-100대,61
30,대전,30200,24000,방송통신시설,100대 이상,526
48,경남,48820,14000,업무시설,51-100대,76
43,충북,43130,09000,의료시설,51-100대,153
41,경기,41285,11000,노유자시설,10대 이하,262
50,제주,50130,12000,수련시설,51-100대,317
51,강원,51210,24000,방송통신시설,51-100대,73
41,경기,41550,09000,의료시설,11-20대,79
11,서울,11680,05000,문화및집회시설,11-20대,107
26,부산,26500,04000,제2종근린생활시설,10대 이하,1737
47,경북,47230,12000,수련시설,10대 이하,14
44,충남,44800,Z3000,근린생활시설,10대 이하,4
46,전남,46110,30000,자원순환관련시설,10대 이하,32
48,경남,48250,10000,교육연구시설,21-50대,4235
47,경북,47210,10000,교육연구시설,100대 이상,255
51,강원,51150,18000,창고시설,21-50대,346
41,경기,41390,08000,운수시설,100대 이상,384
11,서울,11230,09000,의료시설,10대 이하,0
46,전남,46790,05000,문화및집회시설,51-100대,74
47,경북,47113,24000,방송통신시설,51-100대,59
11,서울,11290,Z5000,문화및집회시설,100대 이상,102
26,부산,26350,04000,제2종근린생활시설,10대 이하,3113
44,충남,44180,03000,제1종근린생활시설,10대 이하,1014
45,전북,45720,21000,동물및식물관련시설,10대 이하,4
41,경기,41173,06000,종교시설,21-50대,443
46,전남,46810,17000,공장,11-20대,134
27,대구,27140,09000,의료시설,100대 이상,2241
45,전북,45140,25000,발전시설,100대 이상,210
11,서울,11470,02000,공동주택,100대 이상,108774
43,충북,43760,27000,관광휴게시설,10대 이하,62
41,경기,41610,20000,자동차관련시설,10대 이하,452
11,서울,11560,,,11-20대,15
30,대전,30200,18000,창고시설,21-50대,102
48,경남,48850,Z5000,문화및집회시설,100대 이상,144
26,부산,26200,07000,판매시설,10대 이하,0
46,전남,46710,23000,교정및군사시설,11-20대,27
11,서울,11200,09000,의료시설,21-50대,102
41,경기,41171,24000,방송통신시설,11-20대,17
41,경기,41290,02000,공동주택,51-100대,131
41,경기,41610,14000,업무시설,11-20대,122
48,경남,48129,17000,공장,10대 이하,645
11,서울,11710,11000,노유자시설,11-20대,133
51,강원,51820,05000,문화및집회시설,21-50대,114
47,경북,47230,30000,자원순환관련시설,21-50대,30
41,경기,41650,12000,수련시설,51-100대,60
41,경기,41800,18000,창고시설,21-50대,89
28,인천,28185,03000,제1종근린생활시설,51-100대,1553
48,경남,48870,20000,자동차관련시설,10대 이하,2
47,경북,47250,09000,의료시설,21-50대,104
41,경기,41310,,,100대 이상,109
50,제주,50110,19000,위험물저장및처리시설,100대 이상,250
41,경기,41463,21000,동물및식물관련시설,11-20대,12
41,경기,41800,13000,운동시설,51-100대,76
41,경기,41210,11000,노유자시설,10대 이하,111
46,전남,46800,19000,위험물저장및처리시설,10대 이하,10
45,전북,45130,,,51-100대,209
47,경북,47150,25000,발전시설,100대 이상,330
41,경기,41171,07000,판매시설,10대 이하,5
26,부산,26710,17000,공장,100대 이상,8423
46,전남,46720,21000,동물및식물관련시설,51-100대,70
11,서울,11170,20000,자동차관련시설,11-20대,50
41,경기,41610,12000,수련시설,51-100대,160
41,경기,41630,09000,의료시설,100대 이상,140
43,충북,43111,12000,수련시설,10대 이하,5
26,부산,26380,18000,창고시설,21-50대,372
43,충북,43113,16000,위락시설,11-20대,61
46,전남,46150,19000,위험물저장및처리시설,21-50대,27
46,전남,46780,22000,분뇨.쓰레기처리시설,11-20대,25
41,경기,41287,18000,창고시설,100대 이상,177
41,경기,41410,10000,교육연구시설,21-50대,1278
51,강원,51760,08000,운수시설,51-100대,257
51,강원,51780,21000,동물및식물관련시설,51-100대,102
29,광주,29110,Z8000,교육연구및복지시설,10대 이하,0
29,광주,29170,26000,묘지관련시설,10대 이하,0
48,경남,48740,Z3000,근린생활시설,10대 이하,0
26,부산,26470,Z3000,근린생활시설,10대 이하,0
28,인천,28237,,,100대 이상,1950
43,충북,43750,22000,분뇨.쓰레기처리시설,10대 이하,68
44,충남,44133,07000,판매시설,100대 이상,7545
48,경남,48890,12000,수련시설,10대 이하,13
41,경기,41310,15000,숙박시설,21-50대,217
46,전남,46230,17000,공장,10대 이하,923
41,경기,41800,05000,문화및집회시설,100대 이상,1240
51,강원,51810,15000,숙박시설,51-100대,141
44,충남,44210,17000,공장,51-100대,2603
11,서울,11440,14000,업무시설,51-100대,4037
43,충북,43150,13000,운동시설,10대 이하,40
41,경기,41117,Z3000,근린생활시설,21-50대,171
44,충남,44200,25000,발전시설,11-20대,17
45,전북,45130,16000,위락시설,21-50대,49
47,경북,47930,08000,운수시설,10대 이하,9
51,강원,51780,Z9000,공공용시설,10대 이하,0
31,울산,31170,06000,종교시설,51-100대,51
47,경북,47930,02000,공동주택,21-50대,1585
45,전북,45190,05000,문화및집회시설,21-50대,201
26,부산,26710,11000,노유자시설,11-20대,76
45,전북,45710,24000,방송통신시설,10대 이하,2
46,전남,46130,26000,묘지관련시설,21-50대,23
26,부산,26500,01000,단독주택,11-20대,67
31,울산,31140,06000,종교시설,21-50대,370
41,경기,41570,02000,공동주택,21-50대,2127
41,경기,41650,33000,"국방,군사시설",10대 이하,0
48,경남,48170,27000,관광휴게시설,51-100대,177
41,경기,41463,11000,노유자시설,100대 이상,1847
41,경기,41115,07000,판매시설,51-100대,236
44,충남,44131,20000,자동차관련시설,100대 이상,1599
26,부산,26410,24000,방송통신시설,21-50대,43
27,대구,27720,Z8000,교육연구및복지시설,11-20대,15
41,경기,41463,17000,공장,10대 이하,335
41,경기,41171,10000,교육연구시설,51-100대,617
26,부산,26170,17000,공장,100대 이상,326
11,서울,11170,13000,운동시설,10대 이하,0
46,전남,46890,12000,수련시설,10대 이하,8
48,경남,48121,30000,자원순환관련시설,100대 이상,118
51,강원,51780,15000,숙박시설,100대 이상,462
41,경기,41360,,,10대 이하,145
48,경남,48129,01000,단독주택,11-20대,646
31,울산,31200,19000,위험물저장및처리시설,100대 이상,673
41,경기,41115,13000,운동시설,10대 이하,8
47,경북,47770,13000,운동시설,51-100대,56
48,경남,48127,14000,업무시설,100대 이상,1045
26,부산,26440,19000,위험물저장및처리시설,100대 이상,792
41,경기,41390,11000,노유자시설,21-50대,257
41,경기,41150,20000,자동차관련시설,10대 이하,98
47,경북,47170,19000,위험물저장및처리시설,11-20대,18
44,충남,44810,03000,제1종근린생활시설,11-20대,446
41,경기,41115,18000,창고시설,10대 이하,21
11,서울,11710,06000,종교시설,51-100대,640
47,경북,47111,33000,"국방,군사시설",100대 이상,10156
46,전남,46910,10000,교육연구시설,21-50대,157
41,경기,41190,16000,위락시설,100대 이상,128
26,부산,26110,18000,창고시설,21-50대,52
46,전남,46810,05000,문화및집회시설,11-20대,32
50,제주,50110,12000,수련시설,100대 이상,114
46,전남,46830,20000,자동차관련시설,100대 이상,150
50,제주,50110,24000,방송통신시설,100대 이상,108
51,강원,51130,07000,판매시설,21-50대,240
11,서울,11545,05000,문화및집회시설,21-50대,99
41,경기,41190,10000,교육연구시설,51-100대,3329
28,인천,28720,19000,위험물저장및처리시설,11-20대,16
47,경북,47730,14000,업무시설,10대 이하,14
44,충남,44800,26000,묘지관련시설,11-20대,12
44,충남,44270,12000,수련시설,11-20대,29
30,대전,30200,18000,창고시설,100대 이상,1168
41,경기,41390,07000,판매시설,100대 이상,7912
11,서울,11470,06000,종교시설,11-20대,351
41,경기,41360,,,21-50대,31
43,충북,43745,03000,제1종근린생활시설,51-100대,126
45,전북,45770,05000,문화및집회시설,11-20대,28
28,인천,28260,,,100대 이상,3688
26,부산,26110,11000,노유자시설,10대 이하,21
31,울산,31170,04000,제2종근린생활시설,11-20대,371
26,부산,26410,Z3000,근린생활시설,10대 이하,10
44,충남,44230,33000,"국방,군사시설",100대 이상,1680
41,경기,41150,20000,자동차관련시설,21-50대,568
11,서울,11140,13000,운동시설,100대 이상,181
46,전남,46130,20000,자동차관련시설,11-20대,44
26,부산,26350,12000,수련시설,51-100대,55
44,충남,44810,01000,단독주택,21-50대,24
41,경기,41450,09000,의료시설,51-100대,296
41,경기,41830,01000,단독주택,100대 이상,345
30,대전,30200,03000,제1종근린생활시설,100대 이상,950
47,경북,47770,29000,장례시설,10대 이하,7
44,충남,44230,19000,위험물저장및처리시설,11-20대,18
26,부산,26380,13000,운동시설,11-20대,68
51,강원,51750,20000,자동차관련시설,10대 이하,30
31,울산,31710,04000,제2종근린생활시설,10대 이하,8322
41,경기,41830,18000,창고시설,10대 이하,1243
26,부산,26440,07000,판매시설,10대 이하,4
51,강원,51210,18000,창고시설,11-20대,12
28,인천,28200,33000,"국방,군사시설",10대 이하,0
41,경기,41117,14000,업무시설,100대 이상,21924
41,경기,41500,08000,운수시설,51-100대,76
41,경기,41390,09000,의료시설,10대 이하,34
41,경기,41410,19000,위험물저장및처리시설,11-20대,12
30,대전,30110,20000,자동차관련시설,21-50대,291
41,경기,41610,13000,운동시설,11-20대,58
45,전북,45730,11000,노유자시설,10대 이하,33
48,경남,48129,14000,업무시설,51-100대,59
48,경남,48170,27000,관광휴게시설,100대 이상,2774
44,충남,44770,01000,단독주택,21-50대,24
47,경북,47130,22000,분뇨.쓰레기처리시설,11-20대,55
31,울산,31200,03000,제1종근린생활시설,21-50대,1450
41,경기,41430,01000,단독주택,21-50대,28
41,경기,41570,05000,문화및집회시설,21-50대,156
41,경기,41465,15000,숙박시설,10대 이하,40
11,서울,11140,04000,제2종근린생활시설,21-50대,310
44,충남,44200,JY,,10대 이하,2
51,강원,51150,09000,의료시설,10대 이하,2
45,전북,45130,05000,문화및집회시설,10대 이하,89
31,울산,31200,Z8000,교육연구및복지시설,10대 이하,10
26,부산,26710,25000,발전시설,21-50대,35
11,서울,11470,10000,교육연구시설,11-20대,261
41,경기,41250,21000,동물및식물관련시설,10대 이하,57
43,충북,43745,,,10대 이하,11
41,경기,41360,11000,노유자시설,21-50대,388
43,충북,43745,04000,제2종근린생활시설,10대 이하,847
31,울산,31140,18000,창고시설,11-20대,174
26,부산,26200,04000,제2종근린생활시설,21-50대,210
48,경남,48220,07000,판매시설,10대 이하,24
41,경기,41360,24000,방송통신시설,51-100대,63
41,경기,41150,,,21-50대,137
48,경남,48121,16000,위락시설,11-20대,71
11,서울,11200,24000,방송통신시설,51-100대,81
27,대구,27110,06000,종교시설,100대 이상,356
51,강원,51790,20000,자동차관련시설,100대 이상,161
28,인천,28260,15000,숙박시설,21-50대,479
41,경기,41150,10000,교육연구시설,51-100대,1240
47,경북,47190,06000,종교시설,51-100대,56
44,충남,44270,10000,교육연구시설,21-50대,489
46,전남,46790,09000,의료시설,10대 이하,0
28,인천,28140,09000,의료시설,10대 이하,0
29,광주,29170,18000,창고시설,51-100대,314
43,충북,43720,13000,운동시설,21-50대,128
26,부산,26410,10000,교육연구시설,21-50대,799
41,경기,41500,02000,공동주택,11-20대,3340
41,경기,41117,10000,교육연구시설,51-100대,2919
11,서울,11305,Z5000,문화및집회시설,10대 이하,0
41,경기,41430,19000,위험물저장및처리시설,11-20대,20
51,강원,51760,10000,교육연구시설,51-100대,276
48,경남,48170,10000,교육연구시설,21-50대,1391
41,경기,41463,13000,운동시설,51-100대,611
41,경기,41430,10000,교육연구시설,10대 이하,78
11,서울,11140,14000,업무시설,100대 이상,26271
27,대구,27260,03000,제1종근린생활시설,51-100대,1721
45,전북,45180,08000,운수시설,100대 이상,566
41,경기,41133,27000,관광휴게시설,10대 이하,0
11,서울,11740,03000,제1종근린생활시설,21-50대,1718
47,경북,47290,24000,방송통신시설,21-50대,45
47,경북,47840,05000,문화및집회시설,10대 이하,19
26,부산,26380,Z8000,교육연구및복지시설,21-50대,31
43,충북,43750,13000,운동시설,51-100대,556
47,경북,47111,24000,방송통신시설,11-20대,14
30,대전,30140,12000,수련시설,11-20대,14
50,제주,50110,14000,업무시설,100대 이상,7876
48,경남,48880,19000,위험물저장및처리시설,10대 이하,12
41,경기,41570,11000,노유자시설,21-50대,282
43,충북,43730,11000,노유자시설,11-20대,51
45,전북,45790,20000,자동차관련시설,10대 이하,31
11,서울,11290,01000,단독주택,51-100대,72
45,전북,45111,03000,제1종근린생활시설,100대 이상,457
41,경기,41610,03000,제1종근린생활시설,100대 이상,325
51,강원,51760,18000,창고시설,11-20대,162
27,대구,27170,03000,제1종근린생활시설,10대 이하,1107
45,전북,45113,24000,방송통신시설,100대 이상,251
47,경북,47113,19000,위험물저장및처리시설,10대 이하,87
26,부산,26140,12000,수련시설,51-100대,55
41,경기,41271,14000,업무시설,10대 이하,433
41,경기,41550,08000,운수시설,100대 이상,101
50,제주,50130,Z9000,공공용시설,10대 이하,0
51,강원,51130,03000,제1종근린생활시설,21-50대,2655
48,경남,48740,07000,판매시설,11-20대,95
47,경북,47190,Z3000,근린생활시설,10대 이하,33
51,강원,51750,23000,교정및군사시설,21-50대,2382
48,경남,48220,04000,제2종근린생활시설,10대 이하,2483
44,충남,44180,03000,제1종근린생활시설,11-20대,378
26,부산,26320,05000,문화및집회시설,11-20대,24
50,제주,50110,07000,판매시설,51-100대,298
26,부산,26350,03000,제1종근린생활시설,51-100대,984
44,충남,44790,07000,판매시설,21-50대,24
44,충남,44150,03000,제1종근린생활시설,51-100대,364
11,서울,11590,06000,종교시설,21-50대,446
44,충남,44270,24000,방송통신시설,11-20대,12
41,경기,41111,17000,공장,100대 이상,6459
46,전남,46710,09000,의료시설,21-50대,363
11,서울,11440,11000,노유자시설,100대 이상,514
41,경기,41271,13000,운동시설,51-100대,294
48,경남,48310,22000,분뇨.쓰레기처리시설,51-100대,65
43,충북,43770,11000,노유자시설,10대 이하,121
43,충북,43730,13000,운동시설,100대 이상,150
45,전북,45130,30000,자원순환관련시설,11-20대,12
48,경남,48850,Z9000,공공용시설,10대 이하,0
46,전남,46230,18000,창고시설,10대 이하,244
30,대전,30140,,,10대 이하,101
26,부산,26410,11000,노유자시설,21-50대,88
46,전남,46790,30000,자원순환관련시설,10대 이하,33
27,대구,27710,Z8000,교육연구및복지시설,21-50대,91
45,전북,45111,05000,문화및집회시설,10대 이하,74
51,강원,51190,12000,수련시설,21-50대,110
45,전북,45140,22000,분뇨.쓰레기처리시설,21-50대,96
44,충남,44180,27000,관광휴게시설,100대 이상,529
41,경기,41465,18000,창고시설,10대 이하,40
46,전남,46800,02000,공동주택,21-50대,255
48,경남,48860,27000,관광휴게시설,10대 이하,27
48,경남,48170,14000,업무시설,11-20대,506
41,경기,41360,31000,야영장시설,10대 이하,8
45,전북,45111,14000,업무시설,100대 이상,5959
48,경남,48720,29000,장례시설,21-50대,28
48,경남,48310,05000,문화및집회시설,10대 이하,29
27,대구,27290,07000,판매시설,21-50대,310
51,강원,51800,02000,공동주택,51-100대,385
11,서울,11320,19000,위험물저장및처리시설,11-20대,18
31,울산,31200,22000,분뇨.쓰레기처리시설,11-20대,78
43,충북,43150,02000,공동주택,11-20대,441
46,전남,46130,20000,자동차관련시설,10대 이하,186
46,전남,46790,10000,교육연구시설,51-100대,168
46,전남,46710,14000,업무시설,21-50대,94
41,경기,41360,30000,자원순환관련시설,11-20대,25
41,경기,41370,08000,운수시설,10대 이하,0
44,충남,44710,06000,종교시설,10대 이하,70
43,충북,43760,11000,노유자시설,11-20대,12
48,경남,48730,12000,수련시설,11-20대,12
41,경기,41830,20000,자동차관련시설,11-20대,41
46,전남,46130,23000,교정및군사시설,10대 이하,10
41,경기,41283,Z3000,근린생활시설,10대 이하,6
30,대전,30140,09000,의료시설,11-20대,42
11,서울,11530,20000,자동차관련시설,11-20대,20
44,충남,44230,Z6000,판매및영업시설,10대 이하,0
51,강원,51800,16000,위락시설,10대 이하,1
28,인천,28140,12000,수련시설,21-50대,22
41,경기,41463,23000,교정및군사시설,21-50대,50
48,경남,48220,02000,공동주택,100대 이상,40944
48,경남,48220,30000,자원순환관련시설,21-50대,30
48,경남,48129,10000,교육연구시설,21-50대,1030
43,충북,43113,02000,공동주택,21-50대,761
44,충남,44230,14000,업무시설,100대 이상,817
45,전북,45730,,,21-50대,110
47,경북,47940,11000,노유자시설,10대 이하,9
46,전남,46770,02000,공동주택,11-20대,739
11,서울,11650,06000,종교시설,51-100대,288
41,경기,41111,14000,업무시설,100대 이상,954
43,충북,43720,05000,문화및집회시설,100대 이상,195
11,서울,11545,04000,제2종근린생활시설,51-100대,151
48,경남,48330,13000,운동시설,21-50대,370
44,충남,44200,09000,의료시설,10대 이하,17
11,서울,11410,24000,방송통신시설,21-50대,26
41,경기,41830,26000,묘지관련시설,11-20대,17
11,서울,11200,14000,업무시설,51-100대,3120
45,전북,45800,10000,교육연구시설,100대 이상,1068
41,경기,41610,17000,공장,51-100대,257
48,경남,48850,04000,제2종근린생활시설,10대 이하,371
46,전남,46150,14000,업무시설,11-20대,602
45,전북,45730,07000,판매시설,21-50대,29
47,경북,47113,06000,종교시설,10대 이하,258
41,경기,41500,,,11-20대,51
28,인천,28245,06000,종교시설,21-50대,415
41,경기,41610,02000,공동주택,51-100대,824
11,서울,11350,11000,노유자시설,21-50대,177
45,전북,45113,13000,운동시설,51-100대,633
47,경북,47113,01000,단독주택,21-50대,113
43,충북,43113,18000,창고시설,21-50대,180
28,인천,28140,02000,공동주택,10대 이하,580
46,전남,46230,03000,제1종근린생활시설,10대 이하,1763
27,대구,27110,02000,공동주택,21-50대,197
41,경기,41113,17000,공장,11-20대,1235
44,충남,44230,07000,판매시설,10대 이하,9
48,경남,48310,25000,발전시설,10대 이하,0
48,경남,48123,14000,업무시설,10대 이하,133
48,경남,48121,13000,운동시설,100대 이상,1244
41,경기,41131,14000,업무시설,21-50대,617
47,경북,47170,17000,공장,11-20대,508
27,대구,27720,02000,공동주택,11-20대,168
47,경북,47850,10000,교육연구시설,51-100대,682
29,광주,29200,,,10대 이하,31
29,광주,29200,07000,판매시설,11-20대,58
51,강원,51760,06000,종교시설,21-50대,129
41,경기,41360,20000,자동차관련시설,21-50대,783
48,경남,48880,,,21-50대,29
46,전남,46880,18000,창고시설,100대 이상,1230
44,충남,44131,Z6000,판매및영업시설,100대 이상,636
48,경남,48125,03000,제1종근린생활시설,100대 이상,67637
45,전북,45113,JY,,10대 이하,0
46,전남,46860,03002,휴게음식점,10대 이하,0
44,충남,44180,22000,분뇨.쓰레기처리시설,10대 이하,24
41,경기,41670,10000,교육연구시설,10대 이하,127
29,광주,29110,,,100대 이상,264
45,전북,45113,09000,의료시설,21-50대,777
11,서울,11470,05000,문화및집회시설,10대 이하,13
51,강원,51210,10000,교육연구시설,51-100대,321
46,전남,46880,23000,교정및군사시설,10대 이하,20
26,부산,26290,,,100대 이상,15762
27,대구,27140,10000,교육연구시설,11-20대,339
41,경기,41220,24000,방송통신시설,21-50대,77
47,경북,47250,10000,교육연구시설,10대 이하,86
43,충북,43730,20000,자동차관련시설,100대 이상,403
47,경북,47150,27000,관광휴게시설,10대 이하,0
47,경북,47130,08000,운수시설,51-100대,63
28,인천,28260,23000,교정및군사시설,11-20대,37
11,서울,11290,02000,공동주택,100대 이상,269192
30,대전,30230,13000,운동시설,21-50대,139
48,경남,48850,05000,문화및집회시설,51-100대,67
11,서울,11230,13000,운동시설,21-50대,40
26,부산,26230,10000,교육연구시설,10대 이하,292
11,서울,11620,04000,제2종근린생활시설,10대 이하,9024
45,전북,45130,04000,제2종근린생활시설,11-20대,1153
47,경북,47730,04000,제2종근린생활시설,10대 이하,622
30,대전,30200,02000,공동주택,51-100대,2250
46,전남,46790,11000,노유자시설,11-20대,56
41,경기,41273,11000,노유자시설,100대 이상,120
28,인천,28110,Z9000,공공용시설,51-100대,88
45,전북,45750,29000,장례시설,10대 이하,0
31,울산,31140,17000,공장,21-50대,1705
31,울산,31200,15000,숙박시설,11-20대,133
47,경북,47280,22000,분뇨.쓰레기처리시설,10대 이하,21
41,경기,41113,07000,판매시설,10대 이하,0
48,경남,48880,23000,교정및군사시설,10대 이하,0
48,경남,48250,05000,문화및집회시설,11-20대,24
26,부산,26140,16000,위락시설,10대 이하,0
28,인천,28720,03000,제1종근린생활시설,51-100대,215
51,강원,51230,24000,방송통신시설,11-20대,16
50,제주,50110,Z8000,교육연구및복지시설,10대 이하,33
11,서울,11260,20000,자동차관련시설,21-50대,217
46,전남,46710,30000,자원순환관련시설,21-50대,39
11,서울,11350,11000,노유자시설,100대 이상,117
48,경남,48330,19000,위험물저장및처리시설,10대 이하,195
41,경기,41310,17000,공장,10대 이하,28
41,경기,41370,06000,종교시설,51-100대,120
26,부산,26440,10000,교육연구시설,51-100대,1986
41,경기,41550,20000,자동차관련시설,10대 이하,348
51,강원,51130,Z8000,교육연구및복지시설,51-100대,134
31,울산,31110,11000,노유자시설,11-20대,68
44,충남,44133,06000,종교시설,10대 이하,232
11,서울,11620,06000,종교시설,51-100대,406
31,울산,31140,15000,숙박시설,10대 이하,1008
47,경북,47730,10000,교육연구시설,21-50대,137
46,전남,46710,17000,공장,11-20대,708
51,강원,51780,03000,제1종근린생활시설,51-100대,58
41,경기,41285,21000,동물및식물관련시설,10대 이하,63
48,경남,48850,03000,제1종근린생활시설,10대 이하,397
51,강원,51790,04000,제2종근린생활시설,10대 이하,479
28,인천,28237,24000,방송통신시설,51-100대,57
45,전북,45111,Z5000,문화및집회시설,21-50대,85
48,경남,48127,16000,위락시설,10대 이하,9
28,인천,28177,08000,운수시설,21-50대,44
27,대구,27720,27000,관광휴게시설,11-20대,20
26,부산,26260,13000,운동시설,10대 이하,19
47,경북,47130,17000,공장,10대 이하,6925
11,서울,11320,11000,노유자시설,21-50대,24
47,경북,47150,01000,단독주택,21-50대,23
41,경기,41630,Z3000,근린생활시설,11-20대,43
41,경기,41287,18000,창고시설,51-100대,143
47,경북,47290,02000,공동주택,100대 이상,185691
45,전북,45140,23000,교정및군사시설,21-50대,70
11,서울,11590,22000,분뇨.쓰레기처리시설,10대 이하,0
48,경남,48330,18000,창고시설,11-20대,272
41,경기,41820,31000,야영장시설,11-20대,179
46,전남,46730,20000,자동차관련시설,10대 이하,6
51,강원,51130,20000,자동차관련시설,100대 이상,2773
48,경남,48330,Z3000,근린생활시설,21-50대,24
43,충북,43770,21000,동물및식물관련시설,100대 이상,376
43,충북,43770,21000,동물및식물관련시설,21-50대,23
51,강원,51110,25000,발전시설,10대 이하,12
46,전남,46720,,,10대 이하,13
26,부산,26530,Z3000,근린생활시설,10대 이하,7
51,강원,51130,27000,관광휴게시설,51-100대,64
27,대구,27290,24000,방송통신시설,100대 이상,224
28,인천,28177,09000,의료시설,51-100대,698
27,대구,27200,20000,자동차관련시설,100대 이상,233
46,전남,46110,30000,자원순환관련시설,21-50대,45
43,충북,43114,02000,공동주택,100대 이상,106314
41,경기,41111,Z8000,교육연구및복지시설,11-20대,11
46,전남,46230,20000,자동차관련시설,10대 이하,120
41,경기,41830,10000,교육연구시설,100대 이상,6348
44,충남,44180,15000,숙박시설,21-50대,273
45,전북,45111,25000,발전시설,10대 이하,0
48,경남,48240,01000,단독주택,10대 이하,6190
46,전남,46830,22000,분뇨.쓰레기처리시설,10대 이하,3
44,충남,44270,21000,동물및식물관련시설,10대 이하,21
41,경기,41360,09000,의료시설,10대 이하,5
48,경남,48310,14000,업무시설,21-50대,599
48,경남,48820,01000,단독주택,51-100대,110
29,광주,29170,03000,제1종근린생활시설,10대 이하,4145
46,전남,46780,07000,판매시설,100대 이상,161
41,경기,41360,12000,수련시설,10대 이하,11
41,경기,41450,06000,종교시설,51-100대,173
41,경기,41271,03000,제1종근린생활시설,10대 이하,1183
47,경북,47113,15000,숙박시설,11-20대,459
41,경기,41281,27000,관광휴게시설,100대 이상,1456
29,광주,29140,05000,문화및집회시설,10대 이하,0
41,경기,41310,21000,동물및식물관련시설,10대 이하,70
30,대전,30110,07000,판매시설,100대 이상,3343
43,충북,43730,,,10대 이하,19
28,인천,28177,05000,문화및집회시설,51-100대,109
30,대전,30140,27000,관광휴게시설,51-100대,82
28,인천,28260,11000,노유자시설,51-100대,72
28,인천,28245,21000,동물및식물관련시설,11-20대,12
45,전북,45770,17000,공장,21-50대,538
29,광주,29170,Z8000,교육연구및복지시설,10대 이하,35
11,서울,11215,09000,의료시설,11-20대,34
41,경기,41800,16000,위락시설,10대 이하,6
50,제주,50130,03000,제1종근린생활시설,100대 이상,3837
41,경기,41111,09000,의료시설,10대 이하,9
26,부산,26440,22000,분뇨.쓰레기처리시설,21-50대,50
41,경기,41430,18000,창고시설,10대 이하,55
51,강원,51780,02000,공동주택,21-50대,433
41,경기,41430,27000,관광휴게시설,10대 이하,5
48,경남,48720,04000,제2종근린생활시설,11-20대,85
51,강원,51810,05000,문화및집회시설,100대 이상,26346
11,서울,11170,23000,교정및군사시설,51-100대,69
47,경북,47850,17000,공장,10대 이하,5157
48,경남,48129,n0112,,10대 이하,5
41,경기,41250,17000,공장,21-50대,648
41,경기,41171,02000,공동주택,21-50대,3418
51,강원,51790,25000,발전시설,10대 이하,11
45,전북,45111,Z6000,판매및영업시설,51-100대,70
26,부산,26260,13000,운동시설,11-20대,36
36,세종,36110,29000,장례시설,21-50대,32
46,전남,46870,18000,창고시설,21-50대,156
43,충북,43745,17000,공장,51-100대,982
46,전남,46110,18000,창고시설,10대 이하,439
45,전북,45210,07000,판매시설,10대 이하,5
51,강원,51730,13000,운동시설,10대 이하,78
41,경기,41500,18000,창고시설,10대 이하,1811
30,대전,30140,10000,교육연구시설,10대 이하,153
45,전북,45710,18000,창고시설,51-100대,501
51,강원,51150,09000,의료시설,11-20대,80
41,경기,41370,30000,자원순환관련시설,11-20대,11
26,부산,26110,11000,노유자시설,21-50대,28
43,충북,43720,10000,교육연구시설,10대 이하,29
48,경남,48240,03000,제1종근린생활시설,11-20대,434
41,경기,41610,14000,업무시설,51-100대,503
48,경남,48840,19000,위험물저장및처리시설,10대 이하,2
47,경북,47730,03000,제1종근린생활시설,11-20대,284
47,경북,47940,15000,숙박시설,21-50대,224
41,경기,41550,24000,방송통신시설,11-20대,42
44,충남,44133,33000,"국방,군사시설",10대 이하,0
46,전남,46150,23000,교정및군사시설,10대 이하,0
43,충북,43800,01000,단독주택,11-20대,124
43,충북,43113,03000,제1종근린생활시설,21-50대,1656
11,서울,11140,14000,업무시설,11-20대,1186
43,충북,43770,04000,제2종근린생활시설,11-20대,294
11,서울,11230,04000,제2종근린생활시설,100대 이상,163
45,전북,45210,03000,제1종근린생활시설,11-20대,416
30,대전,30200,14000,업무시설,10대 이하,83
51,강원,51130,33000,"국방,군사시설",21-50대,24
43,충북,43130,22000,분뇨.쓰레기처리시설,21-50대,40
51,강원,51210,09000,의료시설,100대 이상,628
47,경북,47840,22000,분뇨.쓰레기처리시설,10대 이하,86
31,울산,31170,12000,수련시설,10대 이하,7
41,경기,41463,14000,업무시설,51-100대,1110
41,경기,41610,19000,위험물저장및처리시설,51-100대,89
51,강원,51170,07000,판매시설,21-50대,105
41,경기,41113,16000,위락시설,21-50대,43
41,경기,41210,20000,자동차관련시설,21-50대,169
41,경기,41150,14000,업무시설,51-100대,2485
47,경북,47230,04203,사찰,10대 이하,0
47,경북,47290,27000,관광휴게시설,100대 이상,3002
51,강원,51780,11000,노유자시설,21-50대,47
51,강원,51790,06000,종교시설,10대 이하,42
41,경기,41131,08000,운수시설,11-20대,15
41,경기,41670,10000,교육연구시설,51-100대,233
48,경남,48310,Z6000,판매및영업시설,10대 이하,0
26,부산,26440,Z8000,교육연구및복지시설,21-50대,106
48,경남,48880,05000,문화및집회시설,11-20대,27
11,서울,11350,27000,관광휴게시설,51-100대,78
26,부산,26350,20000,자동차관련시설,21-50대,550
47,경북,47820,03000,제1종근린생활시설,51-100대,72
47,경북,47930,14000,업무시설,11-20대,128
46,전남,46710,23000,교정및군사시설,21-50대,28
43,충북,43800,05000,문화및집회시설,10대 이하,14
41,경기,41630,09000,의료시설,11-20대,110
45,전북,45190,Z3000,근린생활시설,10대 이하,18
27,대구,27140,05000,문화및집회시설,10대 이하,60
51,강원,51230,11000,노유자시설,10대 이하,70
51,강원,51150,08000,운수시설,10대 이하,10
47,경북,47111,10000,교육연구시설,21-50대,840
47,경북,47770,24000,방송통신시설,10대 이하,0
41,경기,41220,12000,수련시설,11-20대,15
11,서울,11560,10000,교육연구시설,10대 이하,236
41,경기,41117,01000,단독주택,21-50대,47
28,인천,28200,04000,제2종근린생활시설,100대 이상,2973
44,충남,44210,30000,자원순환관련시설,100대 이상,505
26,부산,26470,09000,의료시설,51-100대,299
51,강원,51770,17000,공장,11-20대,47
41,경기,41271,20000,자동차관련시설,11-20대,49
45,전북,45790,05000,문화및집회시설,10대 이하,39
41,경기,41220,Z8000,교육연구및복지시설,51-100대,67
47,경북,47290,11000,노유자시설,51-100대,213
41,경기,41465,09000,의료시설,100대 이상,137
46,전남,46130,29000,장례시설,100대 이상,160
46,전남,46870,14000,업무시설,11-20대,67
41,경기,41133,03000,제1종근린생활시설,21-50대,161
47,경북,47920,15000,숙박시설,11-20대,55
26,부산,26350,11000,노유자시설,100대 이상,894
51,강원,51830,01000,단독주택,51-100대,70
11,서울,11320,,,100대 이상,371
29,광주,29155,11000,노유자시설,11-20대,82
26,부산,26500,18000,창고시설,100대 이상,123
41,경기,41133,07000,판매시설,100대 이상,204
47,경북,47130,11000,노유자시설,11-20대,86
45,전북,45130,27000,관광휴게시설,11-20대,19
29,광주,29110,08000,운수시설,10대 이하,0
41,경기,41461,,,21-50대,31
11,서울,11740,Z8000,교육연구및복지시설,51-100대,292
47,경북,47130,02000,공동주택,51-100대,1887
43,충북,43112,11000,노유자시설,100대 이상,117
44,충남,44133,26000,묘지관련시설,10대 이하,9
27,대구,27290,10000,교육연구시설,100대 이상,4859
41,경기,41590,02000,공동주택,100대 이상,990351
44,충남,44210,18000,창고시설,10대 이하,359
51,강원,51730,06000,종교시설,11-20대,176
28,인천,28245,24000,방송통신시설,10대 이하,0
51,강원,51130,13000,운동시설,10대 이하,72
26,부산,26350,Z8000,교육연구및복지시설,51-100대,66
11,서울,11170,04000,제2종근린생활시설,10대 이하,3524
48,경남,48880,21000,동물및식물관련시설,100대 이상,199604
46,전남,46720,Z5000,문화및집회시설,10대 이하,0
46,전남,46840,09000,의료시설,10대 이하,0
47,경북,47820,19000,위험물저장및처리시설,10대 이하,29
51,강원,51760,14000,업무시설,11-20대,146
41,경기,41610,15000,숙박시설,21-50대,31
27,대구,27140,Z8000,교육연구및복지시설,11-20대,27
51,강원,51810,03000,제1종근린생활시설,51-100대,120
41,경기,41465,07000,판매시설,100대 이상,2752
48,경남,48121,16000,위락시설,21-50대,167
48,경남,48330,29000,장례시설,100대 이상,284
45,전북,45113,17000,공장,100대 이상,34396
48,경남,48730,17000,공장,51-100대,3020
47,경북,47210,01001,단독주택,10대 이하,0
51,강원,51780,14000,업무시설,21-50대,68
44,충남,44210,01000,단독주택,11-20대,5671
30,대전,30230,18000,창고시설,11-20대,181
26,부산,26320,03000,제1종근린생활시설,10대 이하,1109
44,충남,44770,17000,공장,100대 이상,3469
43,충북,43112,27000,관광휴게시설,100대 이상,245
26,부산,26410,13000,운동시설,21-50대,68
48,경남,48127,24000,방송통신시설,10대 이하,8
31,울산,31140,07000,판매시설,100대 이상,7361
41,경기,41210,Z3000,근린생활시설,10대 이하,36
41,경기,41250,10000,교육연구시설,100대 이상,385
26,부산,26530,06000,종교시설,10대 이하,80
44,충남,44270,17000,공장,10대 이하,1878
47,경북,47730,05000,문화및집회시설,21-50대,115
43,충북,43745,11000,노유자시설,10대 이하,71
28,인천,28237,17000,공장,21-50대,2259
44,충남,44230,18000,창고시설,10대 이하,632
44,충남,44200,10000,교육연구시설,21-50대,1366
29,광주,29110,,,21-50대,66
11,서울,11380,13000,운동시설,21-50대,32
45,전북,45111,26000,묘지관련시설,10대 이하,3
41,경기,41360,25000,발전시설,10대 이하,6
11,서울,11650,15000,숙박시설,10대 이하,62
44,충남,44800,17000,공장,21-50대,1065
45,전북,45740,25000,발전시설,10대 이하,0
11,서울,11200,14000,업무시설,100대 이상,5067
41,경기,41610,18000,창고시설,11-20대,1409
41,경기,41650,18000,창고시설,10대 이하,753
26,부산,26290,01000,단독주택,51-100대,53
26,부산,26410,18000,창고시설,21-50대,85
51,강원,51770,29000,장례시설,51-100대,53
48,경남,48330,26000,묘지관련시설,100대 이상,313
51,강원,51770,30000,자원순환관련시설,51-100대,61
41,경기,41410,18000,창고시설,100대 이상,5778
43,충북,43730,11000,노유자시설,10대 이하,101
46,전남,46870,09000,의료시설,11-20대,12
47,경북,47130,,,11-20대,86
28,인천,28140,02000,공동주택,11-20대,274
11,서울,11680,,,100대 이상,6901
44,충남,44230,27000,관광휴게시설,10대 이하,2
44,충남,44790,18000,창고시설,10대 이하,218
41,경기,41113,06000,종교시설,21-50대,355
41,경기,41220,04000,제2종근린생활시설,10대 이하,11696
47,경북,47900,06000,종교시설,100대 이상,146
28,인천,28200,24000,방송통신시설,51-100대,75
41,경기,41113,02000,공동주택,21-50대,2468
44,충남,44250,22000,분뇨.쓰레기처리시설,11-20대,18
50,제주,50110,,,10대 이하,221
26,부산,26230,20000,자동차관련시설,10대 이하,56
46,전남,46170,01000,단독주택,10대 이하,6471
27,대구,27140,02000,공동주택,21-50대,2855
41,경기,41190,23000,교정및군사시설,10대 이하,0
48,경남,48127,10000,교육연구시설,21-50대,653
27,대구,27290,20000,자동차관련시설,100대 이상,1949
47,경북,47920,Z3000,근린생활시설,10대 이하,3
41,경기,41171,17000,공장,10대 이하,336
27,대구,27200,27000,관광휴게시설,10대 이하,0
47,경북,47760,18000,창고시설,11-20대,24
46,전남,46780,09000,의료시설,11-20대,19
11,서울,11200,24000,방송통신시설,100대 이상,200
41,경기,41210,15000,숙박시설,21-50대,282
44,충남,44790,09000,의료시설,10대 이하,7
28,인천,28185,13000,운동시설,100대 이상,4848
41,경기,41463,22000,분뇨.쓰레기처리시설,100대 이상,304
26,부산,26170,17000,공장,10대 이하,0
47,경북,47730,Z3000,근린생활시설,10대 이하,0
26,부산,26710,Z3000,근린생활시설,10대 이하,5
48,경남,48890,17000,공장,11-20대,195
28,인천,28110,Z9000,공공용시설,10대 이하,0
28,인천,28177,07000,판매시설,100대 이상,3574
41,경기,41190,18000,창고시설,21-50대,122
47,경북,47760,29000,장례시설,10대 이하,5
44,충남,44131,07000,판매시설,10대 이하,6
41,경기,41190,30000,자원순환관련시설,51-100대,335
27,대구,27260,17000,공장,21-50대,24
41,경기,41271,02000,공동주택,100대 이상,375353
50,제주,50110,17000,공장,100대 이상,1386
43,충북,43112,13000,운동시설,11-20대,52
11,서울,11650,18000,창고시설,11-20대,20
11,서울,11320,17000,공장,100대 이상,154
41,경기,41171,10000,교육연구시설,100대 이상,9585
41,경기,41220,01000,단독주택,21-50대,1263
46,전남,46840,21000,동물및식물관련시설,21-50대,39
51,강원,51190,21000,동물및식물관련시설,11-20대,18
27,대구,27720,29000,장례시설,51-100대,59
11,서울,11500,11000,노유자시설,51-100대,166
11,서울,11500,06000,종교시설,51-100대,363
46,전남,46130,16000,위락시설,11-20대,12
41,경기,41820,24000,방송통신시설,10대 이하,7
44,충남,44133,Z5000,문화및집회시설,10대 이하,0
28,인천,28710,21000,동물및식물관련시설,10대 이하,117
47,경북,47900,21000,동물및식물관련시설,10대 이하,4
47,경북,47900,23000,교정및군사시설,10대 이하,6
26,부산,26380,14000,업무시설,51-100대,1246
48,경남,48121,18000,창고시설,11-20대,96
47,경북,47940,01000,단독주택,10대 이하,314
46,전남,46870,07000,판매시설,21-50대,46
47,경북,47750,05000,문화및집회시설,11-20대,20
46,전남,46870,13000,운동시설,100대 이상,7416
51,강원,51830,05000,문화및집회시설,100대 이상,2935
46,전남,46910,10000,교육연구시설,11-20대,96
41,경기,41220,06000,종교시설,100대 이상,2372
26,부산,26500,Z8000,교육연구및복지시설,11-20대,15
45,전북,45130,,,10대 이하,145
41,경기,41461,09000,의료시설,11-20대,17
26,부산,26110,09000,의료시설,100대 이상,410
41,경기,41590,Z5000,문화및집회시설,10대 이하,0
46,전남,46710,27000,관광휴게시설,21-50대,150
51,강원,51230,02000,공동주택,10대 이하,383
26,부산,26290,02000,공동주택,51-100대,1756
46,전남,46130,07000,판매시설,11-20대,100
48,경남,48250,31000,야영장시설,10대 이하,11
45,전북,45720,06000,종교시설,11-20대,11
11,서울,11710,20000,자동차관련시설,11-20대,20
51,강원,51170,18000,창고시설,21-50대,214
47,경북,47850,07000,판매시설,10대 이하,19
26,부산,26350,21000,동물및식물관련시설,10대 이하,0
43,충북,43800,27000,관광휴게시설,10대 이하,29
28,인천,28245,15000,숙박시설,51-100대,51
11,서울,11560,,,10대 이하,13
31,울산,31200,17000,공장,21-50대,3312
11,서울,11440,14000,업무시설,11-20대,1479
51,강원,51230,08000,운수시설,10대 이하,13
30,대전,30140,06000,종교시설,21-50대,246
41,경기,41390,27000,관광휴게시설,100대 이상,8443
11,서울,11545,02000,공동주택,100대 이상,71550
43,충북,43745,27000,관광휴게시설,10대 이하,13
45,전북,45800,15000,숙박시설,11-20대,162
51,강원,51790,17000,공장,10대 이하,67
44,충남,44180,14000,업무시설,10대 이하,55
46,전남,46800,05000,문화및집회시설,51-100대,338
30,대전,30170,13000,운동시설,51-100대,82
41,경기,41590,15000,숙박시설,51-100대,88
44,충남,44133,20000,자동차관련시설,100대 이상,4259
26,부산,26380,27000,관광휴게시설,21-50대,28
26,부산,26350,06000,종교시설,21-50대,552
44,충남,44810,14000,업무시설,51-100대,496
41,경기,41173,01000,단독주택,11-20대,36
47,경북,47230,03000,제1종근린생활시설,51-100대,58
44,충남,44200,09000,의료시설,51-100대,272
48,경남,48129,33000,"국방,군사시설",10대 이하,0
41,경기,41173,12000,수련시설,10대 이하,3
46,전남,46230,27000,관광휴게시설,100대 이상,738
44,충남,44800,19000,위험물저장및처리시설,10대 이하,34
27,대구,27290,12000,수련시설,11-20대,20
44,충남,44250,11000,노유자시설,10대 이하,68
44,충남,44760,14000,업무시설,10대 이하,19
41,경기,41390,25000,발전시설,100대 이상,214
47,경북,47280,05000,문화및집회시설,100대 이상,519
28,인천,28720,02000,공동주택,51-100대,53
31,울산,31170,16000,위락시설,10대 이하,38
44,충남,44270,17000,공장,21-50대,3757
11,서울,11230,14000,업무시설,100대 이상,5910
46,전남,46860,06000,종교시설,10대 이하,47
11,서울,11680,05000,문화및집회시설,21-50대,452
47,경북,47111,04000,제2종근린생활시설,100대 이상,8001
47,경북,47170,03000,제1종근린생활시설,100대 이상,281
43,충북,43111,Z3000,근린생활시설,10대 이하,15
44,충남,44150,14000,업무시설,51-100대,928
41,경기,41281,23000,교정및군사시설,21-50대,22
43,충북,43111,27000,관광휴게시설,100대 이상,330
27,대구,27230,07000,판매시설,21-50대,519
48,경남,48730,16000,위락시설,10대 이하,4
11,서울,11710,04000,제2종근린생활시설,10대 이하,9551
45,전북,45210,19000,위험물저장및처리시설,10대 이하,77
51,강원,51110,04000,제2종근린생활시설,51-100대,584
44,충남,44770,05000,문화및집회시설,100대 이상,240
28,인천,28245,20000,자동차관련시설,11-20대,71
44,충남,44180,10000,교육연구시설,11-20대,69
41,경기,41650,Z3000,근린생활시설,21-50대,25
11,서울,11710,03000,제1종근린생활시설,51-100대,315
41,경기,41390,06000,종교시설,10대 이하,260
41,경기,41461,08000,운수시설,10대 이하,4
47,경북,47113,30000,자원순환관련시설,10대 이하,24
46,전남,46820,01001,단독주택,10대 이하,0
51,강원,51170,13000,운동시설,10대 이하,15
46,전남,46900,21000,동물및식물관련시설,11-20대,28
31,울산,31170,14000,업무시설,100대 이상,576
48,경남,48123,03000,제1종근린생활시설,11-20대,295
46,전남,46130,24000,방송통신시설,10대 이하,9
26,부산,26410,05000,문화및집회시설,100대 이상,12841
36,세종,36110,33000,"국방,군사시설",10대 이하,0
48,경남,48720,14000,업무시설,10대 이하,11
11,서울,11215,,,100대 이상,3252
51,강원,51210,04000,제2종근린생활시설,21-50대,300
41,경기,41800,23000,교정및군사시설,11-20대,69
51,강원,51830,27000,관광휴게시설,21-50대,125
41,경기,41450,11000,노유자시설,51-100대,66
41,경기,41570,Z6000,판매및영업시설,10대 이하,0
45,전북,45111,,,51-100대,51
11,서울,11710,02000,공동주택,51-100대,3140
43,충북,43800,08000,운수시설,51-100대,53
29,광주,29155,03103,파출소,10대 이하,0
41,경기,41210,13000,운동시설,21-50대,56
50,제주,50130,18000,창고시설,10대 이하,1644
41,경기,41630,14000,업무시설,21-50대,489
11,서울,11545,15000,숙박시설,51-100대,165
48,경남,48121,13000,운동시설,11-20대,81
26,부산,26410,27000,관광휴게시설,10대 이하,1
45,전북,45130,02000,공동주택,10대 이하,541
11,서울,11230,01000,단독주택,10대 이하,6938
45,전북,45190,09000,의료시설,100대 이상,3503
47,경북,47190,19000,위험물저장및처리시설,10대 이하,171
47,경북,47210,22000,분뇨.쓰레기처리시설,11-20대,13
11,서울,11200,20000,자동차관련시설,21-50대,417
44,충남,44210,05000,문화및집회시설,21-50대,170
46,전남,46830,06000,종교시설,21-50대,25
47,경북,47770,24000,방송통신시설,11-20대,15
27,대구,27260,15000,숙박시설,21-50대,201
28,인천,28260,29000,장례시설,10대 이하,0
41,경기,41410,10000,교육연구시설,51-100대,915
46,전남,46860,19000,위험물저장및처리시설,10대 이하,2
51,강원,51820,Z8000,교육연구및복지시설,10대 이하,8
36,세종,36110,06000,종교시설,51-100대,196
11,서울,11260,18000,창고시설,10대 이하,33
47,경북,47230,,,51-100대,60
29,광주,29170,05000,문화및집회시설,100대 이상,7735
46,전남,46780,17000,공장,10대 이하,256
47,경북,47760,04000,제2종근린생활시설,51-100대,62
41,경기,41630,15000,숙박시설,10대 이하,317
44,충남,44270,07000,판매시설,11-20대,67
27,대구,27200,05000,문화및집회시설,21-50대,24
45,전북,45740,01000,단독주택,21-50대,58
30,대전,30230,21000,동물및식물관련시설,21-50대,41
26,부산,26500,18000,창고시설,21-50대,21
41,경기,41800,Z8000,교육연구및복지시설,11-20대,12
26,부산,26200,06000,종교시설,10대 이하,89
51,강원,51720,23000,교정및군사시설,21-50대,634
11,서울,11110,23000,교정및군사시설,51-100대,69
46,전남,46820,29000,장례시설,21-50대,72
51,강원,51210,14000,업무시설,51-100대,201
47,경북,47230,16000,위락시설,10대 이하,40
27,대구,27140,01000,단독주택,11-20대,741
26,부산,26200,11000,노유자시설,11-20대,35
27,대구,27200,18000,창고시설,10대 이하,39
41,경기,41273,05000,문화및집회시설,21-50대,92
26,부산,26200,,,100대 이상,2192
11,서울,11320,10000,교육연구시설,51-100대,1305
47,경북,47820,17000,공장,21-50대,458
41,경기,41210,23000,교정및군사시설,10대 이하,0
41,경기,41250,10000,교육연구시설,10대 이하,43
41,경기,41820,17000,공장,21-50대,36
44,충남,44710,JY,,10대 이하,0
51,강원,51170,09000,의료시설,100대 이상,240
41,경기,41360,23000,교정및군사시설,11-20대,17
44,충남,44133,18000,창고시설,11-20대,212
46,전남,46870,14000,업무시설,21-50대,258
11,서울,11680,14000,업무시설,21-50대,16267
47,경북,47280,11000,노유자시설,11-20대,25
48,경남,48740,06000,종교시설,11-20대,33
45,전북,45740,22000,분뇨.쓰레기처리시설,21-50대,32
11,서울,11680,10000,교육연구시설,11-20대,847
43,충북,43111,14000,업무시설,51-100대,594
11,서울,11290,11000,노유자시설,10대 이하,188
31,울산,31710,,,11-20대,12
41,경기,41273,22000,분뇨.쓰레기처리시설,100대 이상,495
30,대전,30170,06000,종교시설,11-20대,329
44,충남,44200,19000,위험물저장및처리시설,21-50대,51
41,경기,41190,20000,자동차관련시설,100대 이상,6746
43,충북,43730,01000,단독주택,10대 이하,1809
28,인천,28185,03000,제1종근린생활시설,100대 이상,3987
29,광주,29140,07000,판매시설,100대 이상,22546
44,충남,44790,22000,분뇨.쓰레기처리시설,11-20대,169
45,전북,45130,17000,공장,10대 이하,2043
48,경남,48220,17000,공장,10대 이하,260
51,강원,51750,06000,종교시설,10대 이하,115
51,강원,51720,18000,창고시설,51-100대,258
30,대전,30230,21000,동물및식물관련시설,10대 이하,1
43,충북,43111,13000,운동시설,51-100대,535
29,광주,29200,09000,의료시설,51-100대,1141
46,전남,46130,12000,수련시설,11-20대,12
48,경남,48890,18000,창고시설,51-100대,66
47,경북,47150,15000,숙박시설,11-20대,327
43,충북,43730,13000,운동시설,10대 이하,12
41,경기,41465,11000,노유자시설,100대 이상,831
41,경기,41131,,,11-20대,13
44,충남,44230,20000,자동차관련시설,10대 이하,101
31,울산,31710,01000,단독주택,100대 이상,415
41,경기,41820,19000,위험물저장및처리시설,10대 이하,93
51,강원,51780,06000,종교시설,21-50대,82
31,울산,31140,13000,운동시설,51-100대,471
31,울산,31140,18000,창고시설,21-50대,182
41,경기,41273,07000,판매시설,11-20대,31
41,경기,41281,06000,종교시설,21-50대,721
41,경기,41830,Z8000,교육연구및복지시설,11-20대,29
29,광주,29200,16000,위락시설,21-50대,68
26,부산,26200,17000,공장,10대 이하,669
51,강원,51720,31000,야영장시설,10대 이하,0
48,경남,48270,03000,제1종근린생활시설,10대 이하,1084
45,전북,45140,02000,공동주택,51-100대,1419
51,강원,51150,01000,단독주택,11-20대,1824
28,인천,28720,18000,창고시설,10대 이하,76
48,경남,48740,22000,분뇨.쓰레기처리시설,10대 이하,12
47,경북,47290,17000,공장,11-20대,3767
44,충남,44230,20000,자동차관련시설,21-50대,149
47,경북,47930,27000,관광휴게시설,10대 이하,12
41,경기,41360,12000,수련시설,100대 이상,329
45,전북,45140,11000,노유자시설,21-50대,95
43,충북,43750,,,10대 이하,139
46,전남,46860,21000,동물및식물관련시설,51-100대,139
47,경북,47900,01000,단독주택,10대 이하,1258
26,부산,26350,14000,업무시설,10대 이하,99
41,경기,41650,13000,운동시설,11-20대,81
11,서울,11170,07000,판매시설,21-50대,288
41,경기,41271,05000,문화및집회시설,51-100대,82
48,경남,48125,20000,자동차관련시설,51-100대,439
41,경기,41670,18000,창고시설,51-100대,1136
41,경기,41287,09000,의료시설,10대 이하,0
41,경기,41610,27000,관광휴게시설,10대 이하,0
41,경기,41650,07000,판매시설,21-50대,84
43,충북,43760,20000,자동차관련시설,51-100대,60
47,경북,47150,10000,교육연구시설,10대 이하,157
48,경남,48820,JY,,10대 이하,0
45,전북,45710,09000,의료시설,10대 이하,17
48,경남,48240,24000,방송통신시설,10대 이하,0
46,전남,46900,05000,문화및집회시설,51-100대,159
51,강원,51230,33000,"국방,군사시설",10대 이하,0
48,경남,48250,15000,숙박시설,100대 이상,332
46,전남,46790,21000,동물및식물관련시설,10대 이하,78
46,전남,46170,27000,관광휴게시설,100대 이상,447
51,강원,51780,17000,공장,51-100대,122
46,전남,46110,14000,업무시설,100대 이상,1787
46,전남,46870,22000,분뇨.쓰레기처리시설,10대 이하,20
26,부산,26440,13000,운동시설,51-100대,99
44,충남,44133,02000,공동주택,10대 이하,1657
46,전남,46230,07000,판매시설,11-20대,24
43,충북,43720,23000,교정및군사시설,10대 이하,0
41,경기,41550,21000,동물및식물관련시설,21-50대,74
11,서울,11290,Z8000,교육연구및복지시설,11-20대,11
51,강원,51760,11000,노유자시설,11-20대,69
46,전남,46860,18000,창고시설,21-50대,293
48,경남,48310,Z8000,교육연구및복지시설,10대 이하,0
41,경기,41480,10000,교육연구시설,100대 이상,1584
46,전남,46790,13000,운동시설,21-50대,33
48,경남,48220,14000,업무시설,21-50대,864
46,전남,46880,19000,위험물저장및처리시설,11-20대,12
47,경북,47830,20000,자동차관련시설,100대 이상,162
27,대구,27230,05000,문화및집회시설,21-50대,40
41,경기,41271,06000,종교시설,100대 이상,568
30,대전,30110,06000,종교시설,11-20대,320
31,울산,31710,14000,업무시설,21-50대,473
46,전남,46820,06000,종교시설,21-50대,23
48,경남,48129,09000,의료시설,21-50대,139
11,서울,11590,Z3000,근린생활시설,10대 이하,90
51,강원,51230,13000,운동시설,10대 이하,9
28,인천,28260,15000,숙박시설,100대 이상,142
11,서울,11170,17000,공장,10대 이하,11
47,경북,47230,18000,창고시설,21-50대,111
46,전남,46130,07000,판매시설,21-50대,325
41,경기,41190,13000,운동시설,10대 이하,14
43,충북,43800,09000,의료시설,10대 이하,0
29,광주,29110,16000,위락시설,21-50대,30
26,부산,26500,03000,제1종근린생활시설,51-100대,269
47,경북,47210,01000,단독주택,10대 이하,3966
48,경남,48880,02000,공동주택,100대 이상,4786
41,경기,41430,11000,노유자시설,11-20대,34
47,경북,47280,14000,업무시설,21-50대,214
30,대전,30200,22000,분뇨.쓰레기처리시설,11-20대,29
27,대구,27170,16000,위락시설,10대 이하,15
46,전남,46110,03000,제1종근린생활시설,21-50대,770
43,충북,43113,Z8000,교육연구및복지시설,21-50대,78
41,경기,41800,05000,문화및집회시설,10대 이하,29
46,전남,46170,Z3000,근린생활시설,11-20대,13
29,광주,29170,03000,제1종근린생활시설,21-50대,1612
46,전남,46130,24000,방송통신시설,51-100대,90
43,충북,43720,12000,수련시설,11-20대,35
51,강원,51720,02000,공동주택,21-50대,708
51,강원,51230,01000,단독주택,21-50대,137
41,경기,41117,20000,자동차관련시설,10대 이하,138
43,충북,43770,19000,위험물저장및처리시설,10대 이하,82
46,전남,46900,13000,운동시설,100대 이상,906
47,경북,47111,Z3000,근린생활시설,10대 이하,4
48,경남,48310,17000,공장,51-100대,452
46,전남,46130,22000,분뇨.쓰레기처리시설,100대 이상,159
47,경북,47190,15000,숙박시설,100대 이상,486
51,강원,51110,01000,단독주택,21-50대,57
51,강원,51760,04000,제2종근린생활시설,21-50대,377
11,서울,11650,,,10대 이하,17
31,울산,31710,25000,발전시설,100대 이상,1089
26,부산,26380,05000,문화및집회시설,100대 이상,683
47,경북,47170,31000,야영장시설,10대 이하,0
11,서울,11200,03000,제1종근린생활시설,100대 이상,533
44,충남,44150,21000,동물및식물관련시설,11-20대,20
26,부산,26440,04000,제2종근린생활시설,51-100대,689
11,서울,11350,02000,공동주택,100대 이상,125093
11,서울,11350,30000,자원순환관련시설,10대 이하,0
45,전북,45210,31000,야영장시설,21-50대,52
11,서울,11740,14000,업무시설,10대 이하,270
51,강원,51750,17000,공장,21-50대,485
26,부산,26200,01000,단독주택,11-20대,11
27,대구,27170,03001,소매점,10대 이하,0
46,전남,46710,13000,운동시설,10대 이하,0
44,충남,44790,29000,장례시설,100대 이상,222
48,경남,48250,22000,분뇨.쓰레기처리시설,51-100대,58
51,강원,51150,05000,문화및집회시설,51-100대,73
28,인천,28720,19000,위험물저장및처리시설,10대 이하,17
43,충북,43130,03000,제1종근린생활시설,100대 이상,126
43,충북,43150,14000,업무시설,51-100대,435
46,전남,46910,25000,발전시설,11-20대,11
26,부산,26140,02000,공동주택,10대 이하,2342
11,서울,11650,01000,단독주택,11-20대,408
45,전북,45710,15000,숙박시설,21-50대,232
26,부산,26530,33000,"국방,군사시설",10대 이하,0
43,충북,43150,06000,종교시설,51-100대,137
27,대구,27110,16000,위락시설,21-50대,33
43,충북,43720,12000,수련시설,51-100대,55
26,부산,26140,02000,공동주택,11-20대,1595
26,부산,26170,14000,업무시설,51-100대,1545
50,제주,50130,12000,수련시설,11-20대,74
47,경북,47290,20000,자동차관련시설,10대 이하,203
28,인천,28260,Z8000,교육연구및복지시설,21-50대,202
45,전북,45113,10000,교육연구시설,21-50대,1019
48,경남,48880,15000,숙박시설,11-20대,92
51,강원,51720,05000,문화및집회시설,10대 이하,236
41,경기,41461,10000,교육연구시설,21-50대,1554
44,충남,44130,18000,창고시설,10대 이하,0
48,경남,48740,03000,제1종근린생활시설,51-100대,109
41,경기,41465,17000,공장,100대 이상,8128
27,대구,27170,13000,운동시설,11-20대,12
48,경남,48740,,,10대 이하,52
47,경북,47150,08000,운수시설,10대 이하,6
43,충북,43760,27000,관광휴게시설,11-20대,13
44,충남,44790,30000,자원순환관련시설,21-50대,32
43,충북,43745,02000,공동주택,11-20대,149
43,충북,43112,02000,공동주택,21-50대,698
30,대전,30110,23000,교정및군사시설,10대 이하,0
46,전남,46110,13000,운동시설,10대 이하,24
31,울산,31140,24000,방송통신시설,51-100대,61
26,부산,26320,02000,공동주택,11-20대,2068
46,전남,46130,03001,소매점,11-20대,14
27,대구,27290,03100,공공시설,10대 이하,5
47,경북,47770,13000,운동시설,100대 이상,4610
45,전북,45210,30000,자원순환관련시설,10대 이하,72
48,경남,48270,14000,업무시설,11-20대,118
29,광주,29110,01002,다중주택,10대 이하,0
44,충남,44810,01000,단독주택,10대 이하,2115
45,전북,45730,05000,문화및집회시설,100대 이상,428
41,경기,41281,Z8000,교육연구및복지시설,21-50대,175
51,강원,51830,03000,제1종근린생활시설,10대 이하,487
46,전남,46790,17000,공장,11-20대,674
51,강원,51820,15000,숙박시설,51-100대,232
48,경남,48870,04000,제2종근린생활시설,11-20대,97
48,경남,48310,31000,야영장시설,21-50대,38
51,강원,51170,17000,공장,10대 이하,575
48,경남,48740,10000,교육연구시설,10대 이하,58
51,강원,51770,09000,의료시설,100대 이상,119
11,서울,11320,18000,창고시설,11-20대,50
51,강원,51800,18000,창고시설,51-100대,84
41,경기,41820,11000,노유자시설,51-100대,171
11,서울,11380,09000,의료시설,10대 이하,4
45,전북,45730,26000,묘지관련시설,10대 이하,0
27,대구,27710,09000,의료시설,51-100대,263
44,충남,44133,19000,위험물저장및처리시설,21-50대,64
41,경기,41150,20000,자동차관련시설,51-100대,279
11,서울,11560,03000,제1종근린생활시설,100대 이상,1174
29,광주,29140,09000,의료시설,100대 이상,801
41,경기,41461,19000,위험물저장및처리시설,11-20대,61
41,경기,41430,20000,자동차관련시설,100대 이상,462
11,서울,11680,05000,문화및집회시설,10대 이하,96
41,경기,41800,21000,동물및식물관련시설,11-20대,31
11,서울,11680,04000,제2종근린생활시설,11-20대,6643
48,경남,48310,15000,숙박시설,100대 이상,7320
41,경기,41117,06000,종교시설,100대 이상,640
41,경기,41430,02000,공동주택,51-100대,1012
28,인천,28110,21000,동물및식물관련시설,10대 이하,6
47,경북,47930,23000,교정및군사시설,21-50대,27
41,경기,41830,Z5000,문화및집회시설,100대 이상,120
43,충북,43130,08000,운수시설,100대 이상,1608
44,충남,44210,06000,종교시설,10대 이하,241
41,경기,41287,17000,공장,10대 이하,403
11,서울,11530,18000,창고시설,10대 이하,78
41,경기,41550,06000,종교시설,51-100대,56
27,대구,27710,22000,분뇨.쓰레기처리시설,100대 이상,204
46,전남,46790,17000,공장,51-100대,1796
11,서울,11260,24000,방송통신시설,51-100대,74
41,경기,41390,11000,노유자시설,51-100대,56
45,전북,45210,04000,제2종근린생활시설,10대 이하,1655
27,대구,27110,09000,의료시설,11-20대,19
44,충남,44825,27000,관광휴게시설,10대 이하,1
51,강원,51830,15000,숙박시설,10대 이하,840
26,부산,26500,09000,의료시설,21-50대,280
48,경남,48220,01000,단독주택,10대 이하,8067
36,세종,36110,19000,위험물저장및처리시설,21-50대,156
51,강원,51800,17000,공장,11-20대,235
11,서울,11470,19000,위험물저장및처리시설,21-50대,21
46,전남,46910,13000,운동시설,21-50대,88
46,전남,46130,30000,자원순환관련시설,10대 이하,96
51,강원,51780,12000,수련시설,21-50대,114
27,대구,27200,07000,판매시설,100대 이상,233
11,서울,11215,11000,노유자시설,10대 이하,215
48,경남,48129,,,51-100대,123
41,경기,41650,22000,분뇨.쓰레기처리시설,11-20대,66
46,전남,46830,09000,의료시설,100대 이상,128
26,부산,26530,05000,문화및집회시설,100대 이상,1652
51,강원,51790,18000,창고시설,21-50대,21
51,강원,51150,11000,노유자시설,10대 이하,421
47,경북,47820,03000,제1종근린생활시설,21-50대,152
47,경북,47830,11000,노유자시설,21-50대,24
46,전남,46170,13000,운동시설,51-100대,96
41,경기,41670,02000,공동주택,10대 이하,1872
45,전북,45180,09000,의료시설,10대 이하,28
44,충남,44825,10000,교육연구시설,51-100대,134
28,인천,28245,02000,공동주택,11-20대,5237
11,서울,11470,,,100대 이상,102
41,경기,41650,Z6000,판매및영업시설,10대 이하,0
44,충남,44230,17000,공장,11-20대,1059
45,전북,45800,14000,업무시설,11-20대,85
11,서울,11320,03000,제1종근린생활시설,100대 이상,145
11,서울,11500,10000,교육연구시설,21-50대,3754
41,경기,41500,09000,의료시설,11-20대,17
11,서울,11500,05000,문화및집회시설,21-50대,145
11,서울,11710,09000,의료시설,11-20대,154
46,전남,46710,18000,창고시설,21-50대,109
28,인천,28200,25000,발전시설,10대 이하,3
41,경기,41173,17000,공장,10대 이하,386
46,전남,46780,02000,공동주택,51-100대,274
41,경기,41190,17000,공장,51-100대,1620
11,서울,11230,02000,공동주택,100대 이상,91204
51,강원,51720,18000,창고시설,11-20대,80
11,서울,11710,24000,방송통신시설,10대 이하,8
27,대구,27110,15000,숙박시설,11-20대,139
46,전남,46110,03000,제1종근린생활시설,11-20대,665
48,경남,48890,25000,발전시설,10대 이하,0
48,경남,48870,31000,야영장시설,10대 이하,0
28,인천,28185,17000,공장,100대 이상,16170
36,세종,36110,20000,자동차관련시설,10대 이하,52
41,경기,41370,,,11-20대,11
29,광주,29170,11000,노유자시설,10대 이하,495
44,충남,44810,27000,관광휴게시설,11-20대,33
43,충북,43800,02000,공동주택,51-100대,221
41,경기,41390,21000,동물및식물관련시설,10대 이하,58
44,충남,44270,10000,교육연구시설,11-20대,30
51,강원,51750,20000,자동차관련시설,21-50대,39
30,대전,30110,20000,자동차관련시설,11-20대,90
48,경남,48123,04000,제2종근린생활시설,100대 이상,462
48,경남,48740,06107,제실,10대 이하,0
28,인천,28177,05000,문화및집회시설,11-20대,29
11,서울,11530,04000,제2종근린생활시설,11-20대,797
43,충북,43114,18000,창고시설,21-50대,160
46,전남,46880,07000,판매시설,11-20대,25
45,전북,45130,10000,교육연구시설,11-20대,340
26,부산,26140,13000,운동시설,21-50대,103
51,강원,51790,,,11-20대,15
41,경기,41273,10000,교육연구시설,11-20대,102
44,충남,44200,20000,자동차관련시설,100대 이상,4710
47,경북,47770,22000,분뇨.쓰레기처리시설,51-100대,62
41,경기,41135,,,21-50대,75
28,인천,28110,17000,공장,11-20대,164
45,전북,45770,27000,관광휴게시설,100대 이상,843
11,서울,11260,13000,운동시설,10대 이하,9
28,인천,28720,15000,숙박시설,100대 이상,4061
11,서울,11545,06000,종교시설,11-20대,161
44,충남,44230,06000,종교시설,10대 이하,237
41,경기,41390,13000,운동시설,10대 이하,26
47,경북,47920,15000,숙박시설,10대 이하,28
43,충북,43130,30000,자원순환관련시설,21-50대,49
46,전남,46720,04000,제2종근린생활시설,11-20대,54
41,경기,41390,14000,업무시설,21-50대,1212
51,강원,51230,06000,종교시설,10대 이하,91
47,경북,47920,07000,판매시설,10대 이하,0
41,경기,41430,06000,종교시설,10대 이하,90
36,세종,36110,09000,의료시설,100대 이상,1264
41,경기,41273,27000,관광휴게시설,100대 이상,15674
41,경기,41250,20000,자동차관련시설,51-100대,97
41,경기,41650,05000,문화및집회시설,10대 이하,112
43,충북,43150,09000,의료시설,11-20대,23
46,전남,46780,15000,숙박시설,11-20대,129
26,부산,26530,20000,자동차관련시설,10대 이하,349
46,전남,46860,24000,방송통신시설,10대 이하,0
47,경북,47730,18000,창고시설,11-20대,97
27,대구,27290,Z9000,공공용시설,10대 이하,0
44,충남,44200,Z3000,근린생활시설,21-50대,40
29,광주,29110,07201,상점(소매점),10대 이하,0
47,경북,47230,11000,노유자시설,100대 이상,200
28,인천,28260,01000,단독주택,11-20대,4854
50,제주,50110,08000,운수시설,51-100대,100
28,인천,28260,10000,교육연구시설,10대 이하,256
27,대구,27260,19000,위험물저장및처리시설,11-20대,16
45,전북,45800,10000,교육연구시설,21-50대,797
51,강원,51210,27000,관광휴게시설,10대 이하,5
41,경기,41271,04000,제2종근린생활시설,10대 이하,4724
43,충북,43113,,,11-20대,46
41,경기,41480,22000,분뇨.쓰레기처리시설,21-50대,121
43,충북,43111,,,10대 이하,7
26,부산,26260,15000,숙박시설,51-100대,75
43,충북,43800,17000,공장,21-50대,212
48,경남,48730,27000,관광휴게시설,21-50대,28
47,경북,47820,24000,방송통신시설,10대 이하,9
50,제주,50130,10000,교육연구시설,100대 이상,10846
44,충남,44180,25000,발전시설,21-50대,29
44,충남,44210,Z3000,근린생활시설,11-20대,11
11,서울,11140,Z3000,근린생활시설,100대 이상,197
41,경기,41287,19000,위험물저장및처리시설,11-20대,32
41,경기,41360,15000,숙박시설,10대 이하,146
47,경북,47210,05000,문화및집회시설,51-100대,51
51,강원,51170,04000,제2종근린생활시설,10대 이하,1327
26,부산,26470,03000,제1종근린생활시설,11-20대,325
46,전남,46840,30000,자원순환관련시설,11-20대,38
43,충북,43745,17000,공장,11-20대,341
51,강원,51750,12000,수련시설,11-20대,47
47,경북,47900,23000,교정및군사시설,51-100대,89
26,부산,26140,10000,교육연구시설,10대 이하,87
46,전남,46890,25000,발전시설,10대 이하,9
46,전남,46810,24000,방송통신시설,10대 이하,2
26,부산,26320,09000,의료시설,11-20대,76
41,경기,41117,06000,종교시설,21-50대,337
46,전남,46720,Z5000,문화및집회시설,21-50대,35
47,경북,47290,14000,업무시설,21-50대,264
41,경기,41830,14000,업무시설,51-100대,316
48,경남,48870,06000,종교시설,10대 이하,27
28,인천,28245,02000,공동주택,21-50대,1755
44,충남,44200,10000,교육연구시설,51-100대,2037
47,경북,47170,30000,자원순환관련시설,10대 이하,64
43,충북,43112,11000,노유자시설,11-20대,109
51,강원,51130,07000,판매시설,100대 이상,5586
41,경기,41570,22000,분뇨.쓰레기처리시설,100대 이상,115
47,경북,47130,13000,운동시설,21-50대,351
43,충북,43114,19000,위험물저장및처리시설,51-100대,100
41,경기,41111,03000,제1종근린생활시설,11-20대,540
46,전남,46130,06000,종교시설,11-20대,476
44,충남,44180,19000,위험물저장및처리시설,21-50대,48
41,경기,41650,11000,노유자시설,21-50대,100
41,경기,41135,18000,창고시설,10대 이하,19
48,경남,48310,05000,문화및집회시설,100대 이상,3444
41,경기,41650,03000,제1종근린생활시설,10대 이하,4508
26,부산,26380,13000,운동시설,51-100대,361
46,전남,46730,02000,공동주택,21-50대,136
26,부산,26500,15000,숙박시설,10대 이하,198
30,대전,30200,14000,업무시설,11-20대,338
26,부산,26440,18000,창고시설,10대 이하,408
27,대구,27170,02000,공동주택,51-100대,866
45,전북,45111,03000,제1종근린생활시설,10대 이하,3200
51,강원,51190,21000,동물및식물관련시설,10대 이하,13
41,경기,41461,04000,제2종근린생활시설,100대 이상,2594
26,부산,26170,Z5000,문화및집회시설,10대 이하,0
48,경남,48840,05000,문화및집회시설,21-50대,36
41,경기,41190,20000,자동차관련시설,21-50대,1081
28,인천,28110,20000,자동차관련시설,51-100대,225
50,제주,50130,18000,창고시설,21-50대,566
28,인천,28237,17000,공장,51-100대,923
11,서울,11305,04000,제2종근린생활시설,100대 이상,294
48,경남,48870,04000,제2종근린생활시설,10대 이하,456
28,인천,28110,,,11-20대,15
45,전북,45710,19000,위험물저장및처리시설,10대 이하,78
41,경기,41430,22000,분뇨.쓰레기처리시설,10대 이하,8
48,경남,48330,13000,운동시설,10대 이하,61
27,대구,27710,10000,교육연구시설,11-20대,158
41,경기,41271,06000,종교시설,10대 이하,250
44,충남,44825,21000,동물및식물관련시설,10대 이하,2
46,전남,46810,04000,제2종근린생활시설,10대 이하,450
41,경기,41670,03000,제1종근린생활시설,10대 이하,1638
48,경남,48220,11000,노유자시설,21-50대,105
47,경북,47840,07000,판매시설,51-100대,109
28,인천,28720,14000,업무시설,21-50대,43
41,경기,41360,09000,의료시설,11-20대,48
11,서울,11545,04000,제2종근린생활시설,21-50대,362
45,전북,45740,05000,문화및집회시설,21-50대,75
26,부산,26170,09000,의료시설,10대 이하,32
41,경기,41133,03000,제1종근린생활시설,51-100대,300
46,전남,46840,13000,운동시설,11-20대,26
48,경남,48310,04000,제2종근린생활시설,10대 이하,5237
41,경기,41360,03000,제1종근린생활시설,100대 이상,1400
46,전남,46710,20000,자동차관련시설,10대 이하,63
46,전남,46170,30000,자원순환관련시설,10대 이하,48
11,서울,11560,13000,운동시설,10대 이하,0
27,대구,27290,14000,업무시설,10대 이하,414
29,광주,29110,10000,교육연구시설,21-50대,540
41,경기,41630,13000,운동시설,21-50대,706
45,전북,45190,02000,공동주택,21-50대,450
27,대구,27290,22000,분뇨.쓰레기처리시설,51-100대,159
29,광주,29155,05000,문화및집회시설,11-20대,40
46,전남,46170,17000,공장,100대 이상,21402
48,경남,48740,05000,문화및집회시설,21-50대,56
46,전남,46910,03000,제1종근린생활시설,21-50대,226
27,대구,27230,Z6000,판매및영업시설,10대 이하,0
26,부산,26440,04000,제2종근린생활시설,11-20대,1308
41,경기,41480,09000,의료시설,51-100대,560
51,강원,51210,15000,숙박시설,10대 이하,461
43,충북,43113,13000,운동시설,21-50대,288
45,전북,45710,07000,판매시설,21-50대,64
26,부산,26350,14000,업무시설,100대 이상,20017
45,전북,45750,04000,제2종근린생활시설,10대 이하,226
41,경기,41220,01000,단독주택,11-20대,17087
41,경기,41250,17000,공장,10대 이하,498
48,경남,48720,27000,관광휴게시설,51-100대,152
26,부산,26320,06000,종교시설,11-20대,145
43,충북,43730,06000,종교시설,21-50대,62
26,부산,26140,11000,노유자시설,21-50대,91
41,경기,41117,07000,판매시설,11-20대,15
29,광주,29200,23000,교정및군사시설,100대 이상,4024
47,경북,47190,23000,교정및군사시설,10대 이하,1
41,경기,41650,06000,종교시설,100대 이상,1799
47,경북,47250,26000,묘지관련시설,10대 이하,0
43,충북,43760,12000,수련시설,11-20대,15
44,충남,44150,14000,업무시설,11-20대,182
26,부산,26200,07000,판매시설,100대 이상,492
41,경기,41285,Z3000,근린생활시설,21-50대,55
46,전남,46730,06000,종교시설,21-50대,34
41,경기,41500,Z5000,문화및집회시설,10대 이하,0
46,전남,46910,23000,교정및군사시설,10대 이하,4
47,경북,47111,07000,판매시설,11-20대,48
47,경북,47230,a6300,,10대 이하,0
51,강원,51790,Z6000,판매및영업시설,10대 이하,0
27,대구,27260,15000,숙박시설,10대 이하,161
45,전북,45113,,,21-50대,24
28,인천,28185,13000,운동시설,10대 이하,5
41,경기,41111,06000,종교시설,21-50대,427
45,전북,45130,06000,종교시설,11-20대,630
11,서울,11290,10000,교육연구시설,100대 이상,77308
26,부산,26260,25000,발전시설,11-20대,13
28,인천,28720,21000,동물및식물관련시설,51-100대,64
43,충북,43113,07000,판매시설,51-100대,91
46,전남,46810,21000,동물및식물관련시설,10대 이하,9
41,경기,41830,Z9000,공공용시설,10대 이하,2
46,전남,46840,Z5000,문화및집회시설,10대 이하,0
28,인천,28237,10000,교육연구시설,51-100대,1630
48,경남,48330,14000,업무시설,100대 이상,3188
43,충북,43770,01000,단독주택,21-50대,21
45,전북,45210,10000,교육연구시설,21-50대,596
11,서울,11305,05000,문화및집회시설,11-20대,13
43,충북,43740,02000,공동주택,100대 이상,3894
28,인천,28710,Z5000,문화및집회시설,10대 이하,18
41,경기,41461,29000,장례시설,100대 이상,3270
44,충남,44133,13000,운동시설,10대 이하,54
43,충북,43740,03000,제1종근린생활시설,21-50대,162
45,전북,45790,18000,창고시설,10대 이하,290
51,강원,51780,21000,동물및식물관련시설,10대 이하,20
43,충북,43130,06000,종교시설,10대 이하,290
26,부산,26260,17000,공장,10대 이하,9
47,경북,47130,30000,자원순환관련시설,11-20대,277
46,전남,46170,Z8000,교육연구및복지시설,10대 이하,5
43,충북,43770,25000,발전시설,10대 이하,7
28,인천,28260,20000,자동차관련시설,100대 이상,10377
44,충남,44210,26000,묘지관련시설,100대 이상,132
30,대전,30170,22000,분뇨.쓰레기처리시설,10대 이하,15
46,전남,46780,27000,관광휴게시설,100대 이상,3767
43,충북,43114,Z3000,근린생활시설,10대 이하,12
48,경남,48121,04000,제2종근린생활시설,51-100대,766
43,충북,43112,14000,업무시설,51-100대,778
27,대구,27720,10000,교육연구시설,51-100대,194
43,충북,43750,17000,공장,11-20대,2696
47,경북,47170,03000,제1종근린생활시설,21-50대,804
51,강원,51780,22000,분뇨.쓰레기처리시설,10대 이하,3
41,경기,41360,19000,위험물저장및처리시설,10대 이하,237
47,경북,47850,03000,제1종근린생활시설,11-20대,401
47,경북,47840,20000,자동차관련시설,11-20대,19
51,강원,51780,20000,자동차관련시설,51-100대,74
43,충북,43720,14000,업무시설,11-20대,59
41,경기,41190,08000,운수시설,100대 이상,1591
44,충남,44810,12000,수련시설,10대 이하,0
27,대구,27290,Z6000,판매및영업시설,11-20대,20
28,인천,28710,18999,기타창고시설,10대 이하,0
44,충남,44150,27000,관광휴게시설,10대 이하,8
30,대전,30230,11000,노유자시설,11-20대,104
45,전북,45180,,,10대 이하,26
41,경기,41800,02000,공동주택,51-100대,498
41,경기,41285,10000,교육연구시설,10대 이하,161
46,전남,46800,07000,판매시설,10대 이하,10
46,전남,46730,21000,동물및식물관련시설,21-50대,40
47,경북,47150,17000,공장,51-100대,1854
45,전북,45750,06000,종교시설,10대 이하,22
51,강원,51210,11000,노유자시설,11-20대,30
41,경기,41670,03000,제1종근린생활시설,51-100대,471
43,충북,43130,13000,운동시설,21-50대,216
45,전북,45740,29000,장례시설,51-100대,77
46,전남,46830,29000,장례시설,100대 이상,101
51,강원,51730,06000,종교시설,100대 이상,252
27,대구,27200,13000,운동시설,11-20대,55
41,경기,41410,22000,분뇨.쓰레기처리시설,51-100대,52
51,강원,51110,22000,분뇨.쓰레기처리시설,10대 이하,61
41,경기,41210,21000,동물및식물관련시설,10대 이하,126
11,서울,11500,30000,자원순환관련시설,21-50대,36
43,충북,43112,04000,제2종근린생활시설,100대 이상,191
47,경북,47230,15000,숙박시설,21-50대,22
41,경기,41670,04000,제2종근린생활시설,21-50대,301
47,경북,47230,05000,문화및집회시설,11-20대,202
41,경기,41465,30000,자원순환관련시설,10대 이하,8
26,부산,26110,02000,공동주택,11-20대,310
51,강원,51170,20000,자동차관련시설,11-20대,51
11,서울,11200,13000,운동시설,100대 이상,293
46,전남,46820,10000,교육연구시설,100대 이상,2864
47,경북,47190,11000,노유자시설,10대 이하,523
48,경남,48820,17000,공장,21-50대,1428
29,광주,29155,17000,공장,11-20대,144
30,대전,30170,27000,관광휴게시설,10대 이하,2
50,제주,50110,21101,축사,10대 이하,0
47,경북,47290,29000,장례시설,11-20대,13
27,대구,27290,16000,위락시설,11-20대,74
48,경남,48880,20000,자동차관련시설,10대 이하,13
41,경기,41131,03000,제1종근린생활시설,51-100대,590
27,대구,27260,12000,수련시설,11-20대,12
51,강원,51150,22000,분뇨.쓰레기처리시설,21-50대,31
11,서울,11290,Z8000,교육연구및복지시설,51-100대,120
41,경기,41285,30000,자원순환관련시설,51-100대,94
11,서울,11260,07000,판매시설,51-100대,91
41,경기,41287,08000,운수시설,100대 이상,116
41,경기,41310,13000,운동시설,10대 이하,12
48,경남,48310,06000,종교시설,10대 이하,215
47,경북,47840,14000,업무시설,10대 이하,13
48,경남,48330,09000,의료시설,21-50대,399
11,서울,11410,21000,동물및식물관련시설,10대 이하,0
41,경기,41410,06000,종교시설,100대 이상,155
45,전북,45111,22000,분뇨.쓰레기처리시설,100대 이상,204
11,서울,11620,12000,수련시설,21-50대,62
51,강원,51230,16000,위락시설,10대 이하,8
44,충남,44180,29000,장례시설,100대 이상,482
27,대구,27170,05000,문화및집회시설,100대 이상,126
47,경북,47730,03000,제1종근린생활시설,10대 이하,543
27,대구,27260,22000,분뇨.쓰레기처리시설,51-100대,52
48,경남,48270,13000,운동시설,21-50대,49
29,광주,29110,05000,문화및집회시설,21-50대,113
48,경남,48129,14200,일반업무시설,11-20대,20
44,충남,44790,30000,자원순환관련시설,11-20대,11
41,경기,41670,24000,방송통신시설,10대 이하,0
11,서울,11230,03000,제1종근린생활시설,10대 이하,3108
47,경북,47930,13000,운동시설,51-100대,66
43,충북,43750,11000,노유자시설,11-20대,124
26,부산,26290,13000,운동시설,21-50대,105
46,전남,46880,21000,동물및식물관련시설,21-50대,43
44,충남,44270,07000,판매시설,21-50대,119
47,경북,47830,14000,업무시설,51-100대,129
51,강원,51230,20000,자동차관련시설,21-50대,49
11,서울,11260,15000,숙박시설,11-20대,27
27,대구,27260,13000,운동시설,10대 이하,38
26,부산,26110,20000,자동차관련시설,21-50대,316
51,강원,51170,30000,자원순환관련시설,10대 이하,0
41,경기,41550,03000,제1종근린생활시설,100대 이상,450
43,충북,43113,14000,업무시설,21-50대,798
11,서울,11560,02000,공동주택,10대 이하,6512
46,전남,46730,17000,공장,11-20대,44
41,경기,41461,15000,숙박시설,21-50대,169
26,부산,26140,22000,분뇨.쓰레기처리시설,51-100대,64
41,경기,41410,10000,교육연구시설,10대 이하,80
51,강원,51760,15000,숙박시설,51-100대,406
26,부산,26290,10000,교육연구시설,10대 이하,139
41,경기,41500,12000,수련시설,10대 이하,8
41,경기,41370,,,10대 이하,25
29,광주,29200,Z9000,공공용시설,21-50대,40
51,강원,51800,18000,창고시설,10대 이하,65
47,경북,47230,17000,공장,100대 이상,3444
26,부산,26530,15000,숙박시설,10대 이하,272
41,경기,41220,04000,제2종근린생활시설,11-20대,2885
48,경남,48850,14000,업무시설,51-100대,56
47,경북,47230,02000,공동주택,100대 이상,30064
11,서울,11110,01000,단독주택,10대 이하,4903
41,경기,41500,15000,숙박시설,11-20대,303
44,충남,44250,20000,자동차관련시설,10대 이하,16
41,경기,41271,19000,위험물저장및처리시설,10대 이하,84
48,경남,48125,16000,위락시설,100대 이상,2069
27,대구,27170,06000,종교시설,10대 이하,81
45,전북,45180,20000,자동차관련시설,11-20대,30
11,서울,11470,06000,종교시설,51-100대,282
31,울산,31200,20000,자동차관련시설,100대 이상,3379
26,부산,26140,21000,동물및식물관련시설,10대 이하,7
29,광주,29140,03000,제1종근린생활시설,51-100대,552
45,전북,45180,03000,제1종근린생활시설,10대 이하,1528
28,인천,28110,14000,업무시설,21-50대,1145
46,전남,46780,04000,제2종근린생활시설,11-20대,215
27,대구,27290,18000,창고시설,100대 이상,619
26,부산,26530,20000,자동차관련시설,100대 이상,1198
41,경기,41800,10000,교육연구시설,51-100대,136
47,경북,47210,17000,공장,51-100대,300
47,경북,47730,10000,교육연구시설,11-20대,61
43,충북,43130,30000,자원순환관련시설,11-20대,43
30,대전,30140,20000,자동차관련시설,100대 이상,779
26,부산,26710,13000,운동시설,11-20대,63
47,경북,47930,01000,단독주택,11-20대,612
41,경기,41310,03000,제1종근린생활시설,100대 이상,2338
41,경기,41830,27000,관광휴게시설,11-20대,11
11,서울,11440,13000,운동시설,21-50대,38
41,경기,41173,13000,운동시설,100대 이상,1787
44,충남,44250,03000,제1종근린생활시설,11-20대,134
27,대구,27230,03000,제1종근린생활시설,11-20대,1344
30,대전,30140,11000,노유자시설,21-50대,156
51,강원,51800,,,10대 이하,4
43,충북,43111,24000,방송통신시설,10대 이하,0
41,경기,41287,14000,업무시설,10대 이하,37
44,충남,44825,08000,운수시설,51-100대,74
47,경북,47730,30000,자원순환관련시설,10대 이하,9
41,경기,41370,22000,분뇨.쓰레기처리시설,51-100대,113
48,경남,48270,10000,교육연구시설,11-20대,58
30,대전,30170,15000,숙박시설,51-100대,419
41,경기,41131,09000,의료시설,21-50대,46
48,경남,48220,Z8000,교육연구및복지시설,51-100대,79
41,경기,41430,22000,분뇨.쓰레기처리시설,21-50대,25
46,전남,46890,Z5000,문화및집회시설,10대 이하,0
48,경남,48330,05000,문화및집회시설,11-20대,79
41,경기,41590,03000,제1종근린생활시설,51-100대,4024
41,경기,41461,03000,제1종근린생활시설,51-100대,592
43,충북,43130,,,11-20대,16
41,경기,41461,06000,종교시설,21-50대,499
48,경남,48850,11000,노유자시설,10대 이하,43
28,인천,28140,06000,종교시설,11-20대,67
45,전북,45140,07000,판매시설,21-50대,182
50,제주,50110,07000,판매시설,21-50대,291
41,경기,41210,20000,자동차관련시설,11-20대,31
41,경기,41210,15000,숙박시설,10대 이하,38
11,서울,11590,20000,자동차관련시설,100대 이상,443
31,울산,31140,15000,숙박시설,51-100대,223
41,경기,41480,14000,업무시설,11-20대,222
44,충남,44131,12000,수련시설,100대 이상,1329
47,경북,47130,11000,노유자시설,10대 이하,372
47,경북,47730,22000,분뇨.쓰레기처리시설,10대 이하,27
48,경남,48890,13000,운동시설,10대 이하,8
45,전북,45140,10000,교육연구시설,11-20대,194
11,서울,11290,17000,공장,11-20대,11
46,전남,46800,21000,동물및식물관련시설,21-50대,40
11,서울,11350,18000,창고시설,10대 이하,10
41,경기,41800,12000,수련시설,10대 이하,2
41,경기,41650,Z5000,문화및집회시설,10대 이하,10
46,전남,46790,07000,판매시설,21-50대,49
26,부산,26290,01000,단독주택,11-20대,88
41,경기,41285,23000,교정및군사시설,10대 이하,8
46,전남,46720,17000,공장,51-100대,133
43,충북,43114,Z5000,문화및집회시설,21-50대,22
47,경북,47170,04000,제2종근린생활시설,100대 이상,255
47,경북,47130,04000,제2종근린생활시설,11-20대,556
31,울산,31200,10000,교육연구시설,21-50대,743
41,경기,41480,24000,방송통신시설,10대 이하,129
47,경북,47770,08000,운수시설,100대 이상,198
41,경기,41465,17000,공장,10대 이하,16
45,전북,45770,20000,자동차관련시설,10대 이하,12
45,전북,45710,Z9000,공공용시설,10대 이하,0
48,경남,48123,12000,수련시설,100대 이상,107
26,부산,26200,06000,종교시설,51-100대,70
28,인천,28185,,,100대 이상,3329
47,경북,47190,27000,관광휴게시설,21-50대,52
26,부산,26230,,,10대 이하,54
26,부산,26530,09000,의료시설,10대 이하,40
26,부산,26410,10000,교육연구시설,51-100대,680
45,전북,45750,13000,운동시설,100대 이상,3626
51,강원,51110,13000,운동시설,11-20대,76
31,울산,31170,18000,창고시설,21-50대,106
27,대구,27710,04000,제2종근린생활시설,100대 이상,749
45,전북,45113,04000,제2종근린생활시설,100대 이상,3117
31,울산,31110,01000,단독주택,11-20대,1127
45,전북,45730,10000,교육연구시설,11-20대,11
46,전남,46150,31000,야영장시설,10대 이하,0
44,충남,44770,10000,교육연구시설,100대 이상,30116
45,전북,45770,20000,자동차관련시설,11-20대,13
30,대전,30230,17000,공장,10대 이하,1779
28,인천,28710,30000,자원순환관련시설,21-50대,28
41,경기,41133,07000,판매시설,11-20대,11
26,부산,26230,15000,숙박시설,11-20대,192
46,전남,46170,18000,창고시설,100대 이상,1152
44,충남,44200,27000,관광휴게시설,10대 이하,14
43,충북,43114,02000,공동주택,21-50대,943
48,경남,48240,04000,제2종근린생활시설,11-20대,532
11,서울,11680,02000,공동주택,51-100대,5765
41,경기,41650,10000,교육연구시설,100대 이상,1975
47,경북,47930,07000,판매시설,10대 이하,30
45,전북,45140,,,51-100대,605
41,경기,41465,18000,창고시설,21-50대,135
41,경기,41370,04000,제2종근린생활시설,21-50대,1569
11,서울,11560,Z5000,문화및집회시설,10대 이하,9
50,제주,50130,24000,방송통신시설,100대 이상,510
44,충남,44790,11000,노유자시설,21-50대,33
11,서울,11740,02000,공동주택,21-50대,8491
45,전북,45800,01000,단독주택,10대 이하,1914
41,경기,41190,05000,문화및집회시설,51-100대,372
28,인천,28720,16000,위락시설,10대 이하,1
26,부산,26140,22000,분뇨.쓰레기처리시설,10대 이하,6
45,전북,45710,31000,야영장시설,21-50대,23
26,부산,26440,03000,제1종근린생활시설,21-50대,1760
46,전남,46840,30000,자원순환관련시설,100대 이상,126
11,서울,11140,10000,교육연구시설,21-50대,512
29,광주,29200,03000,제1종근린생활시설,21-50대,2021
45,전북,45210,20000,자동차관련시설,10대 이하,107
41,경기,41273,Z8000,교육연구및복지시설,10대 이하,0
26,부산,26290,15000,숙박시설,51-100대,72
48,경남,48310,14000,업무시설,51-100대,1187
28,인천,28200,16000,위락시설,10대 이하,38
26,부산,26110,24000,방송통신시설,21-50대,37
11,서울,11590,01000,단독주택,10대 이하,9833
48,경남,48890,02000,공동주택,21-50대,885
45,전북,45113,12000,수련시설,21-50대,44
27,대구,27290,16000,위락시설,51-100대,135
47,경북,47920,09000,의료시설,10대 이하,10
28,인천,28237,07000,판매시설,51-100대,72
41,경기,41135,17000,공장,10대 이하,0
51,강원,51720,Z5000,문화및집회시설,10대 이하,72
44,충남,44131,27000,관광휴게시설,11-20대,17
41,경기,41220,20000,자동차관련시설,51-100대,1093
48,경남,48170,23000,교정및군사시설,10대 이하,6
48,경남,48820,06000,종교시설,10대 이하,107
41,경기,41171,02000,공동주택,51-100대,2643
41,경기,41281,07000,판매시설,11-20대,49
28,인천,28237,06000,종교시설,10대 이하,185
46,전남,46150,20000,자동차관련시설,51-100대,499
47,경북,47850,24000,방송통신시설,51-100대,53
48,경남,48870,31000,야영장시설,11-20대,98
27,대구,27170,18000,창고시설,21-50대,158
11,서울,11560,04000,제2종근린생활시설,51-100대,822
41,경기,41171,Z5000,문화및집회시설,10대 이하,0
45,전북,45790,03000,제1종근린생활시설,51-100대,170
48,경남,48129,03000,제1종근린생활시설,51-100대,459
44,충남,44180,15000,숙박시설,10대 이하,743
47,경북,47730,19000,위험물저장및처리시설,10대 이하,15
50,제주,50130,11000,노유자시설,51-100대,54
51,강원,51750,01000,단독주택,51-100대,114
47,경북,47280,10000,교육연구시설,51-100대,237
31,울산,31110,24000,방송통신시설,51-100대,135
47,경북,47150,11000,노유자시설,10대 이하,202
27,대구,27170,02000,공동주택,21-50대,709
41,경기,41273,05000,문화및집회시설,100대 이상,3191
30,대전,30140,Z8000,교육연구및복지시설,10대 이하,0
46,전남,46830,22000,분뇨.쓰레기처리시설,21-50대,36
46,전남,46170,18000,창고시설,10대 이하,624
48,경남,48121,14000,업무시설,51-100대,1030
11,서울,11140,01000,단독주택,10대 이하,1869
41,경기,41430,06000,종교시설,11-20대,121
41,경기,41465,24000,방송통신시설,21-50대,41
28,인천,28237,03000,제1종근린생활시설,21-50대,1534
46,전남,46230,16000,위락시설,10대 이하,155
41,경기,41220,17000,공장,11-20대,5852
48,경남,48123,18000,창고시설,100대 이상,1589
41,경기,41390,Z8000,교육연구및복지시설,21-50대,83
44,충남,44131,10000,교육연구시설,51-100대,1331
48,경남,48880,22000,분뇨.쓰레기처리시설,10대 이하,7
27,대구,27140,09000,의료시설,10대 이하,6
44,충남,44200,15000,숙박시설,100대 이상,3105
41,경기,41390,13000,운동시설,11-20대,63
47,경북,47290,02000,공동주택,51-100대,1444
26,부산,26200,23000,교정및군사시설,10대 이하,0
41,경기,41370,06000,종교시설,21-50대,284
47,경북,47930,12000,수련시설,10대 이하,0
11,서울,11410,20000,자동차관련시설,51-100대,280
26,부산,26410,13000,운동시설,100대 이상,1180
46,전남,46770,18000,창고시설,100대 이상,3213
51,강원,51110,23000,교정및군사시설,100대 이상,1513
11,서울,11380,33000,"국방,군사시설",21-50대,29
45,전북,45730,27000,관광휴게시설,100대 이상,1491
27,대구,27170,16000,위락시설,11-20대,18
48,경남,48125,13000,운동시설,11-20대,17
46,전남,46830,07000,판매시설,100대 이상,112
48,경남,48740,01000,단독주택,10대 이하,1336
11,서울,11200,02000,공동주택,51-100대,2945
51,강원,51130,c,,10대 이하,0
41,경기,41830,12000,수련시설,10대 이하,42
41,경기,41117,17000,공장,11-20대,167
44,충남,44790,10000,교육연구시설,10대 이하,48
43,충북,43150,13000,운동시설,51-100대,602
43,충북,43130,09000,의료시설,10대 이하,5
47,경북,47130,04000,제2종근린생활시설,21-50대,633
28,인천,28710,31000,야영장시설,11-20대,46
46,전남,46130,JY,,10대 이하,0
44,충남,44800,18000,창고시설,10대 이하,251
45,전북,45140,08000,운수시설,10대 이하,6
43,충북,43770,01000,단독주택,51-100대,57
26,부산,26380,21000,동물및식물관련시설,10대 이하,9
41,경기,41360,14000,업무시설,21-50대,795
51,강원,51780,24000,방송통신시설,21-50대,37
50,제주,50110,11000,노유자시설,21-50대,367
44,충남,44790,27000,관광휴게시설,11-20대,20
27,대구,27260,Z8000,교육연구및복지시설,100대 이상,261
43,충북,43111,04000,제2종근린생활시설,11-20대,774
41,경기,41590,18000,창고시설,11-20대,543
44,충남,44760,22000,분뇨.쓰레기처리시설,10대 이하,10
41,경기,41115,02000,공동주택,51-100대,1601
29,광주,29110,15000,숙박시설,10대 이하,405
51,강원,51750,22000,분뇨.쓰레기처리시설,21-50대,21
45,전북,45710,09000,의료시설,21-50대,204
11,서울,11500,29000,장례시설,21-50대,23
44,충남,44200,Z3000,근린생활시설,11-20대,20
45,전북,45210,25000,발전시설,10대 이하,0
51,강원,51770,24000,방송통신시설,10대 이하,0
47,경북,47820,06000,종교시설,11-20대,30
41,경기,41461,03000,제1종근린생활시설,21-50대,1669
11,서울,11500,20000,자동차관련시설,11-20대,124
51,강원,51810,27000,관광휴게시설,100대 이상,4476
26,부산,26350,10000,교육연구시설,100대 이상,6580
41,경기,41650,Z9000,공공용시설,10대 이하,0
41,경기,41430,05000,문화및집회시설,10대 이하,0
41,경기,41220,23000,교정및군사시설,10대 이하,62
43,충북,43740,18000,창고시설,11-20대,88
27,대구,27110,17000,공장,21-50대,40
51,강원,51760,22000,분뇨.쓰레기처리시설,10대 이하,45
48,경남,48250,22000,분뇨.쓰레기처리시설,100대 이상,122
26,부산,26530,07000,판매시설,11-20대,28
41,경기,41287,13000,운동시설,100대 이상,1989
43,충북,43114,11000,노유자시설,100대 이상,253
46,전남,46810,04000,제2종근린생활시설,21-50대,254
48,경남,48125,10000,교육연구시설,10대 이하,129
43,충북,43114,15000,숙박시설,10대 이하,287
48,경남,48880,09000,의료시설,51-100대,90
41,경기,41250,13000,운동시설,51-100대,64
47,경북,47230,15000,숙박시설,11-20대,338
47,경북,47230,Z8000,교육연구및복지시설,100대 이상,121
45,전북,45770,11000,노유자시설,10대 이하,55
11,서울,11200,11000,노유자시설,10대 이하,101
31,울산,31110,07000,판매시설,11-20대,16
44,충남,44710,09000,의료시설,51-100대,80
46,전남,46870,24000,방송통신시설,11-20대,14
46,전남,46840,11000,노유자시설,11-20대,93
30,대전,30170,06000,종교시설,51-100대,423
41,경기,41450,01000,단독주택,11-20대,39
44,충남,44810,26000,묘지관련시설,51-100대,78
41,경기,41650,08000,운수시설,10대 이하,0
48,경남,48860,06000,종교시설,10대 이하,50
48,경남,48121,07000,판매시설,100대 이상,6289
11,서울,11530,05000,문화및집회시설,10대 이하,11
11,서울,11170,20000,자동차관련시설,21-50대,135
45,전북,45111,JY,,100대 이상,112
46,전남,46800,05000,문화및집회시설,11-20대,18
43,충북,43720,09000,의료시설,51-100대,72
46,전남,46840,13000,운동시설,100대 이상,3554
45,전북,45140,23000,교정및군사시설,11-20대,20
48,경남,48170,22000,분뇨.쓰레기처리시설,11-20대,12
51,강원,51790,03000,제1종근린생활시설,51-100대,171
51,강원,51810,12000,수련시설,11-20대,11
27,대구,27290,Z5000,문화및집회시설,11-20대,45
41,경기,41113,30000,자원순환관련시설,21-50대,47
31,울산,31110,13000,운동시설,51-100대,188
46,전남,46730,18000,창고시설,51-100대,385
43,충북,43130,17000,공장,100대 이상,15585
27,대구,27230,23000,교정및군사시설,21-50대,41
11,서울,11440,10000,교육연구시설,100대 이상,6464
43,충북,43750,11000,노유자시설,10대 이하,85
46,전남,46900,04000,제2종근린생활시설,11-20대,100
41,경기,41590,Z8000,교육연구및복지시설,10대 이하,16
41,경기,41287,14000,업무시설,11-20대,29
11,서울,11710,16000,위락시설,10대 이하,15
45,전북,45140,10000,교육연구시설,51-100대,1036
26,부산,26380,07000,판매시설,10대 이하,15
11,서울,11590,10000,교육연구시설,11-20대,249
41,경기,41800,21000,동물및식물관련시설,10대 이하,33
43,충북,43750,13000,운동시설,10대 이하,35
41,경기,41173,03000,제1종근린생활시설,21-50대,1018
48,경남,48270,15000,숙박시설,51-100대,82
29,광주,29170,11000,노유자시설,11-20대,86
26,부산,26140,09000,의료시설,10대 이하,0
41,경기,41285,10000,교육연구시설,51-100대,1249
47,경북,47850,10000,교육연구시설,11-20대,131
47,경북,47170,14000,업무시설,51-100대,575
47,경북,47830,18000,창고시설,11-20대,64
43,충북,43720,31000,야영장시설,10대 이하,17
47,경북,47250,29000,장례시설,11-20대,42
47,경북,47850,12000,수련시설,11-20대,17
28,인천,28140,07000,판매시설,11-20대,18
45,전북,45111,30000,자원순환관련시설,10대 이하,0
11,서울,11530,17000,공장,100대 이상,14801
47,경북,47230,08000,운수시설,10대 이하,0
47,경북,47210,08000,운수시설,10대 이하,0
47,경북,47250,23000,교정및군사시설,10대 이하,0
51,강원,51190,10000,교육연구시설,51-100대,69
44,충남,44270,13000,운동시설,21-50대,189
11,서울,11350,07000,판매시설,10대 이하,0
46,전남,46730,31000,야영장시설,10대 이하,10
48,경남,48730,19000,위험물저장및처리시설,100대 이상,102
46,전남,46880,08000,운수시설,10대 이하,12
11,서울,11110,03000,제1종근린생활시설,51-100대,119
44,충남,44710,13000,운동시설,100대 이상,448
43,충북,43112,06000,종교시설,11-20대,237
51,강원,51110,05000,문화및집회시설,10대 이하,46
41,경기,41630,,,11-20대,51
44,충남,44133,22000,분뇨.쓰레기처리시설,21-50대,31
11,서울,11440,03000,제1종근린생활시설,21-50대,570
41,경기,41480,21000,동물및식물관련시설,11-20대,120
46,전남,46780,Z5000,문화및집회시설,10대 이하,0
26,부산,26230,12000,수련시설,100대 이상,104
43,충북,43150,03000,제1종근린생활시설,10대 이하,1708
26,부산,26320,12000,수련시설,10대 이하,2
43,충북,43745,03000,제1종근린생활시설,10대 이하,422
45,전북,45180,13000,운동시설,10대 이하,70
11,서울,11320,14000,업무시설,100대 이상,5681
30,대전,30170,10000,교육연구시설,21-50대,2631
50,제주,50110,21000,동물및식물관련시설,100대 이상,427
41,경기,41590,13000,운동시설,51-100대,1411
11,서울,11230,Z6000,판매및영업시설,10대 이하,0
51,강원,51770,06000,종교시설,11-20대,27
44,충남,44180,Z9000,공공용시설,10대 이하,0
41,경기,41590,13000,운동시설,21-50대,355
51,강원,51130,16000,위락시설,11-20대,40
51,강원,51720,04000,제2종근린생활시설,100대 이상,1704
50,제주,50110,13000,운동시설,100대 이상,5507
47,경북,47150,12000,수련시설,11-20대,33
48,경남,48170,26000,묘지관련시설,11-20대,52
41,경기,41461,27000,관광휴게시설,21-50대,29
43,충북,43114,03000,제1종근린생활시설,100대 이상,1231
27,대구,27170,05000,문화및집회시설,11-20대,12
29,광주,29140,10000,교육연구시설,21-50대,1359
28,인천,28720,11000,노유자시설,10대 이하,93
28,인천,28710,23000,교정및군사시설,11-20대,19
11,서울,11260,13000,운동시설,100대 이상,160
41,경기,41570,31000,야영장시설,11-20대,18
41,경기,41430,13000,운동시설,51-100대,137
46,전남,46170,Z5000,문화및집회시설,51-100대,59
48,경남,48820,10000,교육연구시설,21-50대,526
47,경북,47730,12000,수련시설,11-20대,18
47,경북,47900,04000,제2종근린생활시설,51-100대,63
48,경남,48730,09000,의료시설,11-20대,20
36,세종,36110,25000,발전시설,10대 이하,0
48,경남,48820,04000,제2종근린생활시설,11-20대,103
31,울산,31140,26000,묘지관련시설,21-50대,128
48,경남,48220,08000,운수시설,10대 이하,28
50,제주,50130,20000,자동차관련시설,21-50대,110
11,서울,11140,04000,제2종근린생활시설,11-20대,555
45,전북,45710,20000,자동차관련시설,21-50대,85
48,경남,48170,24000,방송통신시설,100대 이상,269
27,대구,27260,04000,제2종근린생활시설,51-100대,354
43,충북,43745,05000,문화및집회시설,51-100대,100
45,전북,45180,Z8000,교육연구및복지시설,21-50대,48
48,경남,48123,07000,판매시설,10대 이하,10
41,경기,41480,21000,동물및식물관련시설,100대 이상,115
26,부산,26530,02000,공동주택,21-50대,1348
26,부산,26350,07000,판매시설,11-20대,78
28,인천,28260,13000,운동시설,10대 이하,20
28,인천,28710,07000,판매시설,21-50대,60
45,전북,45770,14000,업무시설,11-20대,16
48,경남,48740,Z9000,공공용시설,10대 이하,0
11,서울,11440,14000,업무시설,10대 이하,566
27,대구,27290,13000,운동시설,11-20대,118
31,울산,31110,07000,판매시설,100대 이상,1740
45,전북,45210,17000,공장,10대 이하,2057
46,전남,46130,04000,제2종근린생활시설,21-50대,514
48,경남,48840,16000,위락시설,10대 이하,2
44,충남,44230,15000,숙박시설,11-20대,195
51,강원,51170,Z3000,근린생활시설,10대 이하,39
26,부산,26710,21000,동물및식물관련시설,10대 이하,48
43,충북,43740,14000,업무시설,10대 이하,40
44,충남,44133,06000,종교시설,100대 이상,830
30,대전,30200,18000,창고시설,11-20대,140
41,경기,41500,24000,방송통신시설,51-100대,129
47,경북,47930,04000,제2종근린생활시설,10대 이하,779
43,충북,43770,29000,장례시설,10대 이하,10
11,서울,11290,13000,운동시설,51-100대,86
41,경기,41630,01000,단독주택,10대 이하,7890
45,전북,45740,21000,동물및식물관련시설,100대 이상,615
48,경남,48330,11000,노유자시설,11-20대,141
11,서울,11620,14000,업무시설,100대 이상,2416
44,충남,44760,Z5000,문화및집회시설,10대 이하,0
50,제주,50110,15000,숙박시설,51-100대,2911
47,경북,47930,10000,교육연구시설,51-100대,250
11,서울,11470,02000,공동주택,10대 이하,17515
26,부산,26500,10000,교육연구시설,10대 이하,156
45,전북,45210,07000,판매시설,100대 이상,616
48,경남,48240,02000,공동주택,100대 이상,80001
41,경기,41273,05000,문화및집회시설,51-100대,180
11,서울,11710,06000,종교시설,10대 이하,149
28,인천,28260,27000,관광휴게시설,10대 이하,41
11,서울,11680,14000,업무시설,10대 이하,1811
11,서울,11170,20000,자동차관련시설,51-100대,197
47,경북,47210,05000,문화및집회시설,11-20대,44
47,경북,47170,,,21-50대,101
47,경북,47770,08000,운수시설,11-20대,55
51,강원,51830,11000,노유자시설,100대 이상,230
41,경기,41500,26000,묘지관련시설,11-20대,16
29,광주,29155,07000,판매시설,100대 이상,733
41,경기,41370,11000,노유자시설,10대 이하,195
43,충북,43111,09000,의료시설,100대 이상,887
41,경기,41570,19000,위험물저장및처리시설,10대 이하,333
43,충북,43111,03000,제1종근린생활시설,21-50대,1068
36,세종,36110,11000,노유자시설,21-50대,109
46,전남,46170,,,11-20대,12
41,경기,41210,03000,제1종근린생활시설,11-20대,315
50,제주,50130,Z8000,교육연구및복지시설,10대 이하,10
41,경기,41150,08000,운수시설,21-50대,38
51,강원,51810,08000,운수시설,10대 이하,0
28,인천,28260,24000,방송통신시설,51-100대,91
41,경기,41500,25000,발전시설,10대 이하,2
11,서울,11110,10000,교육연구시설,100대 이상,8915
45,전북,45720,15000,숙박시설,10대 이하,24
41,경기,41273,13000,운동시설,21-50대,117
41,경기,41111,Z8000,교육연구및복지시설,51-100대,55
45,전북,45770,02000,공동주택,21-50대,127
48,경남,48840,30000,자원순환관련시설,10대 이하,0
11,서울,11500,09000,의료시설,21-50대,269
41,경기,41461,13000,운동시설,51-100대,486
45,전북,45130,16000,위락시설,10대 이하,235
41,경기,41820,23000,교정및군사시설,51-100대,128
28,인천,28237,06000,종교시설,21-50대,500
26,부산,26140,10000,교육연구시설,11-20대,110
41,경기,41250,23000,교정및군사시설,10대 이하,5
47,경북,47280,13000,운동시설,100대 이상,2723
28,인천,28260,25000,발전시설,100대 이상,9324
30,대전,30140,,,21-50대,66
44,충남,44270,,,11-20대,56
41,경기,41281,15000,숙박시설,21-50대,159
44,충남,44270,06000,종교시설,51-100대,359
26,부산,26260,04000,제2종근린생활시설,100대 이상,607
47,경북,47820,05000,문화및집회시설,11-20대,11
11,서울,11110,09000,의료시설,100대 이상,9625
47,경북,47830,01000,단독주택,10대 이하,2091
50,제주,50130,07000,판매시설,10대 이하,6
47,경북,47770,02000,공동주택,10대 이하,429
51,강원,51750,18000,창고시설,21-50대,70
41,경기,41285,04000,제2종근린생활시설,51-100대,1683
46,전남,46110,24000,방송통신시설,10대 이하,13
41,경기,41550,18000,창고시설,11-20대,595
41,경기,41650,04000,제2종근린생활시설,51-100대,68
28,인천,28200,23000,교정및군사시설,100대 이상,525
47,경북,47750,02000,공동주택,21-50대,434
48,경남,48129,02000,공동주택,51-100대,1790
50,제주,50110,04000,제2종근린생활시설,21-50대,2355
41,경기,41285,01000,단독주택,11-20대,310
48,경남,48330,25000,발전시설,51-100대,71
44,충남,44200,10000,교육연구시설,10대 이하,164
46,전남,46130,29000,장례시설,21-50대,62
41,경기,41800,19000,위험물저장및처리시설,10대 이하,46
47,경북,47250,04000,제2종근린생활시설,11-20대,125
45,전북,45210,,,11-20대,12
11,서울,11590,07000,판매시설,10대 이하,8
26,부산,26710,19000,위험물저장및처리시설,21-50대,32
28,인천,28110,23000,교정및군사시설,11-20대,12
30,대전,30200,12000,수련시설,10대 이하,5
44,충남,44131,15000,숙박시설,21-50대,301
27,대구,27110,20000,자동차관련시설,51-100대,340
11,서울,11410,,,11-20대,59
27,대구,27260,05000,문화및집회시설,100대 이상,10207
41,경기,41800,24000,방송통신시설,10대 이하,2
47,경북,47210,Z8000,교육연구및복지시설,10대 이하,5
46,전남,46860,15000,숙박시설,51-100대,54
46,전남,46230,18000,창고시설,51-100대,690
41,경기,41115,02000,공동주택,11-20대,3510
44,충남,44133,13000,운동시설,21-50대,267
45,전북,45111,22000,분뇨.쓰레기처리시설,10대 이하,2
48,경남,48880,31000,야영장시설,10대 이하,9
48,경남,48125,24000,방송통신시설,51-100대,80
48,경남,48170,22000,분뇨.쓰레기처리시설,10대 이하,13
44,충남,44180,14000,업무시설,51-100대,809
41,경기,41550,31000,야영장시설,10대 이하,3
41,경기,41281,26000,묘지관련시설,11-20대,17
47,경북,47280,10000,교육연구시설,10대 이하,69
41,경기,41115,15000,숙박시설,100대 이상,1499
48,경남,48870,22000,분뇨.쓰레기처리시설,10대 이하,21
41,경기,41220,07000,판매시설,11-20대,51
31,울산,31170,06000,종교시설,21-50대,345
29,광주,29110,04008,사진관,10대 이하,0
41,경기,41220,14000,업무시설,51-100대,1757
41,경기,41610,27000,관광휴게시설,100대 이상,690
11,서울,11500,12000,수련시설,11-20대,16
41,경기,41117,Z3000,근린생활시설,51-100대,274
28,인천,28200,03101,동사무소,10대 이하,0
44,충남,44250,14000,업무시설,100대 이상,1066
11,서울,11230,10000,교육연구시설,10대 이하,243
29,광주,29170,18000,창고시설,11-20대,176
47,경북,47920,10000,교육연구시설,10대 이하,31
41,경기,41133,20000,자동차관련시설,21-50대,289
43,충북,43760,17000,공장,10대 이하,815
41,경기,41173,12000,수련시설,11-20대,15
11,서울,11680,03000,제1종근린생활시설,100대 이상,1890
26,부산,26140,Z8000,교육연구및복지시설,10대 이하,9
45,전북,45140,Z8000,교육연구및복지시설,21-50대,156
41,경기,41111,11000,노유자시설,21-50대,298
27,대구,27110,02000,공동주택,51-100대,426
45,전북,45740,14000,업무시설,100대 이상,481
43,충북,43760,27000,관광휴게시설,100대 이상,1080
45,전북,45180,05000,문화및집회시설,51-100대,298
51,강원,51110,07000,판매시설,51-100대,733
44,충남,44810,20000,자동차관련시설,10대 이하,63
47,경북,47920,,,11-20대,16
41,경기,41173,Z8000,교육연구및복지시설,10대 이하,0
41,경기,41650,11000,노유자시설,11-20대,161
41,경기,41281,04000,제2종근린생활시설,11-20대,1596
45,전북,45790,03000,제1종근린생활시설,100대 이상,152
46,전남,46230,14000,업무시설,100대 이상,1049
29,광주,29140,,,100대 이상,6230
47,경북,47230,19000,위험물저장및처리시설,10대 이하,68
11,서울,11500,02000,공동주택,21-50대,8993
46,전남,46720,13000,운동시설,10대 이하,6
47,경북,47150,13000,운동시설,11-20대,77
51,강원,51110,02000,공동주택,11-20대,213
31,울산,31110,12000,수련시설,10대 이하,4
41,경기,41450,23000,교정및군사시설,100대 이상,458
27,대구,27140,04000,제2종근린생활시설,21-50대,1118
45,전북,45111,17000,공장,10대 이하,74
44,충남,44150,Z8000,교육연구및복지시설,21-50대,93
45,전북,45140,10000,교육연구시설,10대 이하,221
45,전북,45210,08000,운수시설,21-50대,90
46,전남,46910,29000,장례시설,10대 이하,4
46,전남,46910,04000,제2종근린생활시설,51-100대,57
46,전남,46910,30000,자원순환관련시설,11-20대,15
43,충북,43750,09000,의료시설,10대 이하,2
46,전남,46770,11000,노유자시설,100대 이상,116
36,세종,36110,30000,자원순환관련시설,51-100대,442
45,전북,45770,17000,공장,51-100대,457
46,전남,46110,02000,공동주택,10대 이하,1247
46,전남,46900,20000,자동차관련시설,10대 이하,2
47,경북,47113,26000,묘지관련시설,10대 이하,2
26,부산,26350,01000,단독주택,11-20대,23
48,경남,48270,06108,사당,10대 이하,0
43,충북,43112,,,10대 이하,25
47,경북,47190,08000,운수시설,10대 이하,0
43,충북,43150,06000,종교시설,21-50대,210
46,전남,46900,15000,숙박시설,10대 이하,39
26,부산,26200,07000,판매시설,21-50대,40
45,전북,45210,,,10대 이하,41
41,경기,41463,27000,관광휴게시설,100대 이상,43263
41,경기,41800,17000,공장,11-20대,350
31,울산,31110,22000,분뇨.쓰레기처리시설,10대 이하,0
11,서울,11650,09000,의료시설,21-50대,265
46,전남,46840,14000,업무시설,51-100대,474
41,경기,41390,,,21-50대,272
11,서울,11215,17000,공장,10대 이하,11
29,광주,29155,02000,공동주택,100대 이상,131830
47,경북,47770,14000,업무시설,11-20대,37
51,강원,51730,02000,공동주택,21-50대,279
47,경북,47111,03000,제1종근린생활시설,21-50대,868
11,서울,11260,27000,관광휴게시설,10대 이하,0
26,부산,26440,17000,공장,10대 이하,8249
41,경기,41111,11000,노유자시설,11-20대,136
11,서울,11530,07000,판매시설,51-100대,156
44,충남,44230,21000,동물및식물관련시설,11-20대,37
47,경북,47250,21999,기타동식물관련시설,10대 이하,0
41,경기,41271,19000,위험물저장및처리시설,11-20대,28
47,경북,47900,03000,제1종근린생활시설,11-20대,136
27,대구,27710,Z9000,공공용시설,10대 이하,0
45,전북,45130,Z5000,문화및집회시설,10대 이하,23
43,충북,43745,07000,판매시설,51-100대,110
41,경기,41461,23000,교정및군사시설,10대 이하,30
27,대구,27230,06000,종교시설,11-20대,211
47,경북,47150,19000,위험물저장및처리시설,11-20대,13
44,충남,44210,16000,위락시설,10대 이하,20
44,충남,44270,04000,제2종근린생활시설,10대 이하,3997
44,충남,44200,08000,운수시설,51-100대,108
26,부산,26350,12000,수련시설,11-20대,18
41,경기,41461,14000,업무시설,100대 이상,3560
41,경기,41113,02000,공동주택,11-20대,6063
48,경남,48121,10000,교육연구시설,100대 이상,6548
51,강원,51760,20000,자동차관련시설,10대 이하,38
47,경북,47210,05000,문화및집회시설,100대 이상,270
45,전북,45140,05000,문화및집회시설,10대 이하,52
41,경기,41173,04000,제2종근린생활시설,100대 이상,1336
11,서울,11620,04000,제2종근린생활시설,21-50대,366
11,서울,11440,02000,공동주택,100대 이상,119451
46,전남,46730,24000,방송통신시설,10대 이하,0
47,경북,47111,30000,자원순환관련시설,11-20대,45
47,경북,47130,20000,자동차관련시설,21-50대,221
45,전북,45790,09000,의료시설,21-50대,114
51,강원,51190,11000,노유자시설,11-20대,43
51,강원,51190,15000,숙박시설,21-50대,108
44,충남,44200,04000,제2종근린생활시설,10대 이하,7601
41,경기,41465,Z8000,교육연구및복지시설,21-50대,63
41,경기,41550,24000,방송통신시설,10대 이하,2
11,서울,11680,19000,위험물저장및처리시설,10대 이하,78
11,서울,11470,20000,자동차관련시설,21-50대,210
48,경남,48170,11000,노유자시설,51-100대,73
46,전남,46130,04000,제2종근린생활시설,10대 이하,5231
41,경기,41670,09000,의료시설,51-100대,140
41,경기,41220,26000,묘지관련시설,10대 이하,6
26,부산,26230,,,100대 이상,35392
41,경기,41410,22000,분뇨.쓰레기처리시설,11-20대,15
48,경남,48890,03000,제1종근린생활시설,10대 이하,418
41,경기,41500,03000,제1종근린생활시설,11-20대,866
26,부산,26440,07000,판매시설,21-50대,22
44,충남,44810,19000,위험물저장및처리시설,11-20대,11
41,경기,41135,07000,판매시설,100대 이상,13370
48,경남,48890,08000,운수시설,10대 이하,1
44,충남,44790,24000,방송통신시설,21-50대,27
45,전북,45750,15000,숙박시설,10대 이하,35
48,경남,48123,29000,장례시설,21-50대,41
48,경남,48820,04010,학원,10대 이하,0
27,대구,27110,06000,종교시설,10대 이하,117
41,경기,41610,06000,종교시설,11-20대,257
44,충남,44200,02000,공동주택,100대 이상,408417
29,광주,29170,14000,업무시설,21-50대,692
26,부산,26530,,,11-20대,17
46,전남,46900,02000,공동주택,11-20대,189
45,전북,45130,Z8000,교육연구및복지시설,10대 이하,5
41,경기,41630,Z8000,교육연구및복지시설,21-50대,40
11,서울,11470,07000,판매시설,10대 이하,9
26,부산,26290,18000,창고시설,21-50대,162
26,부산,26380,03000,제1종근린생활시설,100대 이상,621
41,경기,41450,10000,교육연구시설,100대 이상,108
48,경남,48270,07000,판매시설,10대 이하,12
26,부산,26290,20000,자동차관련시설,100대 이상,553
45,전북,45740,Z5000,문화및집회시설,21-50대,42
41,경기,41830,01000,단독주택,11-20대,1378
47,경북,47850,14000,업무시설,11-20대,120
43,충북,43113,16000,위락시설,10대 이하,29
46,전남,46710,04000,제2종근린생활시설,11-20대,466
41,경기,41290,10000,교육연구시설,21-50대,216
47,경북,47113,06000,종교시설,51-100대,303
30,대전,30110,05000,문화및집회시설,21-50대,28
47,경북,47280,03000,제1종근린생활시설,51-100대,89
44,충남,44790,11000,노유자시설,51-100대,54
46,전남,46910,21000,동물및식물관련시설,11-20대,13
44,충남,44150,09000,의료시설,21-50대,62
28,인천,28200,24000,방송통신시설,100대 이상,125
47,경북,47230,22000,분뇨.쓰레기처리시설,11-20대,92
11,서울,11215,10000,교육연구시설,100대 이상,11813
41,경기,41550,10000,교육연구시설,21-50대,1049
11,서울,11260,09000,의료시설,21-50대,163
26,부산,26380,09000,의료시설,21-50대,520
43,충북,43770,27000,관광휴게시설,100대 이상,1134
46,전남,46790,17000,공장,10대 이하,1028
31,울산,31710,07000,판매시설,100대 이상,745
41,경기,41117,17000,공장,51-100대,387
48,경남,48127,08000,운수시설,11-20대,19
11,서울,11290,04000,제2종근린생활시설,11-20대,924
27,대구,27290,03000,제1종근린생활시설,100대 이상,1164
28,인천,28185,14000,업무시설,51-100대,714
41,경기,41250,21000,동물및식물관련시설,11-20대,12
46,전남,46870,15000,숙박시설,10대 이하,78
11,서울,11650,31000,야영장시설,11-20대,51
48,경남,48123,21000,동물및식물관련시설,10대 이하,2
41,경기,41610,03000,제1종근린생활시설,11-20대,1221
41,경기,41210,05000,문화및집회시설,100대 이상,7337
47,경북,47170,Z8000,교육연구및복지시설,21-50대,93
45,전북,45111,26000,묘지관련시설,21-50대,135
41,경기,41150,03000,제1종근린생활시설,21-50대,1815
47,경북,47150,11000,노유자시설,21-50대,119
41,경기,41115,15000,숙박시설,51-100대,80
26,부산,26440,25000,발전시설,100대 이상,161
51,강원,51170,14000,업무시설,21-50대,353
46,전남,46910,31000,야영장시설,10대 이하,9
41,경기,41281,14000,업무시설,11-20대,58
44,충남,44180,11000,노유자시설,10대 이하,67
41,경기,41820,09000,의료시설,100대 이상,150
28,인천,28185,24000,방송통신시설,51-100대,60
46,전남,46910,03000,제1종근린생활시설,10대 이하,250
45,전북,45800,30000,자원순환관련시설,11-20대,20
48,경남,48310,30000,자원순환관련시설,100대 이상,171
46,전남,46820,21000,동물및식물관련시설,10대 이하,20
28,인천,28110,14000,업무시설,100대 이상,9806
36,세종,36110,04000,제2종근린생활시설,21-50대,1331
44,충남,44800,15000,숙박시설,10대 이하,174
41,경기,41830,19000,위험물저장및처리시설,21-50대,30
11,서울,11545,16000,위락시설,10대 이하,10
29,광주,29155,03000,제1종근린생활시설,11-20대,906
41,경기,41115,Z5000,문화및집회시설,11-20대,11
11,서울,11380,Z8000,교육연구및복지시설,100대 이상,268
50,제주,50110,12000,수련시설,10대 이하,48
48,경남,48270,22000,분뇨.쓰레기처리시설,10대 이하,11
43,충북,43111,13000,운동시설,11-20대,12
29,광주,29110,07000,판매시설,21-50대,122
51,강원,51210,20000,자동차관련시설,51-100대,71
30,대전,30140,20000,자동차관련시설,10대 이하,52
45,전북,45720,04000,제2종근린생활시설,11-20대,67
44,충남,44710,21000,동물및식물관련시설,10대 이하,8
48,경남,48240,17000,공장,100대 이상,42522
30,대전,30200,24000,방송통신시설,10대 이하,4
28,인천,28245,03000,제1종근린생활시설,100대 이상,706
47,경북,47230,23000,교정및군사시설,10대 이하,21
44,충남,44230,23000,교정및군사시설,51-100대,53
45,전북,45180,03000,제1종근린생활시설,100대 이상,844
43,충북,43760,26000,묘지관련시설,10대 이하,0
48,경남,48250,11101,유치원,10대 이하,0
11,서울,11230,20000,자동차관련시설,10대 이하,20
46,전남,46790,02000,공동주택,21-50대,230
45,전북,45180,30000,자원순환관련시설,10대 이하,46
48,경남,48250,10000,교육연구시설,51-100대,1556
11,서울,11590,10000,교육연구시설,21-50대,1115
28,인천,28260,23000,교정및군사시설,21-50대,25
47,경북,47230,03000,제1종근린생활시설,11-20대,320
28,인천,28245,,,51-100대,90
41,경기,41171,18000,창고시설,11-20대,54
48,경남,48740,23000,교정및군사시설,10대 이하,6
30,대전,30200,15000,숙박시설,21-50대,432
28,인천,28140,11000,노유자시설,10대 이하,65
43,충북,43730,15000,숙박시설,10대 이하,70
41,경기,41287,01000,단독주택,21-50대,114
47,경북,47900,17000,공장,10대 이하,170
46,전남,46840,05000,문화및집회시설,21-50대,272
11,서울,11260,04000,제2종근린생활시설,100대 이상,254
29,광주,29155,Z5000,문화및집회시설,10대 이하,21
26,부산,26380,10000,교육연구시설,21-50대,711
27,대구,27720,08000,운수시설,10대 이하,0
47,경북,47760,03000,제1종근린생활시설,21-50대,128
45,전북,45730,18000,창고시설,10대 이하,69
27,대구,27140,20000,자동차관련시설,21-50대,822
26,부산,26380,17000,공장,100대 이상,8886
41,경기,41570,06000,종교시설,11-20대,321
29,광주,29140,27000,관광휴게시설,10대 이하,0
51,강원,51170,07000,판매시설,100대 이상,680
28,인천,28200,05000,문화및집회시설,21-50대,94
51,강원,51170,17000,공장,100대 이상,14067
45,전북,45130,21000,동물및식물관련시설,11-20대,12
41,경기,41250,14000,업무시설,21-50대,176
51,강원,51170,Z8000,교육연구및복지시설,10대 이하,0
47,경북,47840,,,10대 이하,3
45,전북,45111,13000,운동시설,11-20대,154
48,경남,48880,13000,운동시설,100대 이상,2138
11,서울,11350,03000,제1종근린생활시설,100대 이상,843
26,부산,26470,04000,제2종근린생활시설,51-100대,83
48,경남,48740,27000,관광휴게시설,100대 이상,685
41,경기,41390,25000,발전시설,10대 이하,4
45,전북,45111,20000,자동차관련시설,100대 이상,2789
51,강원,51760,18000,창고시설,100대 이상,250
29,광주,29170,07000,판매시설,21-50대,213
11,서울,11620,19000,위험물저장및처리시설,10대 이하,30
41,경기,41150,20000,자동차관련시설,11-20대,164
11,서울,11305,11000,노유자시설,21-50대,88
48,경남,48240,18000,창고시설,11-20대,139
41,경기,41480,06000,종교시설,11-20대,349
41,경기,41480,30000,자원순환관련시설,10대 이하,311
11,서울,11320,Z6000,판매및영업시설,51-100대,62
48,경남,48880,,,11-20대,20
41,경기,41450,19000,위험물저장및처리시설,11-20대,49
41,경기,41285,Z8000,교육연구및복지시설,10대 이하,10
46,전남,46820,15000,숙박시설,21-50대,106
41,경기,41410,04000,제2종근린생활시설,51-100대,240
43,충북,43770,07000,판매시설,11-20대,41
44,충남,44150,JY,,10대 이하,0
41,경기,41273,19000,위험물저장및처리시설,100대 이상,334
28,인천,28200,Z6000,판매및영업시설,100대 이상,919
46,전남,46900,10000,교육연구시설,21-50대,86
26,부산,26410,14000,업무시설,51-100대,796
48,경남,48870,10000,교육연구시설,11-20대,81
47,경북,47170,15000,숙박시설,21-50대,124
45,전북,45750,18000,창고시설,10대 이하,68
41,경기,41360,Z8000,교육연구및복지시설,21-50대,164
47,경북,47290,11000,노유자시설,10대 이하,354
44,충남,44180,26000,묘지관련시설,21-50대,27
43,충북,43150,17000,공장,10대 이하,697
46,전남,46720,10000,교육연구시설,21-50대,346
29,광주,29200,02000,공동주택,11-20대,592
41,경기,41830,20000,자동차관련시설,21-50대,63
41,경기,41650,21000,동물및식물관련시설,10대 이하,294
48,경남,48730,11000,노유자시설,10대 이하,125
43,충북,43114,25000,발전시설,10대 이하,0
51,강원,51150,06000,종교시설,11-20대,133
11,서울,11230,05000,문화및집회시설,21-50대,129
51,강원,51780,10000,교육연구시설,21-50대,161
11,서울,11305,08000,운수시설,21-50대,168
41,경기,41820,Z8000,교육연구및복지시설,10대 이하,22
46,전남,46720,10000,교육연구시설,11-20대,27
41,경기,41290,03000,제1종근린생활시설,10대 이하,293
45,전북,45190,,,100대 이상,2917
41,경기,41190,27000,관광휴게시설,100대 이상,3254
47,경북,47900,21000,동물및식물관련시설,21-50대,50
30,대전,30200,11000,노유자시설,100대 이상,123
46,전남,46230,18000,창고시설,100대 이상,3792
48,경남,48220,Z9000,공공용시설,10대 이하,0
27,대구,27260,11000,노유자시설,11-20대,109
29,광주,29110,02000,공동주택,10대 이하,615
48,경남,48129,20000,자동차관련시설,11-20대,88
48,경남,48870,12000,수련시설,10대 이하,0
48,경남,48129,11000,노유자시설,21-50대,62
11,서울,11560,18000,창고시설,10대 이하,63
27,대구,27170,09000,의료시설,10대 이하,4
11,서울,11545,08000,운수시설,51-100대,60
48,경남,48123,08000,운수시설,100대 이상,110
43,충북,43114,27000,관광휴게시설,100대 이상,454
41,경기,41461,17000,공장,100대 이상,5112
41,경기,41800,12000,수련시설,100대 이상,3306
45,전북,45800,03000,제1종근린생활시설,21-50대,314
31,울산,31710,Z8000,교육연구및복지시설,21-50대,24
36,세종,36110,09000,의료시설,10대 이하,17
11,서울,11590,18000,창고시설,10대 이하,10
28,인천,28260,19000,위험물저장및처리시설,51-100대,171
43,충북,43114,30000,자원순환관련시설,11-20대,67
11,서울,11440,11000,노유자시설,11-20대,55
46,전남,46860,04000,제2종근린생활시설,51-100대,67
48,경남,48330,20000,자동차관련시설,51-100대,901
48,경남,48850,18000,창고시설,11-20대,30
44,충남,44180,Z8000,교육연구및복지시설,10대 이하,41
41,경기,41390,15000,숙박시설,10대 이하,287
28,인천,28185,27000,관광휴게시설,10대 이하,18
44,충남,44131,16000,위락시설,10대 이하,4
44,충남,44710,14000,업무시설,11-20대,61
46,전남,46880,11000,노유자시설,100대 이상,121
48,경남,48127,03000,제1종근린생활시설,100대 이상,258
48,경남,48220,Z5000,문화및집회시설,10대 이하,0
48,경남,48250,08000,운수시설,10대 이하,3
41,경기,41133,Z8000,교육연구및복지시설,100대 이상,216
48,경남,48250,16000,위락시설,100대 이상,102
48,경남,48850,05000,문화및집회시설,21-50대,125
47,경북,47760,10000,교육연구시설,21-50대,52
41,경기,41133,15000,숙박시설,10대 이하,216
46,전남,46830,09000,의료시설,10대 이하,4
26,부산,26500,11000,노유자시설,21-50대,21
11,서울,11650,08000,운수시설,10대 이하,0
51,강원,51790,07000,판매시설,10대 이하,12
47,경북,47210,10000,교육연구시설,11-20대,146
41,경기,41450,06000,종교시설,11-20대,279
41,경기,41480,Z3000,근린생활시설,10대 이하,26
48,경남,48129,08000,운수시설,21-50대,42
28,인천,28237,02000,공동주택,21-50대,4014
44,충남,44180,09000,의료시설,10대 이하,2
47,경북,47230,01000,단독주택,11-20대,1370
41,경기,41480,08000,운수시설,100대 이상,134
26,부산,26170,19000,위험물저장및처리시설,11-20대,15
27,대구,27710,11000,노유자시설,51-100대,61
36,세종,36110,26000,묘지관련시설,100대 이상,1146
30,대전,30200,27000,관광휴게시설,10대 이하,3
28,인천,28185,,,21-50대,135
44,충남,44200,08000,운수시설,10대 이하,0
48,경남,48840,02000,공동주택,10대 이하,203
28,인천,28185,11000,노유자시설,11-20대,208
11,서울,11170,14000,업무시설,100대 이상,8694
28,인천,28140,20000,자동차관련시설,11-20대,54
44,충남,44210,09000,의료시설,51-100대,130
46,전남,46800,Z8000,교육연구및복지시설,11-20대,14
51,강원,51130,24000,방송통신시설,51-100대,145
26,부산,26350,13000,운동시설,10대 이하,25
51,강원,51790,06000,종교시설,21-50대,45
28,인천,28237,Z6000,판매및영업시설,100대 이상,523
46,전남,46890,10000,교육연구시설,21-50대,140
44,충남,44180,23000,교정및군사시설,10대 이하,6
46,전남,46770,15000,숙박시설,10대 이하,130
28,인천,28140,10000,교육연구시설,10대 이하,19
28,인천,28720,03000,제1종근린생활시설,100대 이상,311
41,경기,41113,09000,의료시설,21-50대,168
47,경북,47940,06000,종교시설,10대 이하,23
43,충북,43745,29000,장례시설,51-100대,136
46,전남,46770,13000,운동시설,10대 이하,11
28,인천,28260,09000,의료시설,21-50대,383
45,전북,45710,13000,운동시설,51-100대,317
46,전남,46800,04000,제2종근린생활시설,21-50대,267
47,경북,47250,21000,동물및식물관련시설,10대 이하,26
51,강원,51110,15000,숙박시설,10대 이하,802
47,경북,47111,Z8000,교육연구및복지시설,21-50대,74
41,경기,41590,11000,노유자시설,11-20대,449
29,광주,29200,06000,종교시설,100대 이상,943
45,전북,45113,09000,의료시설,100대 이상,8009
48,경남,48129,13000,운동시설,10대 이하,13
46,전남,46720,30000,자원순환관련시설,10대 이하,4
50,제주,50110,31000,야영장시설,10대 이하,29
41,경기,41830,18000,창고시설,11-20대,112
48,경남,48880,Z8000,교육연구및복지시설,21-50대,47
11,서울,11590,03000,제1종근린생활시설,100대 이상,298
26,부산,26200,02000,공동주택,10대 이하,1428
47,경북,47113,17000,공장,51-100대,924
45,전북,45750,06000,종교시설,11-20대,29
43,충북,43112,11000,노유자시설,51-100대,58
51,강원,51810,11000,노유자시설,10대 이하,26
41,경기,41111,04000,제2종근린생활시설,51-100대,140
41,경기,41390,23000,교정및군사시설,100대 이상,836
48,경남,48170,17000,공장,100대 이상,4419
45,전북,45210,07000,판매시설,51-100대,73
11,서울,11470,Z3000,근린생활시설,11-20대,28
44,충남,44270,03001,소매점,10대 이하,1
47,경북,47190,15000,숙박시설,51-100대,67
48,경남,48220,Z3000,근린생활시설,10대 이하,2
48,경남,48330,15000,숙박시설,21-50대,351
11,서울,11200,01000,단독주택,10대 이하,3503
41,경기,41113,16000,위락시설,51-100대,123
47,경북,47170,02000,공동주택,10대 이하,582
41,경기,41135,,,10대 이하,12
43,충북,43111,11000,노유자시설,10대 이하,342
29,광주,29140,14000,업무시설,51-100대,1247
41,경기,41290,Z8000,교육연구및복지시설,10대 이하,9
41,경기,41190,Z3000,근린생활시설,21-50대,52
41,경기,41550,14000,업무시설,100대 이상,298
26,부산,26230,01000,단독주택,21-50대,38
27,대구,27260,03000,제1종근린생활시설,10대 이하,2699
41,경기,41171,14000,업무시설,21-50대,1450
41,경기,41465,05000,문화및집회시설,100대 이상,697
41,경기,41450,10000,교육연구시설,51-100대,2045
41,경기,41480,01000,단독주택,21-50대,271
46,전남,46900,27000,관광휴게시설,100대 이상,748
27,대구,27260,06000,종교시설,51-100대,135
28,인천,28245,17000,공장,10대 이하,687
41,경기,41570,10000,교육연구시설,10대 이하,247
41,경기,41190,13000,운동시설,100대 이상,3192
48,경남,48121,04000,제2종근린생활시설,100대 이상,1186
28,인천,28200,30000,자원순환관련시설,10대 이하,82
45,전북,45710,21000,동물및식물관련시설,10대 이하,30
46,전남,46880,06000,종교시설,10대 이하,101
41,경기,41360,18000,창고시설,11-20대,387
11,서울,11200,Z8000,교육연구및복지시설,100대 이상,3471
43,충북,43770,14000,업무시설,51-100대,324
48,경남,48840,22000,분뇨.쓰레기처리시설,11-20대,18
41,경기,41220,21000,동물및식물관련시설,21-50대,194
31,울산,31200,21000,동물및식물관련시설,10대 이하,11
41,경기,41210,,,100대 이상,5723
47,경북,47770,12000,수련시설,10대 이하,5
46,전남,46730,04000,제2종근린생활시설,21-50대,57
46,전남,46820,14000,업무시설,10대 이하,43
50,제주,50110,30000,자원순환관련시설,51-100대,125
48,경남,48720,04000,제2종근린생활시설,10대 이하,302
43,충북,43740,02000,공동주택,11-20대,226
26,부산,26440,Z5000,문화및집회시설,100대 이상,259
46,전남,46780,21000,동물및식물관련시설,10대 이하,15
27,대구,27200,02000,공동주택,21-50대,1140
43,충북,43720,03000,제1종근린생활시설,21-50대,363
11,서울,11290,,,11-20대,14
44,충남,44770,10000,교육연구시설,11-20대,23
28,인천,28260,24000,방송통신시설,10대 이하,6
47,경북,47210,17000,공장,100대 이상,11389
11,서울,11380,10000,교육연구시설,21-50대,553
47,경북,47900,15000,숙박시설,10대 이하,62
48,경남,48240,07000,판매시설,51-100대,96
43,충북,43800,10000,교육연구시설,11-20대,28
47,경북,47280,23000,교정및군사시설,51-100대,80
48,경남,48870,17000,공장,21-50대,403
27,대구,27720,24000,방송통신시설,10대 이하,0
51,강원,51810,17000,공장,21-50대,22
11,서울,11110,15000,숙박시설,51-100대,149
26,부산,26260,04000,제2종근린생활시설,21-50대,569
48,경남,48880,18000,창고시설,11-20대,27
31,울산,31710,20000,자동차관련시설,11-20대,136
36,세종,36110,18000,창고시설,11-20대,132
43,충북,43800,09000,의료시설,21-50대,29
29,광주,29200,27000,관광휴게시설,10대 이하,10
11,서울,11710,20000,자동차관련시설,51-100대,215
31,울산,31110,02000,공동주택,100대 이상,117329
26,부산,26110,Z6000,판매및영업시설,10대 이하,0
46,전남,46150,30000,자원순환관련시설,10대 이하,41
11,서울,11140,20000,자동차관련시설,11-20대,40
26,부산,26290,07000,판매시설,51-100대,56
47,경북,47250,,,10대 이하,63
47,경북,47170,05000,문화및집회시설,10대 이하,64
41,경기,41273,05000,문화및집회시설,10대 이하,42
51,강원,51760,19000,위험물저장및처리시설,11-20대,36
44,충남,44800,08000,운수시설,10대 이하,0
28,인천,28200,20000,자동차관련시설,51-100대,848
31,울산,31140,04000,제2종근린생활시설,51-100대,350
30,대전,30200,22000,분뇨.쓰레기처리시설,10대 이하,10
41,경기,41650,04000,제2종근린생활시설,21-50대,1197
48,경남,48330,13000,운동시설,51-100대,668
51,강원,51750,09000,의료시설,100대 이상,597
43,충북,43740,16000,위락시설,10대 이하,4
44,충남,44250,02000,공동주택,100대 이상,116249
41,경기,41670,01000,단독주택,100대 이상,201351
44,충남,44810,22000,분뇨.쓰레기처리시설,10대 이하,32
45,전북,45130,26000,묘지관련시설,10대 이하,17
41,경기,41390,13000,운동시설,100대 이상,5564
41,경기,41131,03000,제1종근린생활시설,100대 이상,327
11,서울,11545,,,51-100대,57
31,울산,31710,02000,공동주택,21-50대,1945
41,경기,41465,26000,묘지관련시설,10대 이하,0
51,강원,51230,10000,교육연구시설,10대 이하,89
44,충남,44270,05000,문화및집회시설,21-50대,173
48,경남,48121,06000,종교시설,21-50대,220
44,충남,44810,16000,위락시설,10대 이하,7
46,전남,46780,08000,운수시설,10대 이하,10
36,세종,36110,31000,야영장시설,10대 이하,0
46,전남,46870,05000,문화및집회시설,11-20대,25
26,부산,26290,02000,공동주택,10대 이하,7760
11,서울,11260,26000,묘지관련시설,21-50대,29
47,경북,47730,24000,방송통신시설,10대 이하,0
48,경남,48129,23000,교정및군사시설,11-20대,132
46,전남,46780,18000,창고시설,51-100대,79
27,대구,27170,Z8000,교육연구및복지시설,21-50대,85
27,대구,27710,04000,제2종근린생활시설,10대 이하,7205
43,충북,43720,05000,문화및집회시설,21-50대,49
27,대구,27200,24000,방송통신시설,10대 이하,6
30,대전,30230,02000,공동주택,11-20대,2451
46,전남,46840,04000,제2종근린생활시설,11-20대,203
41,경기,41271,17000,공장,11-20대,431
44,충남,44180,25000,발전시설,11-20대,19
41,경기,41500,20000,자동차관련시설,100대 이상,2017
48,경남,48129,07000,판매시설,51-100대,308
43,충북,43112,07000,판매시설,10대 이하,7
46,전남,46130,Z3000,근린생활시설,10대 이하,7
41,경기,41390,31000,야영장시설,10대 이하,12
51,강원,51720,03000,제1종근린생활시설,21-50대,124
43,충북,43150,17000,공장,51-100대,902
29,광주,29200,04000,제2종근린생활시설,51-100대,532
48,경남,48220,03000,제1종근린생활시설,100대 이상,594
41,경기,41271,14000,업무시설,11-20대,259
26,부산,26110,14000,업무시설,21-50대,1018
41,경기,41610,10000,교육연구시설,100대 이상,2931
45,전북,45190,13000,운동시설,21-50대,28
44,충남,44210,19000,위험물저장및처리시설,10대 이하,76
46,전남,46820,14000,업무시설,11-20대,55
29,광주,29110,16000,위락시설,10대 이하,35
45,전북,45190,17000,공장,11-20대,308
48,경남,48860,07000,판매시설,21-50대,162
51,강원,51130,02000,공동주택,100대 이상,259649
51,강원,51210,06000,종교시설,11-20대,105
47,경북,47830,18000,창고시설,10대 이하,269
45,전북,45113,05000,문화및집회시설,51-100대,131
50,제주,50110,03000,제1종근린생활시설,51-100대,910
47,경북,47190,,,21-50대,35
51,강원,51230,15000,숙박시설,51-100대,55
44,충남,44710,14100,공공업무시설,10대 이하,0
44,충남,44825,09000,의료시설,11-20대,16
41,경기,41480,09000,의료시설,11-20대,70
46,전남,46150,24000,방송통신시설,51-100대,92
11,서울,11320,09000,의료시설,10대 이하,15
28,인천,28720,23000,교정및군사시설,51-100대,54
45,전북,45750,17000,공장,51-100대,63
41,경기,41590,11000,노유자시설,10대 이하,700
44,충남,44230,11000,노유자시설,10대 이하,218
31,울산,31710,08000,운수시설,11-20대,40
31,울산,31200,18000,창고시설,51-100대,142
44,충남,44131,25000,발전시설,21-50대,30
46,전남,46880,22000,분뇨.쓰레기처리시설,10대 이하,17
51,강원,51830,31000,야영장시설,21-50대,45
11,서울,11590,20000,자동차관련시설,11-20대,14
28,인천,28140,04000,제2종근린생활시설,21-50대,100
41,경기,41461,01000,단독주택,21-50대,1717
43,충북,43800,03000,제1종근린생활시설,51-100대,95
36,세종,36110,21000,동물및식물관련시설,10대 이하,42
11,서울,11320,18000,창고시설,10대 이하,57
48,경남,48860,04000,제2종근린생활시설,10대 이하,626
47,경북,47290,06000,종교시설,11-20대,338
41,경기,41430,,,51-100대,190
26,부산,26290,27000,관광휴게시설,10대 이하,2
43,충북,43150,02000,공동주택,10대 이하,501
47,경북,47210,01000,단독주택,11-20대,3634
44,충남,44180,06000,종교시설,10대 이하,149
45,전북,45190,06000,종교시설,21-50대,243
41,경기,41630,24000,방송통신시설,21-50대,93
31,울산,31710,25000,발전시설,10대 이하,29
46,전남,46870,05000,문화및집회시설,10대 이하,18
48,경남,48240,10000,교육연구시설,10대 이하,154
44,충남,44810,04000,제2종근린생활시설,10대 이하,1460
44,충남,44800,22000,분뇨.쓰레기처리시설,10대 이하,39
44,충남,44770,03000,제1종근린생활시설,11-20대,207
28,인천,28710,19000,위험물저장및처리시설,11-20대,35
41,경기,41430,15000,숙박시설,51-100대,56
43,충북,43745,23000,교정및군사시설,10대 이하,30
26,부산,26170,10000,교육연구시설,21-50대,226
26,부산,26410,,,100대 이상,2971
51,강원,51210,05000,문화및집회시설,21-50대,119
11,서울,11110,18000,창고시설,10대 이하,51
46,전남,46230,15000,숙박시설,11-20대,268
48,경남,48129,Z6000,판매및영업시설,100대 이상,655
48,경남,48240,13000,운동시설,51-100대,392
48,경남,48840,15000,숙박시설,11-20대,93
48,경남,48129,18000,창고시설,11-20대,177
41,경기,41590,20000,자동차관련시설,10대 이하,741
48,경남,48720,11000,노유자시설,100대 이상,2014
47,경북,47820,10000,교육연구시설,11-20대,69
30,대전,30140,19000,위험물저장및처리시설,100대 이상,291
43,충북,43760,13000,운동시설,51-100대,231
46,전남,46770,13000,운동시설,11-20대,46
27,대구,27290,,,11-20대,32
26,부산,26530,22000,분뇨.쓰레기처리시설,10대 이하,40
46,전남,46880,09000,의료시설,10대 이하,0
11,서울,11215,09000,의료시설,10대 이하,26
41,경기,41115,15000,숙박시설,11-20대,1057
29,광주,29200,01000,단독주택,10대 이하,23804
45,전북,45180,07000,판매시설,11-20대,25
26,부산,26410,05000,문화및집회시설,21-50대,111
43,충북,43150,04000,제2종근린생활시설,11-20대,275
48,경남,48127,17000,공장,11-20대,331
11,서울,11200,04000,제2종근린생활시설,10대 이하,3513
50,제주,50110,16000,위락시설,11-20대,150
41,경기,41273,07000,판매시설,10대 이하,0
41,경기,41820,12000,수련시설,11-20대,69
44,충남,44770,,,10대 이하,10
44,충남,44250,02000,공동주택,10대 이하,64
26,부산,26170,15000,숙박시설,51-100대,66
41,경기,41111,24000,방송통신시설,51-100대,96
11,서울,11650,04000,제2종근린생활시설,51-100대,389
27,대구,27290,02000,공동주택,51-100대,1520
41,경기,41800,18000,창고시설,11-20대,32
50,제주,50130,01000,단독주택,100대 이상,4059
43,충북,43745,06000,종교시설,10대 이하,126
51,강원,51750,02000,공동주택,10대 이하,283
45,전북,45800,31000,야영장시설,10대 이하,7
45,전북,45140,03000,제1종근린생활시설,10대 이하,3042
41,경기,41310,,,10대 이하,5
46,전남,46720,04000,제2종근린생활시설,10대 이하,373
47,경북,47250,13000,운동시설,11-20대,20
11,서울,11530,Z6000,판매및영업시설,51-100대,93
43,충북,43745,13000,운동시설,21-50대,81
44,충남,44230,Z5000,문화및집회시설,10대 이하,0
46,전남,46720,09000,의료시설,11-20대,17
47,경북,47170,27000,관광휴게시설,51-100대,75
47,경북,47210,15000,숙박시설,11-20대,135
48,경남,48250,16000,위락시설,11-20대,28
11,서울,11590,09000,의료시설,10대 이하,6
51,강원,51750,05000,문화및집회시설,11-20대,95
29,광주,29170,19000,위험물저장및처리시설,11-20대,39
41,경기,41370,02000,공동주택,21-50대,1435
41,경기,41465,13000,운동시설,10대 이하,20
47,경북,47750,14000,업무시설,100대 이상,797
47,경북,47210,08000,운수시설,21-50대,30
46,전남,46150,17000,공장,51-100대,1653
48,경남,48310,07000,판매시설,21-50대,279
48,경남,48870,15000,숙박시설,11-20대,41
47,경북,47840,04000,제2종근린생활시설,11-20대,88
48,경남,48125,08000,운수시설,100대 이상,5041
46,전남,46800,13000,운동시설,21-50대,106
51,강원,51720,26000,묘지관련시설,10대 이하,0
28,인천,28110,02000,공동주택,21-50대,348
43,충북,43112,,,100대 이상,5799
11,서울,11440,06000,종교시설,10대 이하,249
46,전남,46770,03000,제1종근린생활시설,11-20대,123
27,대구,27140,13000,운동시설,100대 이상,2733
43,충북,43770,06000,종교시설,51-100대,60
51,강원,51170,01000,단독주택,10대 이하,3637
26,부산,26200,09000,의료시설,51-100대,187
43,충북,43150,11000,노유자시설,21-50대,37
47,경북,47730,26000,묘지관련시설,51-100대,89
27,대구,27290,16000,위락시설,10대 이하,80
44,충남,44770,14000,업무시설,11-20대,102
51,강원,51760,09000,의료시설,21-50대,75
47,경북,47730,20000,자동차관련시설,10대 이하,24
47,경북,47111,17000,공장,10대 이하,1293
29,광주,29110,08000,운수시설,100대 이상,233
48,경남,48121,11000,노유자시설,51-100대,185
44,충남,44230,26000,묘지관련시설,21-50대,46
41,경기,41500,05000,문화및집회시설,11-20대,88
46,전남,46150,32000,교정시설,10대 이하,2
11,서울,11200,04000,제2종근린생활시설,21-50대,432
47,경북,47830,21000,동물및식물관련시설,10대 이하,22
43,충북,43112,19000,위험물저장및처리시설,10대 이하,115
44,충남,44210,Z3000,근린생활시설,10대 이하,31
11,서울,11350,06000,종교시설,10대 이하,256
48,경남,48129,09000,의료시설,100대 이상,111
46,전남,46900,17000,공장,51-100대,116
47,경북,47210,20000,자동차관련시설,10대 이하,37
41,경기,41173,23000,교정및군사시설,100대 이상,2531
45,전북,45111,15000,숙박시설,21-50대,220
41,경기,41290,19000,위험물저장및처리시설,11-20대,11
26,부산,26320,15000,숙박시설,21-50대,415
41,경기,41220,09000,의료시설,10대 이하,16
44,충남,44800,06000,종교시설,100대 이상,103
11,서울,11710,01000,단독주택,11-20대,164
41,경기,41117,12000,수련시설,10대 이하,7
51,강원,51190,25000,발전시설,11-20대,11
41,경기,41670,04000,제2종근린생활시설,100대 이상,1180
41,경기,41630,03000,제1종근린생활시설,10대 이하,4113
44,충남,44270,08000,운수시설,10대 이하,8
46,전남,46780,11000,노유자시설,51-100대,90
45,전북,45770,01000,단독주택,11-20대,76
27,대구,27230,Z8000,교육연구및복지시설,51-100대,63
41,경기,41670,04000,제2종근린생활시설,11-20대,526
26,부산,26500,14000,업무시설,11-20대,823
47,경북,47840,18000,창고시설,100대 이상,122
41,경기,41550,07000,판매시설,11-20대,105
43,충북,43111,16000,위락시설,10대 이하,48
45,전북,45111,29000,장례시설,21-50대,45
47,경북,47290,07000,판매시설,10대 이하,14
11,서울,11680,08000,운수시설,10대 이하,0
27,대구,27230,15000,숙박시설,10대 이하,141
41,경기,41590,01000,단독주택,10대 이하,46729
41,경기,41650,10000,교육연구시설,10대 이하,119
48,경남,48220,16000,위락시설,21-50대,35
48,경남,48820,07000,판매시설,10대 이하,12
11,서울,11170,11000,노유자시설,10대 이하,92
43,충북,43113,Z8000,교육연구및복지시설,100대 이상,1296
48,경남,48270,11000,노유자시설,21-50대,106
27,대구,27230,12000,수련시설,11-20대,16
41,경기,41650,02000,공동주택,51-100대,1627
45,전북,45180,02000,공동주택,100대 이상,39331
51,강원,51760,18000,창고시설,10대 이하,372
41,경기,41220,17000,공장,51-100대,8125
26,부산,26410,20000,자동차관련시설,11-20대,93
27,대구,27290,09000,의료시설,21-50대,658
41,경기,41830,30000,자원순환관련시설,10대 이하,13
41,경기,41820,20000,자동차관련시설,10대 이하,41
26,부산,26320,19000,위험물저장및처리시설,51-100대,100
51,강원,51820,33000,"국방,군사시설",21-50대,47
30,대전,30140,05000,문화및집회시설,10대 이하,19
46,전남,46170,23000,교정및군사시설,10대 이하,0
44,충남,44210,Z8000,교육연구및복지시설,21-50대,38
46,전남,46150,04000,제2종근린생활시설,51-100대,154
50,제주,50110,04201,교회,10대 이하,0
47,경북,47820,02000,공동주택,11-20대,466
28,인천,28177,16000,위락시설,10대 이하,14
48,경남,48740,11000,노유자시설,11-20대,49
30,대전,30230,13000,운동시설,51-100대,248
47,경북,47280,10000,교육연구시설,11-20대,29
48,경남,48127,13000,운동시설,10대 이하,15
26,부산,26530,18000,창고시설,51-100대,85
46,전남,46130,09000,의료시설,10대 이하,45
29,광주,29170,12000,수련시설,11-20대,20
26,부산,26260,03000,제1종근린생활시설,21-50대,1247
41,경기,41117,10000,교육연구시설,21-50대,1448
28,인천,28720,06000,종교시설,10대 이하,70
51,강원,51730,15000,숙박시설,100대 이상,3125
41,경기,41610,05000,문화및집회시설,100대 이상,3794
41,경기,41461,31000,야영장시설,10대 이하,48
31,울산,31110,13000,운동시설,100대 이상,552
46,전남,46780,29000,장례시설,10대 이하,10
48,경남,48121,02000,공동주택,100대 이상,48537
48,경남,48890,01000,단독주택,11-20대,305
47,경북,47730,Z8000,교육연구및복지시설,11-20대,32
48,경남,48820,06000,종교시설,11-20대,16
41,경기,41273,21000,동물및식물관련시설,10대 이하,18
43,충북,43113,01000,단독주택,10대 이하,24862
47,경북,47820,14000,업무시설,51-100대,99
41,경기,41113,09000,의료시설,51-100대,166
44,충남,44250,30000,자원순환관련시설,10대 이하,1
41,경기,41285,02000,공동주택,100대 이상,399737
41,경기,41370,01000,단독주택,10대 이하,9826
47,경북,47230,17000,공장,21-50대,4600
47,경북,47850,01000,단독주택,21-50대,86
41,경기,41450,30000,자원순환관련시설,10대 이하,3
45,전북,45113,21000,동물및식물관련시설,21-50대,27
47,경북,47770,14000,업무시설,21-50대,317
46,전남,46860,10000,교육연구시설,21-50대,188
11,서울,11545,08000,운수시설,11-20대,20
48,경남,48240,03000,제1종근린생활시설,10대 이하,1514
41,경기,41113,17000,공장,100대 이상,2984
46,전남,46170,09000,의료시설,21-50대,406
50,제주,50130,Z5000,문화및집회시설,10대 이하,6
51,강원,51800,24000,방송통신시설,10대 이하,0
28,인천,28710,24000,방송통신시설,10대 이하,0
41,경기,41190,11000,노유자시설,21-50대,314
44,충남,44770,05000,문화및집회시설,51-100대,167
46,전남,46910,04000,제2종근린생활시설,100대 이상,432
41,경기,41500,12000,수련시설,21-50대,32
41,경기,41220,31000,야영장시설,10대 이하,0
43,충북,43740,02000,공동주택,10대 이하,404
41,경기,41820,Z3000,근린생활시설,10대 이하,13
26,부산,26290,04000,제2종근린생활시설,51-100대,248
45,전북,45710,27000,관광휴게시설,100대 이상,4375
28,인천,28200,20000,자동차관련시설,21-50대,697
41,경기,41500,21000,동물및식물관련시설,51-100대,90
11,서울,11140,12000,수련시설,21-50대,22
28,인천,28200,22000,분뇨.쓰레기처리시설,11-20대,12
48,경남,48270,13000,운동시설,10대 이하,30
27,대구,27110,20000,자동차관련시설,11-20대,18
11,서울,11200,30000,자원순환관련시설,10대 이하,0
44,충남,44810,23000,교정및군사시설,10대 이하,0
47,경북,47210,06000,종교시설,10대 이하,97
45,전북,45140,Z3000,근린생활시설,10대 이하,6
41,경기,41500,14000,업무시설,10대 이하,60
26,부산,26230,07000,판매시설,51-100대,241
44,충남,44710,03000,제1종근린생활시설,10대 이하,602
46,전남,46800,07000,판매시설,21-50대,77
30,대전,30170,20000,자동차관련시설,11-20대,106
26,부산,26380,Z5000,문화및집회시설,10대 이하,12
46,전남,46780,03000,제1종근린생활시설,11-20대,336
11,서울,11170,Z6000,판매및영업시설,100대 이상,303
30,대전,30110,10000,교육연구시설,51-100대,863
44,충남,44180,02000,공동주택,11-20대,494
48,경남,48170,14000,업무시설,51-100대,1545
43,충북,43113,04000,제2종근린생활시설,10대 이하,6782
46,전남,46710,03000,제1종근린생활시설,21-50대,532
11,서울,11350,19000,위험물저장및처리시설,21-50대,50
47,경북,47770,Z8000,교육연구및복지시설,10대 이하,0
27,대구,27290,15000,숙박시설,10대 이하,296
44,충남,44270,27000,관광휴게시설,21-50대,21
45,전북,45140,05000,문화및집회시설,11-20대,118
48,경남,48123,Z8000,교육연구및복지시설,21-50대,140
44,충남,44150,11000,노유자시설,51-100대,338
44,충남,44710,16000,위락시설,10대 이하,8
51,강원,51780,13000,운동시설,10대 이하,60
51,강원,51110,04000,제2종근린생활시설,11-20대,896
26,부산,26200,19000,위험물저장및처리시설,21-50대,26
44,충남,44200,,,10대 이하,8
26,부산,26410,04000,제2종근린생활시설,11-20대,514
51,강원,51130,,,10대 이하,212
31,울산,31200,04000,제2종근린생활시설,10대 이하,4032
26,부산,26500,07000,판매시설,11-20대,26
48,경남,48220,27000,관광휴게시설,10대 이하,6
29,광주,29200,10000,교육연구시설,51-100대,2164
51,강원,51730,,,10대 이하,6
41,경기,41670,22000,분뇨.쓰레기처리시설,10대 이하,21
47,경북,47170,06000,종교시설,11-20대,60
41,경기,41500,29000,장례시설,11-20대,13
51,강원,51170,02000,공동주택,51-100대,548
47,경북,47850,27000,관광휴게시설,100대 이상,648
45,전북,45770,13000,운동시설,100대 이상,819
51,강원,51750,13000,운동시설,10대 이하,20
11,서울,11320,23000,교정및군사시설,11-20대,11
31,울산,31710,11000,노유자시설,11-20대,168
46,전남,46730,02000,공동주택,10대 이하,52
11,서울,11470,14000,업무시설,11-20대,433
41,경기,41273,14000,업무시설,10대 이하,543
45,전북,45130,33000,"국방,군사시설",10대 이하,0
44,충남,44250,03000,제1종근린생활시설,10대 이하,282
46,전남,46170,14000,업무시설,11-20대,112
46,전남,46720,05000,문화및집회시설,21-50대,69
48,경남,48127,14000,업무시설,11-20대,181
26,부산,26320,06000,종교시설,10대 이하,90
48,경남,48125,18000,창고시설,11-20대,41
46,전남,46880,Z9000,공공용시설,10대 이하,3
45,전북,45790,23000,교정및군사시설,10대 이하,0
43,충북,43114,09000,의료시설,21-50대,237
46,전남,46150,12000,수련시설,10대 이하,7
26,부산,26140,03000,제1종근린생활시설,10대 이하,372
41,경기,41220,22000,분뇨.쓰레기처리시설,11-20대,176
41,경기,41390,06000,종교시설,51-100대,381
11,서울,11305,31000,야영장시설,10대 이하,1
51,강원,51760,13000,운동시설,10대 이하,87
41,경기,41630,05000,문화및집회시설,11-20대,73
28,인천,28720,12000,수련시설,10대 이하,15
41,경기,41173,17000,공장,11-20대,616
30,대전,30200,25000,발전시설,10대 이하,0
51,강원,51730,04000,제2종근린생활시설,21-50대,127
30,대전,30110,02000,공동주택,21-50대,941
41,경기,41250,,,11-20대,14
46,전남,46800,03000,제1종근린생활시설,21-50대,254
26,부산,26320,24000,방송통신시설,10대 이하,4
48,경남,48820,30000,자원순환관련시설,10대 이하,11
45,전북,45740,13000,운동시설,10대 이하,9
11,서울,11500,17000,공장,100대 이상,5234
29,광주,29155,02000,공동주택,21-50대,787
41,경기,41650,18000,창고시설,51-100대,172
11,서울,11560,04000,제2종근린생활시설,100대 이상,623
46,전남,46830,05000,문화및집회시설,21-50대,197
29,광주,29140,15000,숙박시설,100대 이상,454
44,충남,44210,18000,창고시설,51-100대,57
27,대구,27290,06000,종교시설,51-100대,130
41,경기,41287,16000,위락시설,10대 이하,0
51,강원,51760,14000,업무시설,10대 이하,41
41,경기,41370,06000,종교시설,11-20대,123
46,전남,46820,04000,제2종근린생활시설,11-20대,231
41,경기,41570,30000,자원순환관련시설,11-20대,142
41,경기,41390,08000,운수시설,11-20대,34
41,경기,41281,20000,자동차관련시설,100대 이상,3634
45,전북,45740,12000,수련시설,21-50대,78
44,충남,44270,30000,자원순환관련시설,51-100대,119
41,경기,41550,Z3000,근린생활시설,10대 이하,3
11,서울,11215,02000,공동주택,100대 이상,83555
29,광주,29170,22000,분뇨.쓰레기처리시설,10대 이하,10
46,전남,46170,15000,숙박시설,51-100대,142
47,경북,47900,26000,묘지관련시설,10대 이하,0
28,인천,28237,13000,운동시설,100대 이상,461
48,경남,48840,05000,문화및집회시설,100대 이상,7417
44,충남,44760,14000,업무시설,11-20대,77
45,전북,45180,13000,운동시설,21-50대,198
43,충북,43730,19000,위험물저장및처리시설,10대 이하,41
44,충남,44800,01000,단독주택,21-50대,49
30,대전,30170,30000,자원순환관련시설,10대 이하,8
41,경기,41550,01000,단독주택,10대 이하,11580
27,대구,27720,17000,공장,100대 이상,573
48,경남,48129,22000,분뇨.쓰레기처리시설,10대 이하,1
46,전남,46230,05000,문화및집회시설,51-100대,232
43,충북,43112,02000,공동주택,51-100대,942
41,경기,41830,Z8000,교육연구및복지시설,10대 이하,11
26,부산,26530,04000,제2종근린생활시설,11-20대,603
27,대구,27260,20000,자동차관련시설,51-100대,494
11,서울,11530,,,10대 이하,9
11,서울,11140,09000,의료시설,11-20대,16
11,서울,11590,Z8000,교육연구및복지시설,10대 이하,11
47,경북,47290,06000,종교시설,10대 이하,340
46,전남,46730,15000,숙박시설,10대 이하,142
45,전북,45130,20000,자동차관련시설,21-50대,149
46,전남,46130,17000,공장,11-20대,1004
47,경북,47830,11000,노유자시설,10대 이하,84
29,광주,29155,Z8000,교육연구및복지시설,100대 이상,155
41,경기,41290,22000,분뇨.쓰레기처리시설,100대 이상,184
28,인천,28245,17000,공장,100대 이상,1479
11,서울,11140,15000,숙박시설,21-50대,559
41,경기,41360,06000,종교시설,10대 이하,394
28,인천,28710,14000,업무시설,100대 이상,704
26,부산,26710,02000,공동주택,100대 이상,68525
51,강원,51770,06000,종교시설,10대 이하,67
45,전북,45190,23000,교정및군사시설,10대 이하,5
11,서울,11680,07000,판매시설,51-100대,311
51,강원,51820,18000,창고시설,10대 이하,288
30,대전,30230,01000,단독주택,10대 이하,8043
51,강원,51760,19000,위험물저장및처리시설,10대 이하,39
27,대구,27720,15000,숙박시설,100대 이상,150
41,경기,41370,27000,관광휴게시설,100대 이상,2042
41,경기,41570,26000,묘지관련시설,10대 이하,21
46,전남,46870,27000,관광휴게시설,11-20대,19
44,충남,44210,,,11-20대,43
41,경기,41500,01000,단독주택,100대 이상,1936
47,경북,47111,17000,공장,11-20대,1166
36,세종,36110,02000,공동주택,100대 이상,207635
48,경남,48127,18000,창고시설,10대 이하,115
45,전북,45210,02000,공동주택,51-100대,1272
46,전남,46110,17000,공장,11-20대,520
48,경남,48129,19000,위험물저장및처리시설,21-50대,84
46,전남,46890,,,100대 이상,656
48,경남,48840,30000,자원순환관련시설,51-100대,86
46,전남,46800,27000,관광휴게시설,10대 이하,7
41,경기,41670,20000,자동차관련시설,21-50대,32
27,대구,27170,24000,방송통신시설,10대 이하,0
41,경기,41285,09000,의료시설,100대 이상,4217
43,충북,43114,01000,단독주택,21-50대,104
51,강원,51760,,,10대 이하,64
46,전남,46800,17000,공장,21-50대,450
46,전남,46110,04000,제2종근린생활시설,11-20대,504
43,충북,43800,15000,숙박시설,21-50대,36
45,전북,45113,24000,방송통신시설,10대 이하,0
48,경남,48121,14000,업무시설,11-20대,232
41,경기,41117,26000,묘지관련시설,10대 이하,0
11,서울,11440,07000,판매시설,51-100대,88
46,전남,46820,10000,교육연구시설,51-100대,289
27,대구,27720,10000,교육연구시설,21-50대,171
51,강원,51770,14000,업무시설,100대 이상,1308
11,서울,11500,04000,제2종근린생활시설,11-20대,1396
51,강원,51130,02000,공동주택,11-20대,353
11,서울,11290,15000,숙박시설,51-100대,57
30,대전,30200,Z3000,근린생활시설,11-20대,20
31,울산,31710,08000,운수시설,100대 이상,820
43,충북,43150,06109,납골당(제2종근생 제외),10대 이하,0
36,세종,36110,01000,단독주택,10대 이하,9244
41,경기,41390,17000,공장,11-20대,7100
45,전북,45113,22000,분뇨.쓰레기처리시설,11-20대,32
41,경기,41287,10000,교육연구시설,21-50대,950
48,경남,48170,21000,동물및식물관련시설,100대 이상,111
46,전남,46110,15000,숙박시설,11-20대,478
48,경남,48720,02000,공동주택,51-100대,115
43,충북,43720,20000,자동차관련시설,21-50대,74
45,전북,45111,09000,의료시설,11-20대,152
43,충북,43740,05000,문화및집회시설,21-50대,35
46,전남,46810,27000,관광휴게시설,11-20대,17
44,충남,44130,21000,동물및식물관련시설,10대 이하,0
45,전북,45190,29000,장례시설,10대 이하,9
43,충북,43150,,,10대 이하,7
28,인천,28720,15000,숙박시설,21-50대,270
46,전남,46710,01000,단독주택,11-20대,157
41,경기,41117,21000,동물및식물관련시설,10대 이하,0
11,서울,11350,05000,문화및집회시설,51-100대,61
41,경기,41285,08000,운수시설,51-100대,52
36,세종,36110,17000,공장,11-20대,1300
41,경기,41480,23000,교정및군사시설,11-20대,14
45,전북,45111,19000,위험물저장및처리시설,21-50대,40
11,서울,11545,10000,교육연구시설,11-20대,188
51,강원,51770,,,100대 이상,2694
48,경남,48820,Z8000,교육연구및복지시설,10대 이하,4
47,경북,47170,21000,동물및식물관련시설,100대 이상,5021
11,서울,11470,Z3000,근린생활시설,10대 이하,5
41,경기,41461,10000,교육연구시설,11-20대,399
47,경북,47130,07000,판매시설,51-100대,206
47,경북,47250,Z3000,근린생활시설,21-50대,24
36,세종,36110,Z8000,교육연구및복지시설,51-100대,96
26,부산,26350,08000,운수시설,100대 이상,565
51,강원,51750,Z9000,공공용시설,11-20대,15
51,강원,51800,Z8000,교육연구및복지시설,10대 이하,2
46,전남,46910,15000,숙박시설,10대 이하,193
43,충북,43111,05000,문화및집회시설,21-50대,89
26,부산,26350,13000,운동시설,51-100대,57
51,강원,51810,22000,분뇨.쓰레기처리시설,10대 이하,34
41,경기,41250,04000,제2종근린생활시설,10대 이하,1509
44,충남,44810,07000,판매시설,21-50대,66
48,경남,48240,06000,종교시설,51-100대,64
41,경기,41290,14000,업무시설,51-100대,80
51,강원,51750,03000,제1종근린생활시설,100대 이상,253
41,경기,41500,08000,운수시설,10대 이하,0
46,전남,46150,07000,판매시설,11-20대,34
47,경북,47210,04000,제2종근린생활시설,10대 이하,1774
31,울산,31110,01000,단독주택,10대 이하,12863
47,경북,47130,10000,교육연구시설,11-20대,250
29,광주,29140,20000,자동차관련시설,10대 이하,165
29,광주,29200,09000,의료시설,21-50대,681
48,경남,48850,30000,자원순환관련시설,10대 이하,0
26,부산,26320,,,100대 이상,351
41,경기,41650,26000,묘지관련시설,11-20대,20
43,충북,43130,16000,위락시설,11-20대,19
41,경기,41410,Z8000,교육연구및복지시설,21-50대,45
41,경기,41500,03000,제1종근린생활시설,21-50대,1107
43,충북,43150,30000,자원순환관련시설,10대 이하,49
11,서울,11680,30000,자원순환관련시설,100대 이상,556
43,충북,43740,13000,운동시설,51-100대,56
41,경기,41281,Z3000,근린생활시설,11-20대,37
46,전남,46780,20000,자동차관련시설,21-50대,240
46,전남,46870,24000,방송통신시설,10대 이하,0
47,경북,47280,05000,문화및집회시설,21-50대,124
26,부산,26260,23000,교정및군사시설,100대 이상,3264
47,경북,47111,15000,숙박시설,11-20대,506
47,경북,47280,04201,교회,10대 이하,0
26,부산,26380,29000,장례시설,21-50대,41
26,부산,26440,Z8000,교육연구및복지시설,10대 이하,50
45,전북,45140,02000,공동주택,100대 이상,134299
44,충남,44250,05000,문화및집회시설,100대 이상,280
11,서울,11590,01000,단독주택,21-50대,36
47,경북,47111,26000,묘지관련시설,10대 이하,1
48,경남,48720,14000,업무시설,21-50대,72
48,경남,48740,03000,제1종근린생활시설,100대 이상,300
48,경남,48250,11000,노유자시설,21-50대,363
26,부산,26530,03000,제1종근린생활시설,11-20대,320
43,충북,43150,18000,창고시설,11-20대,88
27,대구,27140,03000,제1종근린생활시설,100대 이상,805
43,충북,43750,10000,교육연구시설,11-20대,75
11,서울,11290,04000,제2종근린생활시설,21-50대,504
44,충남,44790,25000,발전시설,10대 이하,0
48,경남,48890,13000,운동시설,51-100대,69
28,인천,28260,24000,방송통신시설,21-50대,49
26,부산,26350,20000,자동차관련시설,11-20대,65
48,경남,48820,03000,제1종근린생활시설,11-20대,297
41,경기,41171,19000,위험물저장및처리시설,10대 이하,30
41,경기,41115,,,21-50대,28
36,세종,36110,08000,운수시설,21-50대,29
51,강원,51780,15000,숙박시설,10대 이하,139
41,경기,41830,30000,자원순환관련시설,11-20대,31
43,충북,43730,21000,동물및식물관련시설,51-100대,66
44,충남,44131,01000,단독주택,100대 이상,200059
48,경남,48121,19000,위험물저장및처리시설,10대 이하,113
43,충북,43111,20000,자동차관련시설,10대 이하,43
51,강원,51830,11000,노유자시설,21-50대,47
41,경기,41410,17000,공장,10대 이하,1538
11,서울,11215,19000,위험물저장및처리시설,10대 이하,45
26,부산,26230,14000,업무시설,51-100대,3795
27,대구,27720,07000,판매시설,100대 이상,11268
41,경기,41210,16000,위락시설,10대 이하,0
43,충북,43114,04000,제2종근린생활시설,10대 이하,7185
45,전북,45140,Z5000,문화및집회시설,11-20대,11
46,전남,46130,04016,단란주점,10대 이하,0
43,충북,43770,04000,제2종근린생활시설,21-50대,437
46,전남,46860,14000,업무시설,11-20대,30
47,경북,47280,03000,제1종근린생활시설,100대 이상,316
48,경남,48129,16000,위락시설,11-20대,50
51,강원,51110,09000,의료시설,100대 이상,2778
30,대전,30230,02000,공동주택,51-100대,829
41,경기,41171,03000,제1종근린생활시설,100대 이상,968
45,전북,45740,,,10대 이하,8
11,서울,11230,15000,숙박시설,10대 이하,73
11,서울,11350,01000,단독주택,11-20대,28
41,경기,41220,08000,운수시설,11-20대,17
43,충북,43750,03000,제1종근린생활시설,100대 이상,108
45,전북,45740,04000,제2종근린생활시설,21-50대,90
27,대구,27230,04000,제2종근린생활시설,11-20대,1331
41,경기,41670,13000,운동시설,21-50대,244
48,경남,48870,14000,업무시설,10대 이하,27
11,서울,11680,01000,단독주택,21-50대,55
28,인천,28185,17000,공장,11-20대,128
48,경남,48125,Z8000,교육연구및복지시설,51-100대,55
43,충북,43111,26000,묘지관련시설,10대 이하,5
48,경남,48170,08000,운수시설,100대 이상,151
45,전북,45113,14000,업무시설,10대 이하,139
46,전남,46720,15000,숙박시설,10대 이하,137
41,경기,41500,08000,운수시설,21-50대,29
48,경남,48270,15000,숙박시설,11-20대,253
11,서울,11440,25000,발전시설,100대 이상,2897
41,경기,41190,16000,위락시설,11-20대,28
46,전남,46880,26000,묘지관련시설,100대 이상,140
47,경북,47940,16000,위락시설,10대 이하,18
11,서울,11500,30000,자원순환관련시설,10대 이하,15
41,경기,41271,07000,판매시설,10대 이하,0
48,경남,48860,15000,숙박시설,11-20대,66
31,울산,31140,Z8000,교육연구및복지시설,10대 이하,2
26,부산,26170,Z3000,근린생활시설,10대 이하,5
41,경기,41220,18000,창고시설,11-20대,966
48,경남,48730,21000,동물및식물관련시설,10대 이하,38
44,충남,44760,27000,관광휴게시설,10대 이하,1
26,부산,26290,03000,제1종근린생활시설,11-20대,410
41,경기,41250,03000,제1종근린생활시설,11-20대,203
48,경남,48125,14000,업무시설,10대 이하,63
41,경기,41287,10000,교육연구시설,11-20대,188
46,전남,46880,02000,공동주택,51-100대,223
47,경북,47250,30000,자원순환관련시설,11-20대,20
26,부산,26500,07000,판매시설,21-50대,102
51,강원,51810,13000,운동시설,11-20대,11
47,경북,47750,10000,교육연구시설,11-20대,47
48,경남,48270,27000,관광휴게시설,10대 이하,0
43,충북,43750,07000,판매시설,51-100대,52
45,전북,45210,05000,문화및집회시설,51-100대,160
47,경북,47150,09000,의료시설,21-50대,112
11,서울,11215,Z8000,교육연구및복지시설,21-50대,47
28,인천,28200,05000,문화및집회시설,100대 이상,3760
43,충북,43750,22000,분뇨.쓰레기처리시설,11-20대,26
27,대구,27260,14000,업무시설,51-100대,1805
27,대구,27260,07000,판매시설,100대 이상,686
41,경기,41150,06000,종교시설,10대 이하,189
41,경기,41500,08000,운수시설,100대 이상,347
47,경북,47190,06000,종교시설,100대 이상,328
11,서울,11740,27000,관광휴게시설,51-100대,100
51,강원,51720,,,100대 이상,407
27,대구,27200,05000,문화및집회시설,10대 이하,20
11,서울,11545,18000,창고시설,11-20대,54
36,세종,36110,,,100대 이상,929
41,경기,41820,15000,숙박시설,11-20대,515
47,경북,47113,05000,문화및집회시설,51-100대,210
26,부산,26350,11000,노유자시설,10대 이하,267
41,경기,41171,11000,노유자시설,11-20대,71
43,충북,43113,01000,단독주택,100대 이상,8214
11,서울,11410,03000,제1종근린생활시설,11-20대,395
51,강원,51730,31000,야영장시설,10대 이하,32
48,경남,48880,04000,제2종근린생활시설,21-50대,258
41,경기,41390,13000,운동시설,21-50대,151
41,경기,41480,07000,판매시설,10대 이하,0
28,인천,28185,19000,위험물저장및처리시설,10대 이하,46
11,서울,11620,07000,판매시설,11-20대,16
46,전남,46840,13000,운동시설,21-50대,53
41,경기,41173,14000,업무시설,100대 이상,12002
28,인천,28260,23000,교정및군사시설,51-100대,120
46,전남,46110,02000,공동주택,51-100대,1814
43,충북,43111,20000,자동차관련시설,100대 이상,681
48,경남,48127,06000,종교시설,11-20대,127
43,충북,43111,20000,자동차관련시설,21-50대,353
45,전북,45130,06000,종교시설,21-50대,684
46,전남,46910,05000,문화및집회시설,11-20대,27
51,강원,51150,06000,종교시설,100대 이상,213
41,경기,41273,23000,교정및군사시설,11-20대,12
41,경기,41271,12000,수련시설,51-100대,58
48,경남,48129,04000,제2종근린생활시설,100대 이상,241
47,경북,47130,,,100대 이상,280
26,부산,26260,14000,업무시설,21-50대,2160
47,경북,47130,24000,방송통신시설,100대 이상,113
29,광주,29140,14000,업무시설,100대 이상,11731
46,전남,46170,11000,노유자시설,21-50대,166
47,경북,47190,04000,제2종근린생활시설,100대 이상,1468
43,충북,43720,20000,자동차관련시설,11-20대,26
48,경남,48310,31000,야영장시설,51-100대,72
48,경남,48240,21000,동물및식물관련시설,21-50대,310
51,강원,51130,Z5000,문화및집회시설,51-100대,56
51,강원,51130,14000,업무시설,11-20대,400
28,인천,28200,04000,제2종근린생활시설,11-20대,1485
27,대구,27290,10000,교육연구시설,21-50대,2697
48,경남,48240,18000,창고시설,100대 이상,394
51,강원,51770,25000,발전시설,10대 이하,2
26,부산,26440,07000,판매시설,51-100대,90
41,경기,41220,JY,,10대 이하,2
41,경기,41250,26000,묘지관련시설,11-20대,20
41,경기,41285,05000,문화및집회시설,21-50대,48
43,충북,43111,13000,운동시설,10대 이하,8
46,전남,46170,24000,방송통신시설,10대 이하,0
47,경북,47750,26000,묘지관련시설,10대 이하,0
11,서울,11260,02000,공동주택,51-100대,3408
11,서울,11350,Z8000,교육연구및복지시설,100대 이상,5582
48,경남,48240,11000,노유자시설,11-20대,156
44,충남,44133,04000,제2종근린생활시설,10대 이하,7758
46,전남,46830,14000,업무시설,11-20대,128
44,충남,44760,01000,단독주택,10대 이하,1158
26,부산,26410,20000,자동차관련시설,10대 이하,159
41,경기,41570,24000,방송통신시설,10대 이하,15
29,광주,29200,29000,장례시설,10대 이하,3
26,부산,26320,01000,단독주택,21-50대,24
45,전북,45750,Z9000,공공용시설,11-20대,20
41,경기,41171,04000,제2종근린생활시설,11-20대,468
31,울산,31110,02000,공동주택,51-100대,1560
41,경기,41190,11000,노유자시설,11-20대,134
44,충남,44800,06000,종교시설,10대 이하,163
11,서울,11500,24000,방송통신시설,10대 이하,5
41,경기,41287,01000,단독주택,10대 이하,6087
47,경북,47850,01000,단독주택,10대 이하,9269
27,대구,27200,14000,업무시설,10대 이하,143
41,경기,41131,04000,제2종근린생활시설,100대 이상,1489
36,세종,36110,10000,교육연구시설,100대 이상,33272
11,서울,11215,11000,노유자시설,11-20대,39
30,대전,30140,07000,판매시설,11-20대,27
41,경기,41450,18000,창고시설,21-50대,117
43,충북,43112,01000,단독주택,100대 이상,605
26,부산,26170,20000,자동차관련시설,10대 이하,18
47,경북,47113,17000,공장,10대 이하,409
47,경북,47900,20000,자동차관련시설,21-50대,39
11,서울,11590,02000,공동주택,10대 이하,18163
46,전남,46900,10000,교육연구시설,100대 이상,144
48,경남,48850,02000,공동주택,10대 이하,145
51,강원,51730,07000,판매시설,11-20대,12
44,충남,44250,06000,종교시설,10대 이하,18
41,경기,41150,09000,의료시설,10대 이하,32
44,충남,44800,10000,교육연구시설,10대 이하,121
47,경북,47900,11000,노유자시설,11-20대,48
44,충남,44825,09000,의료시설,21-50대,22
41,경기,41220,20999,기타자동차관련시설,21-50대,32
47,경북,47290,Z8000,교육연구및복지시설,51-100대,156
41,경기,41250,04000,제2종근린생활시설,51-100대,457
31,울산,31140,02000,공동주택,11-20대,1635
43,충북,43112,24000,방송통신시설,51-100대,95
45,전북,45750,26000,묘지관련시설,11-20대,17
45,전북,45140,05000,문화및집회시설,51-100대,86
43,충북,43745,Z3000,근린생활시설,10대 이하,0
29,광주,29200,03000,제1종근린생활시설,11-20대,1625
27,대구,27170,19000,위험물저장및처리시설,21-50대,21
45,전북,45720,23000,교정및군사시설,10대 이하,0
11,서울,11380,02000,공동주택,11-20대,9893
29,광주,29140,02000,공동주택,11-20대,314
45,전북,45111,05000,문화및집회시설,11-20대,190
11,서울,11740,17000,공장,10대 이하,7
31,울산,31140,08000,운수시설,11-20대,40
41,경기,41500,26000,묘지관련시설,10대 이하,21
47,경북,47290,20000,자동차관련시설,51-100대,448
48,경남,48840,09000,의료시설,10대 이하,0
28,인천,28110,JY,,10대 이하,0
41,경기,41461,18000,창고시설,51-100대,3158
44,충남,44180,25000,발전시설,100대 이상,18773
45,전북,45800,01000,단독주택,11-20대,294
41,경기,41133,20000,자동차관련시설,51-100대,198
44,충남,44810,13000,운동시설,11-20대,14
26,부산,26380,09000,의료시설,100대 이상,481
43,충북,43113,21000,동물및식물관련시설,10대 이하,36
41,경기,41630,18000,창고시설,10대 이하,1090
51,강원,51230,14000,업무시설,11-20대,173
44,충남,44131,22000,분뇨.쓰레기처리시설,21-50대,40
48,경남,48860,13000,운동시설,100대 이상,444
30,대전,30140,Z8000,교육연구및복지시설,51-100대,63
44,충남,44180,Z8000,교육연구및복지시설,21-50대,100
26,부산,26410,01000,단독주택,10대 이하,4624
41,경기,41500,14000,업무시설,21-50대,851
44,충남,44770,20000,자동차관련시설,10대 이하,24
26,부산,26470,10000,교육연구시설,21-50대,611
41,경기,41463,18000,창고시설,51-100대,561
11,서울,11215,20000,자동차관련시설,21-50대,57
28,인천,28260,02000,공동주택,100대 이상,1300631
51,강원,51760,30000,자원순환관련시설,10대 이하,26
41,경기,41250,07000,판매시설,21-50대,70
41,경기,41480,21000,동물및식물관련시설,10대 이하,565
11,서울,11650,02000,공동주택,10대 이하,17172
29,광주,29110,01000,단독주택,10대 이하,4641
46,전남,46130,06000,종교시설,21-50대,338
44,충남,44250,10000,교육연구시설,10대 이하,15
41,경기,41117,13000,운동시설,51-100대,60
48,경남,48270,20000,자동차관련시설,10대 이하,26
46,전남,46710,10000,교육연구시설,21-50대,431
46,전남,46730,09000,의료시설,21-50대,24
27,대구,27140,20000,자동차관련시설,100대 이상,2124
41,경기,41111,Z8000,교육연구및복지시설,21-50대,35
41,경기,41590,09000,의료시설,51-100대,593
43,충북,43800,30000,자원순환관련시설,10대 이하,0
46,전남,46710,Z5000,문화및집회시설,10대 이하,0
44,충남,44800,03000,제1종근린생활시설,11-20대,537
47,경북,47130,19000,위험물저장및처리시설,21-50대,24
46,전남,46860,09000,의료시설,11-20대,20
51,강원,51770,18000,창고시설,21-50대,112
11,서울,11440,07000,판매시설,21-50대,101
47,경북,47150,06000,종교시설,100대 이상,119
51,강원,51820,17000,공장,11-20대,116
28,인천,28200,13000,운동시설,51-100대,110
47,경북,47770,Z3000,근린생활시설,10대 이하,0
11,서울,11530,Z8000,교육연구및복지시설,51-100대,278
11,서울,11380,Z5000,문화및집회시설,10대 이하,6
26,부산,26350,10000,교육연구시설,11-20대,259
30,대전,30200,04000,제2종근린생활시설,100대 이상,691
11,서울,11305,26000,묘지관련시설,100대 이상,120
41,경기,41480,08000,운수시설,21-50대,107
41,경기,41461,02000,공동주택,51-100대,2524
51,강원,51780,27000,관광휴게시설,51-100대,70
46,전남,46770,17000,공장,10대 이하,402
44,충남,44770,31000,야영장시설,10대 이하,0
47,경북,47170,11000,노유자시설,10대 이하,117
41,경기,41113,03000,제1종근린생활시설,11-20대,899
11,서울,11380,,,10대 이하,5
41,경기,41113,08000,운수시설,21-50대,33
47,경북,47113,11000,노유자시설,51-100대,230
46,전남,46780,09000,의료시설,10대 이하,13
26,부산,26710,,,21-50대,75
51,강원,51780,18000,창고시설,21-50대,56
28,인천,28260,JY,,10대 이하,10
46,전남,46870,07000,판매시설,10대 이하,9
45,전북,45710,Z3000,근린생활시설,21-50대,40
41,경기,41830,02000,공동주택,21-50대,2591
45,전북,45730,02000,공동주택,21-50대,635
41,경기,41570,14000,업무시설,21-50대,959
27,대구,27710,Z3000,근린생활시설,11-20대,32
28,인천,28110,04000,제2종근린생활시설,10대 이하,2483
31,울산,31200,02000,공동주택,100대 이상,167686
48,경남,48870,13000,운동시설,100대 이상,3690
41,경기,41111,13000,운동시설,10대 이하,8
41,경기,41285,04000,제2종근린생활시설,11-20대,2353
26,부산,26710,04000,제2종근린생활시설,51-100대,593
41,경기,41290,23000,교정및군사시설,100대 이상,3996
41,경기,41390,11000,노유자시설,11-20대,98
51,강원,51110,01000,단독주택,100대 이상,114
46,전남,46230,07000,판매시설,21-50대,303
48,경남,48170,,,21-50대,103
46,전남,46790,06000,종교시설,11-20대,32
41,경기,41370,22000,분뇨.쓰레기처리시설,11-20대,20
41,경기,41820,23000,교정및군사시설,100대 이상,153
41,경기,41461,21000,동물및식물관련시설,10대 이하,315
48,경남,48250,06000,종교시설,51-100대,431
47,경북,47250,03000,제1종근린생활시설,51-100대,56
47,경북,47250,20000,자동차관련시설,11-20대,16
46,전남,46110,11000,노유자시설,21-50대,73
27,대구,27710,06000,종교시설,51-100대,60
41,경기,41171,24000,방송통신시설,100대 이상,180
31,울산,31110,18000,창고시설,100대 이상,142
51,강원,51130,16000,위락시설,21-50대,41
41,경기,41271,,,10대 이하,7
47,경북,47230,24000,방송통신시설,10대 이하,0
41,경기,41500,05000,문화및집회시설,51-100대,241
41,경기,41830,20000,자동차관련시설,10대 이하,91
41,경기,41133,13000,운동시설,100대 이상,1846
44,충남,44131,29000,장례시설,21-50대,27
41,경기,41250,10000,교육연구시설,21-50대,278
11,서울,11140,Z6000,판매및영업시설,10대 이하,0
46,전남,46910,15000,숙박시설,100대 이상,403
30,대전,30230,19000,위험물저장및처리시설,11-20대,22
44,충남,44825,15000,숙박시설,100대 이상,262
28,인천,28260,17000,공장,10대 이하,8984
41,경기,41135,18000,창고시설,51-100대,70
26,부산,26320,03000,제1종근린생활시설,100대 이상,376
43,충북,43113,17000,공장,100대 이상,118036
44,충남,44810,02000,공동주택,51-100대,1066
29,광주,29140,,,51-100대,57
47,경북,47150,07000,판매시설,21-50대,215
28,인천,28260,30000,자원순환관련시설,21-50대,91
41,경기,41273,JY,,10대 이하,0
46,전남,46840,07000,판매시설,100대 이상,1346
51,강원,51730,09000,의료시설,100대 이상,127
26,부산,26350,Z3000,근린생활시설,21-50대,23
11,서울,11440,14000,업무시설,100대 이상,23956
36,세종,36110,04000,제2종근린생활시설,10대 이하,3512
46,전남,46170,18000,창고시설,11-20대,205
48,경남,48250,02000,공동주택,21-50대,2314
47,경북,47770,17000,공장,11-20대,156
46,전남,46720,11000,노유자시설,10대 이하,97
27,대구,27170,07000,판매시설,10대 이하,18
51,강원,51210,05000,문화및집회시설,11-20대,97
41,경기,41500,07000,판매시설,100대 이상,3164
11,서울,11560,06000,종교시설,51-100대,733
11,서울,11230,20000,자동차관련시설,11-20대,19
51,강원,51190,07000,판매시설,10대 이하,4
41,경기,41570,05000,문화및집회시설,51-100대,364
29,광주,29170,14000,업무시설,10대 이하,211
45,전북,45111,03000,제1종근린생활시설,51-100대,776
26,부산,26290,20000,자동차관련시설,21-50대,263
41,경기,41570,08000,운수시설,10대 이하,6
44,충남,44133,25000,발전시설,10대 이하,0
44,충남,44230,Z8000,교육연구및복지시설,10대 이하,2
30,대전,30140,03000,제1종근린생활시설,100대 이상,367
41,경기,41131,20000,자동차관련시설,21-50대,143
48,경남,48125,03000,제1종근린생활시설,51-100대,273
51,강원,51110,10000,교육연구시설,10대 이하,209
11,서울,11530,15000,숙박시설,10대 이하,143
31,울산,31200,04000,제2종근린생활시설,21-50대,785
26,부산,26410,02000,공동주택,51-100대,3960
11,서울,11305,07000,판매시설,100대 이상,870
41,경기,41650,20000,자동차관련시설,21-50대,68
41,경기,41290,14000,업무시설,21-50대,122
43,충북,43740,21000,동물및식물관련시설,10대 이하,1
29,광주,29155,10000,교육연구시설,11-20대,314
11,서울,11350,03000,제1종근린생활시설,10대 이하,1578
48,경남,48330,02000,공동주택,21-50대,950
27,대구,27140,13000,운동시설,51-100대,213
28,인천,28710,22000,분뇨.쓰레기처리시설,10대 이하,7
47,경북,47113,27000,관광휴게시설,10대 이하,7
11,서울,11530,09000,의료시설,21-50대,208
45,전북,45790,04000,제2종근린생활시설,21-50대,216
28,인천,28185,15000,숙박시설,21-50대,314
44,충남,44133,02000,공동주택,51-100대,2532
51,강원,51130,05000,문화및집회시설,11-20대,126
47,경북,47150,20000,자동차관련시설,21-50대,288
41,경기,41820,11000,노유자시설,10대 이하,245
48,경남,48250,13000,운동시설,11-20대,163
27,대구,27170,08000,운수시설,10대 이하,0
47,경북,47750,03000,제1종근린생활시설,11-20대,140
26,부산,26380,04000,제2종근린생활시설,51-100대,806
45,전북,45140,17000,공장,100대 이상,48629
51,강원,51760,06000,종교시설,10대 이하,158
41,경기,41281,01000,단독주택,21-50대,51
41,경기,41465,11000,노유자시설,11-20대,72
30,대전,30110,Z6000,판매및영업시설,10대 이하,0
27,대구,27230,09000,의료시설,11-20대,111
29,광주,29200,23000,교정및군사시설,11-20대,100
29,광주,29140,06000,종교시설,100대 이상,460
47,경북,47210,09000,의료시설,10대 이하,30
47,경북,47150,18000,창고시설,51-100대,250
11,서울,11230,16000,위락시설,10대 이하,0
51,강원,51720,창고,,10대 이하,0
41,경기,41117,26000,묘지관련시설,100대 이상,395
47,경북,47820,04000,제2종근린생활시설,10대 이하,581
48,경남,48850,02000,공동주택,100대 이상,2820
46,전남,46830,23000,교정및군사시설,10대 이하,15
44,충남,44760,21000,동물및식물관련시설,10대 이하,11
51,강원,51730,12000,수련시설,11-20대,29
46,전남,46860,03000,제1종근린생활시설,21-50대,205
44,충남,44790,06000,종교시설,11-20대,33
41,경기,41273,04000,제2종근린생활시설,11-20대,619
41,경기,41630,06000,종교시설,11-20대,160
28,인천,28200,10000,교육연구시설,51-100대,2295
43,충북,43150,Z5000,문화및집회시설,10대 이하,4
44,충남,44270,05000,문화및집회시설,11-20대,29
41,경기,41273,27000,관광휴게시설,10대 이하,18
11,서울,11530,08000,운수시설,21-50대,60
46,전남,46110,Z8000,교육연구및복지시설,10대 이하,0
50,제주,50130,07000,판매시설,51-100대,112
44,충남,44770,09000,의료시설,100대 이상,333
26,부산,26470,16000,위락시설,21-50대,124
26,부산,26530,01000,단독주택,21-50대,132
45,전북,45800,03000,제1종근린생활시설,51-100대,433
11,서울,11530,17000,공장,51-100대,321
30,대전,30110,03000,제1종근린생활시설,11-20대,624
45,전북,45190,04000,제2종근린생활시설,21-50대,134
48,경남,48880,13000,운동시설,10대 이하,0
45,전북,45140,13000,운동시설,21-50대,531
30,대전,30230,04000,제2종근린생활시설,100대 이상,6797
43,충북,43114,23000,교정및군사시설,100대 이상,3362
47,경북,47760,Z8000,교육연구및복지시설,10대 이하,0
29,광주,29140,16000,위락시설,11-20대,59
30,대전,30200,25000,발전시설,21-50대,32
11,서울,11350,12000,수련시설,11-20대,43
47,경북,47840,17000,공장,100대 이상,2063
43,충북,43113,08000,운수시설,100대 이상,224
30,대전,30230,30000,자원순환관련시설,21-50대,33
45,전북,45111,24000,방송통신시설,21-50대,77
48,경남,48740,15000,숙박시설,51-100대,139
48,경남,48720,20000,자동차관련시설,21-50대,50
47,경북,47190,10000,교육연구시설,100대 이상,13286
41,경기,41281,06000,종교시설,10대 이하,201
41,경기,41285,05000,문화및집회시설,100대 이상,1136
48,경남,48123,07000,판매시설,51-100대,510
44,충남,44150,01000,단독주택,21-50대,110
50,제주,50110,12000,수련시설,21-50대,245
11,서울,11650,10000,교육연구시설,21-50대,1099
44,충남,44800,04000,제2종근린생활시설,21-50대,354
43,충북,43750,21000,동물및식물관련시설,10대 이하,38
44,충남,44200,03000,제1종근린생활시설,100대 이상,1686
47,경북,47280,12000,수련시설,10대 이하,0
43,충북,43760,20000,자동차관련시설,11-20대,12
44,충남,44810,03000,제1종근린생활시설,10대 이하,935
26,부산,26470,05000,문화및집회시설,10대 이하,12
27,대구,27230,18000,창고시설,11-20대,339
26,부산,26350,17000,공장,100대 이상,5208
43,충북,43730,30000,자원순환관련시설,21-50대,24
51,강원,51790,19000,위험물저장및처리시설,10대 이하,2
41,경기,41190,08000,운수시설,21-50대,97
47,경북,47210,18000,창고시설,10대 이하,367
47,경북,47940,24000,방송통신시설,10대 이하,8
43,충북,43740,20000,자동차관련시설,11-20대,12
47,경북,47250,03000,제1종근린생활시설,11-20대,412
44,충남,44270,03000,제1종근린생활시설,51-100대,585
43,충북,43112,09000,의료시설,100대 이상,1020
48,경남,48870,14000,업무시설,21-50대,164
44,충남,44825,13000,운동시설,100대 이상,2860
41,경기,41113,22000,분뇨.쓰레기처리시설,10대 이하,6
41,경기,41131,09000,의료시설,11-20대,60
26,부산,26500,12000,수련시설,51-100대,69
30,대전,30140,04000,제2종근린생활시설,51-100대,130
26,부산,26710,09000,의료시설,100대 이상,4225
41,경기,41173,11000,노유자시설,10대 이하,97
46,전남,46900,01000,단독주택,10대 이하,859
51,강원,51820,14000,업무시설,21-50대,27
27,대구,27720,12000,수련시설,11-20대,11
11,서울,11290,20000,자동차관련시설,51-100대,358
51,강원,51130,02000,공동주택,51-100대,1263
46,전남,46910,10000,교육연구시설,10대 이하,23
46,전남,46800,14000,업무시설,51-100대,55
41,경기,41390,09000,의료시설,51-100대,220
41,경기,41430,27000,관광휴게시설,21-50대,46
27,대구,27720,03000,제1종근린생활시설,21-50대,72
44,충남,44810,18000,창고시설,21-50대,127
30,대전,30170,13000,운동시설,10대 이하,18
51,강원,51810,02000,공동주택,100대 이상,704
29,광주,29170,01000,단독주택,11-20대,2268
47,경북,47830,13000,운동시설,100대 이상,1813
47,경북,47930,15000,숙박시설,51-100대,123
43,충북,43745,02000,공동주택,10대 이하,37
48,경남,48880,01000,단독주택,51-100대,211
46,전남,46770,01000,단독주택,11-20대,206
41,경기,41113,13000,운동시설,100대 이상,561
46,전남,46770,,,51-100대,86
31,울산,31200,03000,제1종근린생활시설,100대 이상,2274
51,강원,51110,09000,의료시설,11-20대,92
41,경기,41430,17000,공장,21-50대,702
29,광주,29155,02000,공동주택,51-100대,959
45,전북,45113,17000,공장,10대 이하,931
41,경기,41630,10000,교육연구시설,21-50대,1254
43,충북,43150,01000,단독주택,11-20대,2173
44,충남,44210,20000,자동차관련시설,10대 이하,107
26,부산,26290,14000,업무시설,10대 이하,190
26,부산,26710,03000,제1종근린생활시설,21-50대,1485
26,부산,26530,03000,제1종근린생활시설,100대 이상,3101
51,강원,51810,27000,관광휴게시설,11-20대,46
26,부산,26260,18000,창고시설,10대 이하,97
46,전남,46870,21000,동물및식물관련시설,10대 이하,4
28,인천,28710,15000,숙박시설,51-100대,194
41,경기,41500,27000,관광휴게시설,21-50대,50
30,대전,30200,15000,숙박시설,51-100대,242
41,경기,41115,16000,위락시설,21-50대,138
11,서울,11500,01000,단독주택,100대 이상,1152
51,강원,51820,27000,관광휴게시설,51-100대,204
11,서울,11530,04000,제2종근린생활시설,21-50대,614
36,세종,36110,30000,자원순환관련시설,100대 이상,136
27,대구,27720,04000,제2종근린생활시설,21-50대,76
48,경남,48330,10000,교육연구시설,10대 이하,265
26,부산,26500,,,11-20대,23
11,서울,11470,09000,의료시설,51-100대,194
41,경기,41135,14000,업무시설,21-50대,1049
45,전북,45750,27000,관광휴게시설,100대 이상,3486
48,경남,48129,08000,운수시설,51-100대,95
27,대구,27260,Z8000,교육연구및복지시설,11-20대,36
11,서울,11350,20000,자동차관련시설,100대 이상,600
31,울산,31200,06000,종교시설,100대 이상,314
28,인천,28110,18000,창고시설,10대 이하,303
11,서울,11680,09000,의료시설,51-100대,394
41,경기,41210,09000,의료시설,21-50대,164
47,경북,47230,Z9000,공공용시설,10대 이하,0
47,경북,47210,05000,문화및집회시설,10대 이하,40
28,인천,28177,10000,교육연구시설,51-100대,925
48,경남,48129,03000,제1종근린생활시설,21-50대,966
31,울산,31200,Z5000,문화및집회시설,21-50대,66
11,서울,11260,04000,제2종근린생활시설,21-50대,421
11,서울,11680,06000,종교시설,21-50대,438
48,경남,48170,03000,제1종근린생활시설,11-20대,928
44,충남,44131,05000,문화및집회시설,11-20대,20
46,전남,46810,26000,묘지관련시설,10대 이하,0
41,경기,41150,09000,의료시설,11-20대,63
31,울산,31710,17000,공장,10대 이하,3993
43,충북,43112,04000,제2종근린생활시설,21-50대,1022
41,경기,41465,13000,운동시설,51-100대,331
11,서울,11410,06000,종교시설,10대 이하,159
48,경남,48220,20000,자동차관련시설,21-50대,41
27,대구,27230,09000,의료시설,21-50대,645
46,전남,46840,09000,의료시설,21-50대,24
41,경기,41650,17000,공장,11-20대,4296
48,경남,48330,10000,교육연구시설,100대 이상,15619
26,부산,26530,17000,공장,51-100대,957
51,강원,51830,21000,동물및식물관련시설,10대 이하,40
48,경남,48121,09000,의료시설,11-20대,97
46,전남,46860,,,10대 이하,14
43,충북,43114,10000,교육연구시설,21-50대,730
47,경북,47210,13000,운동시설,51-100대,148
41,경기,41650,,,11-20대,12
26,부산,26410,04000,제2종근린생활시설,51-100대,330
30,대전,30140,09000,의료시설,10대 이하,13
41,경기,41111,03000,제1종근린생활시설,100대 이상,255
41,경기,41285,12000,수련시설,21-50대,30
26,부산,26470,16000,위락시설,11-20대,32
51,강원,51760,29000,장례시설,21-50대,29
41,경기,41117,10000,교육연구시설,11-20대,237
47,경북,47840,25000,발전시설,10대 이하,0
51,강원,51770,15000,숙박시설,10대 이하,304
51,강원,51780,12000,수련시설,10대 이하,1
31,울산,31710,06000,종교시설,10대 이하,252
51,강원,51190,04000,제2종근린생활시설,21-50대,106
48,경남,48170,Z3000,근린생활시설,10대 이하,1
48,경남,48840,24000,방송통신시설,51-100대,73
50,제주,50110,15102,여관,10대 이하,0
48,경남,48840,26000,묘지관련시설,11-20대,19
46,전남,46110,11000,노유자시설,51-100대,55
41,경기,41115,06000,종교시설,100대 이상,311
47,경북,47760,03000,제1종근린생활시설,11-20대,54
47,경북,47210,11000,노유자시설,11-20대,34
11,서울,11500,03000,제1종근린생활시설,11-20대,1167
46,전남,46790,02000,공동주택,10대 이하,58
44,충남,44200,08000,운수시설,21-50대,83
48,경남,48129,27000,관광휴게시설,100대 이상,129
46,전남,46730,03000,제1종근린생활시설,10대 이하,357
41,경기,41113,,,21-50대,80
27,대구,27290,01003,다가구주택,10대 이하,0
41,경기,41287,04000,제2종근린생활시설,100대 이상,1199
41,경기,41285,27000,관광휴게시설,11-20대,30
46,전남,46780,12000,수련시설,10대 이하,17
41,경기,41630,17000,공장,100대 이상,6045
27,대구,27720,18000,창고시설,21-50대,112
48,경남,48880,14000,업무시설,51-100대,203
46,전남,46720,21000,동물및식물관련시설,100대 이상,272
11,서울,11590,06000,종교시설,10대 이하,169
27,대구,27260,09000,의료시설,100대 이상,124
28,인천,28177,13000,운동시설,10대 이하,11
41,경기,41500,Z8000,교육연구및복지시설,21-50대,148
51,강원,51170,03000,제1종근린생활시설,51-100대,195
41,경기,41430,14000,업무시설,21-50대,741
47,경북,47113,15000,숙박시설,100대 이상,157
11,서울,11440,02000,공동주택,11-20대,3917
41,경기,41370,09000,의료시설,51-100대,159
43,충북,43750,03000,제1종근린생활시설,51-100대,211
28,인천,28140,14000,업무시설,100대 이상,705
47,경북,47770,07000,판매시설,10대 이하,2
41,경기,41173,02000,공동주택,21-50대,1160
41,경기,41287,07000,판매시설,100대 이상,6002
41,경기,41610,06000,종교시설,51-100대,258
41,경기,41370,16000,위락시설,10대 이하,7
47,경북,47230,30000,자원순환관련시설,11-20대,69
11,서울,11500,24000,방송통신시설,21-50대,42
47,경북,47190,25000,발전시설,10대 이하,0
51,강원,51190,05000,문화및집회시설,51-100대,65
41,경기,41271,18000,창고시설,11-20대,13
47,경북,47920,03000,제1종근린생활시설,100대 이상,216
46,전남,46860,09000,의료시설,100대 이상,510
47,경북,47850,07000,판매시설,51-100대,181
46,전남,46860,11000,노유자시설,21-50대,114
41,경기,41220,25000,발전시설,10대 이하,0
47,경북,47250,06000,종교시설,10대 이하,148
11,서울,11545,07000,판매시설,100대 이상,4818
41,경기,41135,10000,교육연구시설,100대 이상,9762
41,경기,41271,13000,운동시설,100대 이상,124
44,충남,44760,05000,문화및집회시설,11-20대,16
48,경남,48730,08000,운수시설,21-50대,64
51,강원,51190,13000,운동시설,11-20대,50
26,부산,26350,04000,제2종근린생활시설,21-50대,1259
44,충남,44210,19000,위험물저장및처리시설,11-20대,56
48,경남,48121,Z8000,교육연구및복지시설,10대 이하,0
11,서울,11500,07000,판매시설,21-50대,136
47,경북,47250,Z3000,근린생활시설,10대 이하,19
48,경남,48860,02000,공동주택,21-50대,163
26,부산,26440,17000,공장,100대 이상,80136
41,경기,41220,14000,업무시설,21-50대,1942
46,전남,46790,22000,분뇨.쓰레기처리시설,21-50대,28
46,전남,46230,09000,의료시설,11-20대,45
29,광주,29200,06000,종교시설,21-50대,416
41,경기,41461,,,100대 이상,554
28,인천,28245,17000,공장,21-50대,1531
50,제주,50130,20000,자동차관련시설,10대 이하,72
26,부산,26410,02000,공동주택,11-20대,3043
41,경기,41800,Z8000,교육연구및복지시설,10대 이하,12
47,경북,47830,17000,공장,100대 이상,1116
43,충북,43114,03000,제1종근린생활시설,21-50대,1000
27,대구,27230,18000,창고시설,10대 이하,897
31,울산,31140,02000,공동주택,10대 이하,3149
47,경북,47820,17000,공장,11-20대,396
41,경기,41220,25000,발전시설,100대 이상,1398
26,부산,26500,10000,교육연구시설,100대 이상,252
41,경기,41111,12000,수련시설,21-50대,28
41,경기,41220,13000,운동시설,11-20대,83
48,경남,48170,13000,운동시설,100대 이상,2234
41,경기,41310,20000,자동차관련시설,11-20대,47
41,경기,41370,03000,제1종근린생활시설,11-20대,639
47,경북,47930,05000,문화및집회시설,10대 이하,27
48,경남,48123,09000,의료시설,11-20대,14
47,경북,47280,09000,의료시설,51-100대,64
26,부산,26440,,,10대 이하,86
44,충남,44200,30000,자원순환관련시설,21-50대,81
41,경기,41820,15000,숙박시설,100대 이상,573
45,전북,45720,Z5000,문화및집회시설,10대 이하,4
46,전남,46770,02000,공동주택,21-50대,944
41,경기,41830,15000,숙박시설,100대 이상,2166
47,경북,47830,10000,교육연구시설,11-20대,54
48,경남,48890,09000,의료시설,10대 이하,19
47,경북,47111,,,10대 이하,187
41,경기,41590,02000,공동주택,21-50대,2611
28,인천,28245,15000,숙박시설,100대 이상,132
44,충남,44210,14000,업무시설,51-100대,925
31,울산,31200,19000,위험물저장및처리시설,11-20대,12
47,경북,47250,10000,교육연구시설,21-50대,380
36,세종,36110,01000,단독주택,51-100대,333
44,충남,44770,25000,발전시설,10대 이하,0
50,제주,50110,06000,종교시설,11-20대,309
47,경북,47150,22000,분뇨.쓰레기처리시설,10대 이하,37
48,경남,48270,03000,제1종근린생활시설,51-100대,170
47,경북,47820,26000,묘지관련시설,21-50대,47
47,경북,47210,29000,장례시설,11-20대,16
45,전북,45130,15000,숙박시설,10대 이하,474
43,충북,43114,12000,수련시설,10대 이하,0
44,충남,44790,06000,종교시설,21-50대,56
48,경남,48730,01000,단독주택,11-20대,855
51,강원,51110,33000,"국방,군사시설",10대 이하,3
51,강원,51210,10000,교육연구시설,21-50대,469
46,전남,46790,03000,제1종근린생활시설,21-50대,517
47,경북,47940,30000,자원순환관련시설,10대 이하,26
41,경기,41630,11000,노유자시설,51-100대,162
26,부산,26440,02000,공동주택,100대 이상,250196
11,서울,11260,04000,제2종근린생활시설,51-100대,187
28,인천,28200,19000,위험물저장및처리시설,10대 이하,188
41,경기,41115,09000,의료시설,10대 이하,0
43,충북,43114,06000,종교시설,51-100대,67
46,전남,46790,24000,방송통신시설,21-50대,21
41,경기,41590,14000,업무시설,10대 이하,202
11,서울,11290,03000,제1종근린생활시설,21-50대,675
31,울산,31200,03000,제1종근린생활시설,10대 이하,1949
47,경북,47230,24000,방송통신시설,21-50대,31
46,전남,46820,14000,업무시설,100대 이상,376
41,경기,41480,10000,교육연구시설,51-100대,363
26,부산,26410,10000,교육연구시설,100대 이상,21863
41,경기,41450,23000,교정및군사시설,10대 이하,11
48,경남,48123,30000,자원순환관련시설,21-50대,42
44,충남,44180,08000,운수시설,100대 이상,126
11,서울,11500,17000,공장,10대 이하,45
27,대구,27710,14000,업무시설,21-50대,659
46,전남,46840,12000,수련시설,10대 이하,14
26,부산,26410,30000,자원순환관련시설,10대 이하,56
41,경기,41271,04000,제2종근린생활시설,21-50대,1265
41,경기,41370,20000,자동차관련시설,100대 이상,2492
41,경기,41135,19000,위험물저장및처리시설,21-50대,30
41,경기,41273,Z6000,판매및영업시설,51-100대,77
28,인천,28710,17000,공장,51-100대,853
44,충남,44250,15000,숙박시설,11-20대,156
41,경기,41590,23000,교정및군사시설,51-100대,59
46,전남,46170,08000,운수시설,10대 이하,6
50,제주,50110,18000,창고시설,21-50대,943
29,광주,29155,20000,자동차관련시설,11-20대,143
45,전북,45130,20000,자동차관련시설,100대 이상,2726
41,경기,41590,11000,노유자시설,21-50대,269
41,경기,41111,Z3000,근린생활시설,11-20대,20
11,서울,11680,13000,운동시설,10대 이하,3
11,서울,11380,19000,위험물저장및처리시설,10대 이하,50
51,강원,51720,14000,업무시설,100대 이상,107
41,경기,41273,,,11-20대,19
31,울산,31170,10000,교육연구시설,21-50대,474
29,광주,29170,11000,노유자시설,100대 이상,442
41,경기,41360,13000,운동시설,100대 이상,2493
43,충북,43130,22000,분뇨.쓰레기처리시설,100대 이상,105
43,충북,43130,22000,분뇨.쓰레기처리시설,11-20대,51
30,대전,30230,07000,판매시설,51-100대,77
28,인천,28720,01000,단독주택,10대 이하,3416
43,충북,43745,03000,제1종근린생활시설,21-50대,65
26,부산,26320,02000,공동주택,10대 이하,3906
31,울산,31110,04000,제2종근린생활시설,21-50대,326
45,전북,45750,11000,노유자시설,21-50대,36
50,제주,50110,02000,공동주택,21-50대,21364
41,경기,41430,04000,제2종근린생활시설,11-20대,372
47,경북,47113,30000,자원순환관련시설,21-50대,25
26,부산,26380,02003,다세대주택,10대 이하,0
48,경남,48127,08000,운수시설,10대 이하,3
48,경남,48170,08000,운수시설,21-50대,34
48,경남,48310,03000,제1종근린생활시설,100대 이상,1130
29,광주,29110,27000,관광휴게시설,10대 이하,0
45,전북,45730,17000,공장,21-50대,50
11,서울,11290,10000,교육연구시설,10대 이하,233
26,부산,26290,09000,의료시설,21-50대,235
46,전남,46910,18000,창고시설,100대 이상,531
46,전남,46230,06000,종교시설,21-50대,86
41,경기,41465,12000,수련시설,10대 이하,7
41,경기,41210,08000,운수시설,10대 이하,0
41,경기,41550,10000,교육연구시설,100대 이상,14785
41,경기,41463,06000,종교시설,100대 이상,1093
30,대전,30170,14000,업무시설,10대 이하,70
26,부산,26230,09000,의료시설,11-20대,49
46,전남,46820,13000,운동시설,10대 이하,8
45,전북,45140,09000,의료시설,11-20대,125
46,전남,46890,14000,업무시설,11-20대,49
48,경남,48125,02000,공동주택,10대 이하,790
41,경기,41463,01000,단독주택,21-50대,418
41,경기,41390,05000,문화및집회시설,51-100대,196
46,전남,46860,21000,동물및식물관련시설,10대 이하,26
41,경기,41117,16000,위락시설,21-50대,37
43,충북,43760,06000,종교시설,10대 이하,68
46,전남,46890,02000,공동주택,51-100대,431
45,전북,45113,14000,업무시설,21-50대,1173
44,충남,44210,12000,수련시설,10대 이하,6
41,경기,41287,02000,공동주택,21-50대,2965
41,경기,41570,04000,제2종근린생활시설,51-100대,1181
41,경기,41450,14000,업무시설,21-50대,336
46,전남,46780,02000,공동주택,100대 이상,2845
11,서울,11290,12000,수련시설,10대 이하,6
51,강원,51810,21000,동물및식물관련시설,10대 이하,44
51,강원,51820,18000,창고시설,100대 이상,205
43,충북,43150,18000,창고시설,10대 이하,398
48,경남,48220,Z8000,교육연구및복지시설,21-50대,66
29,광주,29140,11000,노유자시설,21-50대,152
45,전북,45750,Z8000,교육연구및복지시설,10대 이하,0
46,전남,46130,Z8000,교육연구및복지시설,10대 이하,0
46,전남,46840,18000,창고시설,10대 이하,449
28,인천,28140,Z8000,교육연구및복지시설,51-100대,55
46,전남,46790,21000,동물및식물관련시설,51-100대,88
48,경남,48240,06000,종교시설,11-20대,98
41,경기,41370,18000,창고시설,21-50대,116
26,부산,26530,19000,위험물저장및처리시설,21-50대,64
27,대구,27710,16000,위락시설,10대 이하,3
47,경북,47820,03000,제1종근린생활시설,10대 이하,439
43,충북,43130,15000,숙박시설,51-100대,390
41,경기,41287,02000,공동주택,51-100대,1416
11,서울,11650,20000,자동차관련시설,51-100대,789
30,대전,30140,15000,숙박시설,21-50대,151
41,경기,41150,24000,방송통신시설,21-50대,39
41,경기,41500,02000,공동주택,100대 이상,76473
27,대구,27140,17000,공장,10대 이하,631
43,충북,43112,02000,공동주택,11-20대,243
45,전북,45720,18000,창고시설,100대 이상,48667
46,전남,46110,08000,운수시설,21-50대,57
48,경남,48850,02000,공동주택,11-20대,187
41,경기,41131,09000,의료시설,10대 이하,1
51,강원,51150,창고,,10대 이하,0
46,전남,46720,17000,공장,11-20대,147
41,경기,41360,14000,업무시설,100대 이상,8003
46,전남,46770,Z5000,문화및집회시설,10대 이하,0
43,충북,43760,13000,운동시설,10대 이하,10
11,서울,11530,02000,공동주택,100대 이상,170956
45,전북,45111,09000,의료시설,21-50대,725
51,강원,51760,Z8000,교육연구및복지시설,21-50대,38
28,인천,28237,14000,업무시설,21-50대,6648
28,인천,28140,03000,제1종근린생활시설,21-50대,174
44,충남,44200,30000,자원순환관련시설,100대 이상,8029
51,강원,51720,21000,동물및식물관련시설,10대 이하,25
44,충남,44180,14000,업무시설,21-50대,294
41,경기,41800,11000,노유자시설,51-100대,172
11,서울,11170,16000,위락시설,10대 이하,0
11,서울,11305,03000,제1종근린생활시설,21-50대,609
41,경기,41113,03000,제1종근린생활시설,51-100대,534
26,부산,26290,,,10대 이하,97
47,경북,47730,10000,교육연구시설,51-100대,140
45,전북,45720,19000,위험물저장및처리시설,21-50대,40
41,경기,41250,,,21-50대,72
51,강원,51170,19000,위험물저장및처리시설,10대 이하,45
11,서울,11215,13000,운동시설,21-50대,75
26,부산,26470,Z9000,공공용시설,10대 이하,1
48,경남,48310,21000,동물및식물관련시설,21-50대,86
43,충북,43114,11000,노유자시설,10대 이하,320
46,전남,46170,04000,제2종근린생활시설,21-50대,623
45,전북,45140,23000,교정및군사시설,100대 이상,1790
36,세종,36110,11000,노유자시설,11-20대,113
41,경기,41450,02000,공동주택,51-100대,486
45,전북,45190,27000,관광휴게시설,100대 이상,1022
41,경기,41271,13000,운동시설,11-20대,68
43,충북,43730,03000,제1종근린생활시설,21-50대,125
47,경북,47150,18000,창고시설,100대 이상,976
47,경북,47250,Z6000,판매및영업시설,51-100대,91
47,경북,47770,18000,창고시설,10대 이하,172
31,울산,31200,17000,공장,11-20대,1239
41,경기,41590,04000,제2종근린생활시설,21-50대,5241
48,경남,48740,17000,공장,21-50대,1756
44,충남,44270,Z3000,근린생활시설,10대 이하,5
48,경남,48820,01000,단독주택,21-50대,30
29,광주,29110,13000,운동시설,100대 이상,122
43,충북,43114,05000,문화및집회시설,21-50대,36
28,인천,28260,22000,분뇨.쓰레기처리시설,11-20대,80
41,경기,41570,22000,분뇨.쓰레기처리시설,11-20대,49
46,전남,46840,13000,운동시설,10대 이하,12
41,경기,41390,14000,업무시설,100대 이상,41245
31,울산,31140,,,100대 이상,1430
47,경북,47770,25000,발전시설,10대 이하,0
43,충북,43113,09000,의료시설,100대 이상,943
48,경남,48220,06000,종교시설,11-20대,71
47,경북,47830,10000,교육연구시설,10대 이하,37
45,전북,45130,15000,숙박시설,100대 이상,901
27,대구,27290,18000,창고시설,11-20대,77
46,전남,46170,05000,문화및집회시설,100대 이상,152
29,광주,29155,03000,제1종근린생활시설,10대 이하,1304
27,대구,27140,15000,숙박시설,10대 이하,264
44,충남,44800,11000,노유자시설,10대 이하,122
41,경기,41650,01000,단독주택,21-50대,280
46,전남,46170,17000,공장,10대 이하,2107
11,서울,11590,23000,교정및군사시설,100대 이상,380
44,충남,44250,Z5000,문화및집회시설,10대 이하,6
48,경남,48121,01000,단독주택,100대 이상,180
47,경북,47170,Z8000,교육연구및복지시설,11-20대,12
28,인천,28110,03000,제1종근린생활시설,100대 이상,1315
41,경기,41390,17000,공장,10대 이하,7276
28,인천,28200,Z8000,교육연구및복지시설,10대 이하,4
41,경기,41670,09000,의료시설,21-50대,107
48,경남,48880,05000,문화및집회시설,100대 이상,320
36,세종,36110,03000,제1종근린생활시설,21-50대,1879
31,울산,31710,12000,수련시설,11-20대,11
26,부산,26530,24000,방송통신시설,51-100대,87
51,강원,51130,Z9000,공공용시설,10대 이하,4
29,광주,29170,19000,위험물저장및처리시설,21-50대,32
41,경기,41550,23000,교정및군사시설,10대 이하,0
26,부산,26350,08000,운수시설,21-50대,26
48,경남,48127,14000,업무시설,21-50대,651
27,대구,27290,05000,문화및집회시설,51-100대,91
31,울산,31170,07000,판매시설,100대 이상,1158
41,경기,41370,13000,운동시설,21-50대,324
28,인천,28237,02000,공동주택,100대 이상,693331
41,경기,41461,26000,묘지관련시설,10대 이하,5
51,강원,51790,13000,운동시설,21-50대,27
28,인천,28710,29000,장례시설,100대 이상,104
51,강원,51150,20000,자동차관련시설,51-100대,184
48,경남,48890,07000,판매시설,21-50대,23
41,경기,41650,07000,판매시설,11-20대,46
41,경기,41650,02000,공동주택,11-20대,3995
41,경기,41117,15000,숙박시설,21-50대,178
31,울산,31710,13000,운동시설,100대 이상,2525
47,경북,47920,03000,제1종근린생활시설,21-50대,190
26,부산,26230,,,21-50대,144
41,경기,41310,03000,제1종근린생활시설,21-50대,723
28,인천,28710,,,10대 이하,21
44,충남,44131,17000,공장,21-50대,4117
43,충북,43740,11000,노유자시설,10대 이하,51
26,부산,26410,09000,의료시설,11-20대,54
47,경북,47111,13000,운동시설,21-50대,261
48,경남,48850,09000,의료시설,10대 이하,0
48,경남,48170,20000,자동차관련시설,10대 이하,204
28,인천,28110,06000,종교시설,51-100대,137
31,울산,31200,01000,단독주택,100대 이상,1063
41,경기,41590,33000,"국방,군사시설",10대 이하,0
11,서울,11290,04000,제2종근린생활시설,10대 이하,4828
11,서울,11230,06000,종교시설,10대 이하,176
43,충북,43112,Z3000,근린생활시설,10대 이하,25
11,서울,11200,08000,운수시설,10대 이하,0
47,경북,47940,09000,의료시설,10대 이하,0
41,경기,41117,04000,제2종근린생활시설,10대 이하,3786
27,대구,27170,01001,단독주택,10대 이하,0
46,전남,46880,02000,공동주택,11-20대,197
43,충북,43730,,,100대 이상,1120
11,서울,11110,09000,의료시설,51-100대,57
45,전북,45740,04000,제2종근린생활시설,11-20대,38
46,전남,46170,05000,문화및집회시설,51-100대,563
51,강원,51770,02000,공동주택,100대 이상,3804
31,울산,31170,14000,업무시설,21-50대,240
11,서울,11650,01000,단독주택,21-50대,59
48,경남,48125,13000,운동시설,10대 이하,10
45,전북,45140,21000,동물및식물관련시설,10대 이하,62
36,세종,36110,17000,공장,51-100대,2894
47,경북,47113,12000,수련시설,100대 이상,118
45,전북,45111,29000,장례시설,100대 이상,378
48,경남,48730,19000,위험물저장및처리시설,10대 이하,86
41,경기,41131,04000,제2종근린생활시설,21-50대,400
41,경기,41117,10000,교육연구시설,100대 이상,263780
31,울산,31140,12000,수련시설,10대 이하,5
47,경북,47190,07000,판매시설,51-100대,425
45,전북,45190,14000,업무시설,10대 이하,93
47,경북,47820,13000,운동시설,11-20대,12
41,경기,41273,27000,관광휴게시설,51-100대,78
45,전북,45210,Z8000,교육연구및복지시설,10대 이하,3
41,경기,41800,11000,노유자시설,10대 이하,60
28,인천,28200,07000,판매시설,21-50대,202
11,서울,11200,20000,자동차관련시설,11-20대,187
31,울산,31710,05000,문화및집회시설,51-100대,104
46,전남,46780,,,100대 이상,103
44,충남,44150,15000,숙박시설,11-20대,440
26,부산,26710,01000,단독주택,11-20대,180
45,전북,45740,06000,종교시설,51-100대,70
51,강원,51150,08000,운수시설,100대 이상,814
41,경기,41281,Z8000,교육연구및복지시설,10대 이하,12
45,전북,45130,12000,수련시설,51-100대,69
26,부산,26200,05000,문화및집회시설,10대 이하,20
47,경북,47850,03000,제1종근린생활시설,10대 이하,2130
44,충남,44825,11000,노유자시설,51-100대,78
29,광주,29155,22000,분뇨.쓰레기처리시설,21-50대,148
27,대구,27140,Z6000,판매및영업시설,21-50대,64
41,경기,41463,30000,자원순환관련시설,11-20대,18
11,서울,11230,03000,제1종근린생활시설,51-100대,536
46,전남,46110,05000,문화및집회시설,100대 이상,2886
31,울산,31110,20000,자동차관련시설,51-100대,256
44,충남,44710,Z3000,근린생활시설,10대 이하,0
41,경기,41133,08000,운수시설,100대 이상,119
11,서울,11710,12000,수련시설,10대 이하,5
44,충남,44790,15000,숙박시설,10대 이하,95
47,경북,47820,13000,운동시설,21-50대,42
11,서울,11590,06000,종교시설,51-100대,396
30,대전,30140,06000,종교시설,51-100대,182
47,경북,47930,21000,동물및식물관련시설,11-20대,19
46,전남,46230,17000,공장,100대 이상,640105
28,인천,28237,Z6000,판매및영업시설,51-100대,72
45,전북,45710,04000,제2종근린생활시설,10대 이하,1636
46,전남,46880,10000,교육연구시설,100대 이상,924
11,서울,11530,22000,분뇨.쓰레기처리시설,10대 이하,0
51,강원,51730,17000,공장,100대 이상,4664
41,경기,41610,15000,숙박시설,10대 이하,127
26,부산,26230,18000,창고시설,10대 이하,75
46,전남,46770,12000,수련시설,100대 이상,1098
48,경남,48220,22000,분뇨.쓰레기처리시설,10대 이하,25
44,충남,44150,01000,단독주택,10대 이하,3413
31,울산,31170,04000,제2종근린생활시설,21-50대,151
51,강원,51770,14000,업무시설,11-20대,65
29,광주,29200,08000,운수시설,100대 이상,1314
31,울산,31170,13000,운동시설,10대 이하,0
27,대구,27230,20000,자동차관련시설,21-50대,714
48,경남,48880,Z8000,교육연구및복지시설,100대 이상,131
43,충북,43130,27000,관광휴게시설,10대 이하,1
51,강원,51780,16000,위락시설,10대 이하,0
26,부산,26230,16000,위락시설,51-100대,53
44,충남,44133,11000,노유자시설,10대 이하,342
46,전남,46910,18000,창고시설,21-50대,25
26,부산,26350,03000,제1종근린생활시설,10대 이하,1460
41,경기,41271,18000,창고시설,10대 이하,106
48,경남,48740,17000,공장,51-100대,1558
30,대전,30200,02000,공동주택,11-20대,1610
41,경기,41500,02000,공동주택,10대 이하,3828
41,경기,41670,03000,제1종근린생활시설,21-50대,454
41,경기,41173,27000,관광휴게시설,10대 이하,0
48,경남,48330,09000,의료시설,100대 이상,379
46,전남,46900,,,10대 이하,32
31,울산,31170,18000,창고시설,10대 이하,22
48,경남,48820,,,10대 이하,8
41,경기,41430,19000,위험물저장및처리시설,100대 이상,3078
41,경기,41550,10000,교육연구시설,10대 이하,206
51,강원,51820,15205,휴양콘도미니엄,10대 이하,0
28,인천,28177,13000,운동시설,21-50대,114
47,경북,47280,06000,종교시설,10대 이하,75
11,서울,11215,02000,공동주택,21-50대,3151
27,대구,27170,07000,판매시설,11-20대,79
51,강원,51720,16000,위락시설,10대 이하,0
47,경북,47210,03000,제1종근린생활시설,11-20대,555
46,전남,46770,10000,교육연구시설,100대 이상,1167
41,경기,41610,09000,의료시설,100대 이상,145
48,경남,48250,08000,운수시설,51-100대,145
48,경남,48123,26000,묘지관련시설,100대 이상,455
43,충북,43745,07000,판매시설,11-20대,20
41,경기,41271,05000,문화및집회시설,10대 이하,52
11,서울,11350,04000,제2종근린생활시설,11-20대,944
45,전북,45800,30000,자원순환관련시설,21-50대,47
41,경기,41111,12000,수련시설,10대 이하,15
30,대전,30110,05000,문화및집회시설,10대 이하,22
50,제주,50110,Z5000,문화및집회시설,51-100대,130
30,대전,30200,06000,종교시설,10대 이하,228
46,전남,46230,03000,제1종근린생활시설,11-20대,262
41,경기,41173,24000,방송통신시설,100대 이상,323
41,경기,41550,22000,분뇨.쓰레기처리시설,11-20대,53
47,경북,47770,19000,위험물저장및처리시설,100대 이상,199
48,경남,48330,Z3000,근린생활시설,10대 이하,57
48,경남,48310,02000,공동주택,100대 이상,141520
41,경기,41800,15000,숙박시설,21-50대,69
11,서울,11350,01000,단독주택,10대 이하,4536
41,경기,41250,20000,자동차관련시설,10대 이하,92
41,경기,41630,21000,동물및식물관련시설,11-20대,12
43,충북,43130,14000,업무시설,11-20대,400
31,울산,31170,Z3000,근린생활시설,10대 이하,16
29,광주,29155,11000,노유자시설,100대 이상,5760
48,경남,48740,17000,공장,10대 이하,746
44,충남,44825,13000,운동시설,10대 이하,22
48,경남,48220,09000,의료시설,51-100대,255
41,경기,41410,27000,관광휴게시설,100대 이상,190
51,강원,51170,11000,노유자시설,51-100대,99
11,서울,11200,02000,공동주택,10대 이하,4048
41,경기,41115,10000,교육연구시설,100대 이상,144
47,경북,47130,10000,교육연구시설,100대 이상,12784
27,대구,27710,05000,문화및집회시설,11-20대,48
47,경북,47940,,,10대 이하,10
11,서울,11440,24000,방송통신시설,10대 이하,0
41,경기,41131,23000,교정및군사시설,51-100대,62
41,경기,41570,16000,위락시설,21-50대,35
44,충남,44270,04000,제2종근린생활시설,100대 이상,22426
44,충남,44710,05000,문화및집회시설,51-100대,130
44,충남,44800,29000,장례시설,21-50대,40
47,경북,47750,Z5000,문화및집회시설,10대 이하,0
47,경북,47920,13000,운동시설,10대 이하,6
48,경남,48250,19000,위험물저장및처리시설,11-20대,37
48,경남,48129,16000,위락시설,21-50대,48
48,경남,48880,04000,제2종근린생활시설,10대 이하,815
50,제주,50110,03000,제1종근린생활시설,100대 이상,1245
27,대구,27110,09000,의료시설,51-100대,608
48,경남,48123,11000,노유자시설,11-20대,53
51,강원,51130,,,21-50대,308
41,경기,41610,10000,교육연구시설,11-20대,195
11,서울,11320,07000,판매시설,11-20대,50
48,경남,48310,04000,제2종근린생활시설,100대 이상,147
46,전남,46710,,,21-50대,51
28,인천,28237,10000,교육연구시설,21-50대,1415
26,부산,26140,05000,문화및집회시설,100대 이상,210
31,울산,31170,20000,자동차관련시설,100대 이상,1056
47,경북,47850,11000,노유자시설,10대 이하,246
11,서울,11410,13000,운동시설,10대 이하,0
27,대구,27290,Z3000,근린생활시설,21-50대,215
46,전남,46830,09000,의료시설,11-20대,18
47,경북,47150,05000,문화및집회시설,10대 이하,31
47,경북,47750,27000,관광휴게시설,10대 이하,0
46,전남,46770,02000,공동주택,51-100대,421
48,경남,48240,21000,동물및식물관련시설,10대 이하,43
50,제주,50130,24000,방송통신시설,21-50대,165
41,경기,41830,17000,공장,21-50대,164
30,대전,30140,19000,위험물저장및처리시설,11-20대,12
50,제주,50110,Z8000,교육연구및복지시설,11-20대,33
30,대전,30140,22000,분뇨.쓰레기처리시설,10대 이하,4
51,강원,51130,23000,교정및군사시설,10대 이하,83
44,충남,44210,07000,판매시설,100대 이상,2320
47,경북,47113,19000,위험물저장및처리시설,21-50대,75
46,전남,46880,14000,업무시설,11-20대,89
47,경북,47940,26000,묘지관련시설,10대 이하,0
48,경남,48170,04010,학원,10대 이하,0
48,경남,48240,26000,묘지관련시설,10대 이하,0
46,전남,46830,15000,숙박시설,11-20대,56
51,강원,51110,11000,노유자시설,100대 이상,1053
48,경남,48720,16000,위락시설,10대 이하,16
50,제주,50130,24000,방송통신시설,11-20대,48
51,강원,51210,13000,운동시설,11-20대,33
29,광주,29200,23000,교정및군사시설,21-50대,24
45,전북,45113,18000,창고시설,100대 이상,6721
27,대구,27230,04000,제2종근린생활시설,51-100대,139
43,충북,43770,18000,창고시설,51-100대,384
51,강원,51790,23000,교정및군사시설,10대 이하,61
41,경기,41131,03000,제1종근린생활시설,10대 이하,1148
26,부산,26410,21000,동물및식물관련시설,10대 이하,4
48,경남,48170,01000,단독주택,11-20대,1797
44,충남,44810,13000,운동시설,100대 이상,257
45,전북,45770,Z3000,근린생활시설,10대 이하,0
41,경기,41670,21000,동물및식물관련시설,10대 이하,102
41,경기,41800,05000,문화및집회시설,51-100대,74
51,강원,51780,26000,묘지관련시설,21-50대,22
28,인천,28140,30000,자원순환관련시설,10대 이하,12
51,강원,51830,13000,운동시설,10대 이하,7
47,경북,47900,10000,교육연구시설,100대 이상,564
47,경북,47930,19000,위험물저장및처리시설,10대 이하,2
45,전북,45790,09000,의료시설,11-20대,60
48,경남,48250,18000,창고시설,51-100대,555
41,경기,41550,,,100대 이상,423
27,대구,27710,18000,창고시설,10대 이하,689
30,대전,30110,18000,창고시설,11-20대,43
45,전북,45130,25000,발전시설,10대 이하,8
51,강원,51210,15000,숙박시설,11-20대,403
46,전남,46770,20000,자동차관련시설,10대 이하,9
41,경기,41570,12000,수련시설,11-20대,20
41,경기,41390,04000,제2종근린생활시설,100대 이상,2567
26,부산,26290,03000,제1종근린생활시설,100대 이상,234
48,경남,48870,01001,단독주택,10대 이하,0
26,부산,26440,,,11-20대,62
41,경기,41210,12000,수련시설,100대 이상,102
41,경기,41113,Z3000,근린생활시설,10대 이하,14
41,경기,41290,10000,교육연구시설,11-20대,26
43,충북,43113,,,10대 이하,44
44,충남,44180,24000,방송통신시설,21-50대,30
48,경남,48127,02000,공동주택,100대 이상,69026
51,강원,51830,02000,공동주택,10대 이하,178
41,경기,41117,03000,제1종근린생활시설,11-20대,813
48,경남,48250,07000,판매시설,21-50대,331
43,충북,43113,17000,공장,11-20대,1713
47,경북,47250,21000,동물및식물관련시설,11-20대,44
11,서울,11545,11000,노유자시설,11-20대,96
51,강원,51170,04000,제2종근린생활시설,11-20대,198
46,전남,46710,18000,창고시설,10대 이하,278
46,전남,46840,11000,노유자시설,21-50대,24
51,강원,51190,26000,묘지관련시설,10대 이하,10
44,충남,44270,05000,문화및집회시설,100대 이상,401
44,충남,44200,01000,단독주택,11-20대,15413
11,서울,11170,11000,노유자시설,51-100대,75
41,경기,41390,01000,단독주택,100대 이상,580
41,경기,41830,14000,업무시설,11-20대,79
41,경기,41310,04000,제2종근린생활시설,10대 이하,2589
41,경기,41820,12000,수련시설,100대 이상,150
43,충북,43130,30000,자원순환관련시설,10대 이하,84
45,전북,45210,10000,교육연구시설,10대 이하,293
48,경남,48220,01000,단독주택,21-50대,165
46,전남,46910,17000,공장,21-50대,27
51,강원,51150,23000,교정및군사시설,10대 이하,29
48,경남,48890,15000,숙박시설,51-100대,58
41,경기,41281,27000,관광휴게시설,21-50대,23
51,강원,51230,05000,문화및집회시설,21-50대,25
45,전북,45180,25000,발전시설,11-20대,14
36,세종,36110,08000,운수시설,10대 이하,8
45,전북,45790,03000,제1종근린생활시설,11-20대,283
30,대전,30110,13000,운동시설,21-50대,61
48,경남,48121,11000,노유자시설,11-20대,129
46,전남,46230,25000,발전시설,10대 이하,0
45,전북,45750,26000,묘지관련시설,10대 이하,0
45,전북,45111,,,11-20대,45
41,경기,41610,26000,묘지관련시설,21-50대,26
41,경기,41550,24000,방송통신시설,21-50대,117
43,충북,43150,10000,교육연구시설,10대 이하,97
11,서울,11500,02000,공동주택,10대 이하,36411
26,부산,26260,07000,판매시설,10대 이하,7
26,부산,26410,19000,위험물저장및처리시설,10대 이하,32
41,경기,41450,,,21-50대,50
11,서울,11215,Z5000,문화및집회시설,11-20대,17
46,전남,46170,05000,문화및집회시설,10대 이하,32
51,강원,51810,13000,운동시설,100대 이상,2255
11,서울,11590,04000,제2종근린생활시설,21-50대,398
27,대구,27710,Z8000,교육연구및복지시설,51-100대,58
41,경기,41271,Z5000,문화및집회시설,10대 이하,0
41,경기,41590,12000,수련시설,100대 이상,332
41,경기,41430,09000,의료시설,21-50대,155
46,전남,46130,30000,자원순환관련시설,11-20대,39
48,경남,48870,04000,제2종근린생활시설,21-50대,22
43,충북,43113,17000,공장,10대 이하,1638
29,광주,29110,01000,단독주택,21-50대,138
26,부산,26140,14000,업무시설,10대 이하,121
26,부산,26710,09000,의료시설,10대 이하,0
47,경북,47840,14000,업무시설,100대 이상,114
28,인천,28245,04000,제2종근린생활시설,11-20대,1182
29,광주,29170,29000,장례시설,100대 이상,509
27,대구,27290,15000,숙박시설,11-20대,416
45,전북,45111,,,100대 이상,1426
47,경북,47830,19000,위험물저장및처리시설,10대 이하,34
41,경기,41117,24000,방송통신시설,10대 이하,6
11,서울,11740,07000,판매시설,11-20대,28
41,경기,41465,29000,장례시설,100대 이상,139
48,경남,48850,17000,공장,11-20대,103
48,경남,48240,02000,공동주택,51-100대,1996
41,경기,41133,13000,운동시설,21-50대,84
28,인천,28110,26000,묘지관련시설,10대 이하,0
41,경기,41285,13000,운동시설,21-50대,149
48,경남,48890,02000,공동주택,51-100대,249
30,대전,30110,24000,방송통신시설,10대 이하,0
48,경남,48870,03000,제1종근린생활시설,10대 이하,508
48,경남,48720,14000,업무시설,51-100대,71
51,강원,51150,19000,위험물저장및처리시설,11-20대,16
11,서울,11350,26000,묘지관련시설,10대 이하,0
44,충남,44270,05000,문화및집회시설,51-100대,213
27,대구,27230,11000,노유자시설,11-20대,164
27,대구,27140,27000,관광휴게시설,11-20대,15
11,서울,11305,13000,운동시설,21-50대,141
28,인천,28185,11000,노유자시설,10대 이하,178
46,전남,46900,02000,공동주택,51-100대,580
44,충남,44200,06000,종교시설,11-20대,340
11,서울,11650,19000,위험물저장및처리시설,10대 이하,62
48,경남,48121,Z6000,판매및영업시설,100대 이상,490
46,전남,46110,13000,운동시설,11-20대,97
11,서울,11230,13000,운동시설,11-20대,20
47,경북,47250,11000,노유자시설,10대 이하,75
41,경기,41820,15000,숙박시설,10대 이하,2737
41,경기,41500,23000,교정및군사시설,10대 이하,2
41,경기,41650,07000,판매시설,100대 이상,954
48,경남,48740,17000,공장,100대 이상,25682
47,경북,47150,19000,위험물저장및처리시설,10대 이하,102
11,서울,11590,10000,교육연구시설,51-100대,1364
44,충남,44790,12000,수련시설,11-20대,68
48,경남,48129,17000,공장,21-50대,740
48,경남,48129,Z8000,교육연구및복지시설,11-20대,14
43,충북,43720,26000,묘지관련시설,51-100대,100
47,경북,47290,07000,판매시설,21-50대,169
46,전남,46890,15000,숙박시설,21-50대,364
43,충북,43770,17000,공장,21-50대,4085
46,전남,46720,03000,제1종근린생활시설,10대 이하,447
41,경기,41830,12000,수련시설,11-20대,83
26,부산,26440,18000,창고시설,21-50대,617
47,경북,47770,03000,제1종근린생활시설,51-100대,197
44,충남,44800,02000,공동주택,10대 이하,608
48,경남,48330,03000,제1종근린생활시설,11-20대,1012
48,경남,48740,03000,제1종근린생활시설,11-20대,190
46,전남,46710,18000,창고시설,100대 이상,124
48,경남,48310,,,100대 이상,637
48,경남,48220,17000,공장,11-20대,179
27,대구,27260,Z8000,교육연구및복지시설,21-50대,297
41,경기,41550,12000,수련시설,11-20대,12
45,전북,45720,17000,공장,51-100대,66
11,서울,11350,21000,동물및식물관련시설,10대 이하,0
45,전북,45750,19000,위험물저장및처리시설,10대 이하,9
43,충북,43130,20000,자동차관련시설,21-50대,191
11,서울,11350,02000,공동주택,10대 이하,7053
41,경기,41113,13000,운동시설,10대 이하,52
48,경남,48123,22000,분뇨.쓰레기처리시설,10대 이하,33
45,전북,45750,13000,운동시설,10대 이하,10
11,서울,11650,18000,창고시설,10대 이하,33
47,경북,47940,08000,운수시설,21-50대,22
44,충남,44230,11000,노유자시설,11-20대,109
43,충북,43800,24000,방송통신시설,10대 이하,10
47,경북,47770,03000,제1종근린생활시설,11-20대,148
46,전남,46720,11000,노유자시설,11-20대,13
44,충남,44790,04000,제2종근린생활시설,10대 이하,646
43,충북,43150,07000,판매시설,10대 이하,37
47,경북,47930,14000,업무시설,51-100대,98
28,인천,28140,11000,노유자시설,21-50대,23
26,부산,26710,30000,자원순환관련시설,10대 이하,42
11,서울,11305,07000,판매시설,21-50대,87
28,인천,28200,06000,종교시설,11-20대,571
26,부산,26140,15000,숙박시설,21-50대,142
45,전북,45720,01000,단독주택,10대 이하,433
46,전남,46800,12000,수련시설,21-50대,63
26,부산,26170,05000,문화및집회시설,51-100대,81
11,서울,11320,22000,분뇨.쓰레기처리시설,51-100대,94
51,강원,51750,Z9000,공공용시설,10대 이하,0
29,광주,29140,17000,공장,21-50대,39
11,서울,11710,05000,문화및집회시설,21-50대,121
51,강원,51130,16000,위락시설,10대 이하,100
11,서울,11410,20000,자동차관련시설,10대 이하,7
28,인천,28177,,,100대 이상,699
28,인천,28710,30000,자원순환관련시설,10대 이하,21
26,부산,26320,02000,공동주택,100대 이상,160331
41,경기,41630,24000,방송통신시설,10대 이하,3
46,전남,46790,09000,의료시설,11-20대,30
51,강원,51110,10000,교육연구시설,51-100대,1840
51,강원,51130,05000,문화및집회시설,21-50대,138
43,충북,43720,20000,자동차관련시설,10대 이하,6
47,경북,47840,03000,제1종근린생활시설,100대 이상,144
46,전남,46910,05000,문화및집회시설,100대 이상,912
27,대구,27290,05000,문화및집회시설,100대 이상,1107
48,경남,48240,09000,의료시설,11-20대,68
29,광주,29140,Z8000,교육연구및복지시설,21-50대,399
26,부산,26320,Z8000,교육연구및복지시설,51-100대,89
30,대전,30170,03000,제1종근린생활시설,11-20대,1358
44,충남,44131,11000,노유자시설,10대 이하,404
11,서울,11710,20000,자동차관련시설,10대 이하,153
48,경남,48220,,,10대 이하,9
43,충북,43740,10000,교육연구시설,100대 이상,1365
11,서울,11740,06000,종교시설,11-20대,382
48,경남,48850,13000,운동시설,10대 이하,8
47,경북,47170,05000,문화및집회시설,51-100대,222
41,경기,41171,11000,노유자시설,21-50대,87
41,경기,41171,Z5000,문화및집회시설,11-20대,13
46,전남,46770,09000,의료시설,11-20대,31
51,강원,51110,15000,숙박시설,11-20대,344
43,충북,43114,14000,업무시설,100대 이상,1233
46,전남,46790,06000,종교시설,51-100대,282
26,부산,26320,16000,위락시설,11-20대,20
51,강원,51230,02000,공동주택,21-50대,1014
48,경남,48310,13000,운동시설,51-100대,74
41,경기,41220,27000,관광휴게시설,10대 이하,0
48,경남,48125,05000,문화및집회시설,11-20대,30
11,서울,11170,Z5000,문화및집회시설,21-50대,41
48,경남,48870,27000,관광휴게시설,11-20대,114
51,강원,51770,16000,위락시설,21-50대,23
27,대구,27170,16000,위락시설,21-50대,42
31,울산,31710,22000,분뇨.쓰레기처리시설,21-50대,122
45,전북,45790,Z3000,근린생활시설,10대 이하,14
26,부산,26410,17000,공장,51-100대,562
28,인천,28177,03101,동사무소,10대 이하,0
46,전남,46730,17000,공장,21-50대,140
43,충북,43760,14000,업무시설,11-20대,81
30,대전,30110,18000,창고시설,10대 이하,370
45,전북,45710,23000,교정및군사시설,10대 이하,8
26,부산,26530,07000,판매시설,51-100대,139
46,전남,46170,12000,수련시설,10대 이하,0
44,충남,44180,04000,제2종근린생활시설,10대 이하,1804
48,경남,48840,20000,자동차관련시설,51-100대,72
43,충북,43740,18000,창고시설,10대 이하,131
45,전북,45130,23000,교정및군사시설,21-50대,80
29,광주,29140,01000,단독주택,10대 이하,17203
47,경북,47830,17000,공장,11-20대,1957
36,세종,36110,01000,단독주택,11-20대,4513
47,경북,47280,01000,단독주택,11-20대,769
28,인천,28200,01000,단독주택,21-50대,25
43,충북,43114,07000,판매시설,51-100대,209
41,경기,41463,20000,자동차관련시설,51-100대,593
47,경북,47170,14000,업무시설,10대 이하,78
29,광주,29170,06000,종교시설,10대 이하,280
51,강원,51770,09000,의료시설,11-20대,18
48,경남,48740,31000,야영장시설,10대 이하,0
28,인천,28260,07000,판매시설,100대 이상,4433
50,제주,50110,사찰,,10대 이하,0
27,대구,27290,24000,방송통신시설,11-20대,19
41,경기,41463,15000,숙박시설,51-100대,141
51,강원,51210,17000,공장,10대 이하,312
26,부산,26710,15000,숙박시설,21-50대,560
48,경남,48121,17000,공장,21-50대,2391
28,인천,28710,33000,"국방,군사시설",10대 이하,0
46,전남,46150,05000,문화및집회시설,100대 이상,2996
47,경북,47170,13000,운동시설,10대 이하,25
43,충북,43740,09000,의료시설,21-50대,30
47,경북,47830,10000,교육연구시설,51-100대,86
41,경기,41135,07000,판매시설,51-100대,471
41,경기,41310,31000,야영장시설,10대 이하,2
26,부산,26290,15000,숙박시설,11-20대,160
41,경기,41133,17000,공장,21-50대,945
46,전남,46840,01000,단독주택,51-100대,54
47,경북,47930,10000,교육연구시설,21-50대,263
48,경남,48330,Z8000,교육연구및복지시설,21-50대,106
41,경기,41670,29000,장례시설,10대 이하,9
43,충북,43740,25000,발전시설,10대 이하,0
51,강원,51790,01000,단독주택,10대 이하,2143
48,경남,48250,02000,공동주택,51-100대,1684
26,부산,26140,12000,수련시설,100대 이상,128
44,충남,44710,06000,종교시설,11-20대,26
47,경북,47840,03000,제1종근린생활시설,10대 이하,749
41,경기,41461,06000,종교시설,100대 이상,861
48,경남,48880,24000,방송통신시설,10대 이하,0
11,서울,11650,12000,수련시설,11-20대,13
46,전남,46840,11000,노유자시설,10대 이하,100
47,경북,47900,13000,운동시설,11-20대,15
41,경기,41135,02000,공동주택,100대 이상,1494127
51,강원,51750,24000,방송통신시설,10대 이하,1
44,충남,44200,10000,교육연구시설,100대 이상,35920
41,경기,41820,05000,문화및집회시설,11-20대,65
48,경남,48123,05000,문화및집회시설,100대 이상,2345
44,충남,44710,04000,제2종근린생활시설,11-20대,35
41,경기,41133,11000,노유자시설,21-50대,167
48,경남,48121,11000,노유자시설,21-50대,152
47,경북,47111,29000,장례시설,51-100대,85
31,울산,31170,01000,단독주택,11-20대,1410
46,전남,46150,11000,노유자시설,21-50대,118
43,충북,43770,01000,단독주택,10대 이하,3631
11,서울,11170,10000,교육연구시설,100대 이상,1049
48,경남,48840,05000,문화및집회시설,10대 이하,21
29,광주,29140,10000,교육연구시설,10대 이하,183
46,전남,46110,17000,공장,51-100대,690
41,경기,41463,09000,의료시설,11-20대,40
48,경남,48170,10000,교육연구시설,11-20대,308
31,울산,31110,14000,업무시설,11-20대,209
41,경기,41390,18000,창고시설,51-100대,229
28,인천,28245,12000,수련시설,11-20대,18
47,경북,47830,15000,숙박시설,10대 이하,39
51,강원,51780,10000,교육연구시설,100대 이상,603
28,인천,28237,Z8000,교육연구및복지시설,100대 이상,324
28,인천,28710,06000,종교시설,11-20대,285
51,강원,51790,31000,야영장시설,11-20대,14
44,충남,44150,05000,문화및집회시설,51-100대,390
46,전남,46790,01000,단독주택,11-20대,220
44,충남,44270,01000,단독주택,11-20대,13393
11,서울,11170,01000,단독주택,100대 이상,4727
48,경남,48240,18000,창고시설,51-100대,52
45,전북,45790,17000,공장,11-20대,305
41,경기,41133,06000,종교시설,11-20대,168
51,강원,51170,14000,업무시설,100대 이상,344
30,대전,30230,Z8000,교육연구및복지시설,100대 이상,423
43,충북,43760,02000,공동주택,21-50대,162
11,서울,11470,09000,의료시설,11-20대,56
48,경남,48170,05000,문화및집회시설,51-100대,426
26,부산,26230,01000,단독주택,11-20대,58
41,경기,41287,Z8000,교육연구및복지시설,10대 이하,5
46,전남,46720,29000,장례시설,11-20대,20
47,경북,47730,14000,업무시설,11-20대,40
47,경북,47280,02000,공동주택,21-50대,982
11,서울,11545,17000,공장,21-50대,920
51,강원,51150,03000,제1종근린생활시설,21-50대,1293
26,부산,26110,05000,문화및집회시설,51-100대,90
41,경기,41500,01000,단독주택,10대 이하,14063
30,대전,30110,18000,창고시설,100대 이상,810
47,경북,47230,20000,자동차관련시설,10대 이하,98
31,울산,31170,Z8000,교육연구및복지시설,10대 이하,0
11,서울,11530,13000,운동시설,10대 이하,0
51,강원,51760,03000,제1종근린생활시설,100대 이상,365
51,강원,51780,31000,야영장시설,10대 이하,5
47,경북,47840,33000,"국방,군사시설",11-20대,15
48,경남,48840,26000,묘지관련시설,10대 이하,0
41,경기,41273,17000,공장,21-50대,13541
41,경기,41360,24000,방송통신시설,10대 이하,47
44,충남,44250,,,10대 이하,9
48,경남,48330,01000,단독주택,51-100대,54
41,경기,41287,11000,노유자시설,11-20대,99
41,경기,41480,02000,공동주택,21-50대,4648
26,부산,26500,02000,공동주택,51-100대,1766
11,서울,11680,20000,자동차관련시설,10대 이하,76
48,경남,48730,,,11-20대,14
26,부산,26710,15000,숙박시설,11-20대,232
11,서울,11230,14000,업무시설,10대 이하,248
41,경기,41590,22000,분뇨.쓰레기처리시설,11-20대,146
51,강원,51150,07000,판매시설,51-100대,156
46,전남,46130,03000,제1종근린생활시설,10대 이하,3041
41,경기,41800,01000,단독주택,11-20대,166
44,충남,44710,11000,노유자시설,11-20대,27
48,경남,48730,07000,판매시설,100대 이상,141
41,경기,41463,15000,숙박시설,21-50대,257
11,서울,11320,13000,운동시설,11-20대,64
47,경북,47850,03000,제1종근린생활시설,21-50대,453
28,인천,28237,02000,공동주택,51-100대,3635
41,경기,41250,11000,노유자시설,21-50대,211
11,서울,11545,17000,공장,51-100대,749
31,울산,31110,,,100대 이상,118
45,전북,45180,Z5000,문화및집회시설,10대 이하,0
47,경북,47111,16000,위락시설,11-20대,27
26,부산,26200,04000,제2종근린생활시설,100대 이상,469
41,경기,41480,18000,창고시설,100대 이상,3746
26,부산,26710,04000,제2종근린생활시설,10대 이하,4926
28,인천,28245,09000,의료시설,11-20대,103
41,경기,41113,06000,종교시설,10대 이하,229
51,강원,51750,,,10대 이하,24
41,경기,41570,08000,운수시설,11-20대,13
46,전남,46800,09000,의료시설,10대 이하,8
47,경북,47840,16000,위락시설,10대 이하,7
44,충남,44131,05000,문화및집회시설,51-100대,119
26,부산,26470,07000,판매시설,11-20대,33
44,충남,44230,02000,공동주택,100대 이상,19960
48,경남,48850,12000,수련시설,10대 이하,10
46,전남,46900,03000,제1종근린생활시설,51-100대,59
41,경기,41461,24000,방송통신시설,21-50대,52
41,경기,41390,06000,종교시설,21-50대,439
26,부산,26170,19000,위험물저장및처리시설,10대 이하,29
51,강원,51190,17000,공장,21-50대,162
11,서울,11320,07000,판매시설,10대 이하,10
46,전남,46830,06000,종교시설,10대 이하,114
27,대구,27140,07000,판매시설,21-50대,28
47,경북,47760,15000,숙박시설,11-20대,33
41,경기,41410,03000,제1종근린생활시설,10대 이하,603
41,경기,41290,06000,종교시설,11-20대,32
48,경남,48270,17000,공장,51-100대,2372
47,경북,47130,15000,숙박시설,100대 이상,35090
27,대구,27200,07000,판매시설,10대 이하,26
11,서울,11590,33000,"국방,군사시설",10대 이하,0
45,전북,45800,05000,문화및집회시설,51-100대,269
29,광주,29155,01000,단독주택,11-20대,875
45,전북,45790,Z9000,공공용시설,10대 이하,0
28,인천,28177,06000,종교시설,51-100대,192
44,충남,44760,Z8000,교육연구및복지시설,11-20대,16
50,제주,50110,12000,수련시설,11-20대,74
51,강원,51820,30000,자원순환관련시설,10대 이하,11
41,경기,41283,03000,제1종근린생활시설,10대 이하,5
11,서울,11500,10000,교육연구시설,10대 이하,261
11,서울,11380,27000,관광휴게시설,10대 이하,7
43,충북,43730,14000,업무시설,21-50대,219
48,경남,48860,24000,방송통신시설,21-50대,42
29,광주,29140,06000,종교시설,51-100대,382
28,인천,28200,09000,의료시설,11-20대,85
41,경기,41281,15000,숙박시설,10대 이하,106
26,부산,26140,11000,노유자시설,10대 이하,69
45,전북,45710,13000,운동시설,100대 이상,1114
48,경남,48860,17000,공장,10대 이하,150
48,경남,48720,10000,교육연구시설,10대 이하,11
44,충남,44770,02000,공동주택,11-20대,359
44,충남,44180,27000,관광휴게시설,21-50대,32
44,충남,44210,13000,운동시설,51-100대,171
26,부산,26350,04000,제2종근린생활시설,51-100대,501
11,서울,11440,03000,제1종근린생활시설,10대 이하,2137
44,충남,44230,10000,교육연구시설,11-20대,112
47,경북,47130,18000,창고시설,10대 이하,666
41,경기,41650,23000,교정및군사시설,51-100대,333
45,전북,45790,24000,방송통신시설,10대 이하,0
48,경남,48127,07000,판매시설,11-20대,57
46,전남,46810,01001,단독주택,10대 이하,1
51,강원,51110,Z8000,교육연구및복지시설,100대 이상,391
36,세종,36110,16000,위락시설,10대 이하,11
41,경기,41171,02000,공동주택,11-20대,3709
41,경기,41310,11000,노유자시설,100대 이상,2229
27,대구,27720,13000,운동시설,21-50대,35
45,전북,45180,26000,묘지관련시설,100대 이상,618
27,대구,27200,11000,노유자시설,10대 이하,140
28,인천,28237,06000,종교시설,11-20대,432
41,경기,41670,13000,운동시설,100대 이상,34571
47,경북,47840,27000,관광휴게시설,100대 이상,1928
43,충북,43750,02000,공동주택,10대 이하,775
50,제주,50130,02000,공동주택,100대 이상,29120
31,울산,31170,09000,의료시설,100대 이상,2678
46,전남,46130,30000,자원순환관련시설,21-50대,30
48,경남,48730,05000,문화및집회시설,100대 이상,122
43,충북,43770,24000,방송통신시설,11-20대,11
48,경남,48270,07000,판매시설,11-20대,93
47,경북,47290,07000,판매시설,11-20대,144
26,부산,26470,14000,업무시설,11-20대,668
46,전남,46790,11000,노유자시설,21-50대,22
41,경기,41285,23000,교정및군사시설,100대 이상,3127
28,인천,28200,14000,업무시설,21-50대,4950
48,경남,48170,20000,자동차관련시설,21-50대,512
51,강원,51150,24000,방송통신시설,11-20대,12
41,경기,41135,09000,의료시설,51-100대,271
11,서울,11530,15000,숙박시설,11-20대,103
45,전북,45140,18000,창고시설,51-100대,96
41,경기,41190,02000,공동주택,21-50대,16117
45,전북,45180,22000,분뇨.쓰레기처리시설,21-50대,33
26,부산,26380,10000,교육연구시설,10대 이하,183
45,전북,45790,04000,제2종근린생활시설,11-20대,78
44,충남,44131,26000,묘지관련시설,10대 이하,0
48,경남,48890,24000,방송통신시설,10대 이하,0
27,대구,27140,09000,의료시설,21-50대,360
30,대전,30140,03000,제1종근린생활시설,51-100대,119
41,경기,41480,25000,발전시설,11-20대,11
27,대구,27110,09000,의료시설,100대 이상,2307
31,울산,31710,31000,야영장시설,10대 이하,212
45,전북,45190,23000,교정및군사시설,21-50대,24
47,경북,47190,Z9000,공공용시설,10대 이하,0
48,경남,48270,12000,수련시설,11-20대,11
45,전북,45800,19000,위험물저장및처리시설,10대 이하,15
48,경남,48310,15000,숙박시설,51-100대,410
26,부산,26440,07000,판매시설,100대 이상,143400
45,전북,45770,29000,장례시설,11-20대,18
44,충남,44200,26000,묘지관련시설,10대 이하,2
48,경남,48740,,,11-20대,41
46,전남,46130,02000,공동주택,21-50대,958
26,부산,26170,24000,방송통신시설,51-100대,59
41,경기,41173,15000,숙박시설,10대 이하,137
45,전북,45180,09000,의료시설,21-50대,204
29,광주,29200,20000,자동차관련시설,11-20대,420
51,강원,51230,08000,운수시설,11-20대,11
26,부산,26710,14000,업무시설,10대 이하,78
41,경기,41461,21000,동물및식물관련시설,21-50대,74
11,서울,11650,07000,판매시설,21-50대,60
48,경남,48250,14000,업무시설,100대 이상,4324
31,울산,31170,11000,노유자시설,11-20대,56
41,경기,41171,05000,문화및집회시설,10대 이하,35
41,경기,41830,15000,숙박시설,10대 이하,626
29,광주,29110,09000,의료시설,10대 이하,20
48,경남,48740,02000,공동주택,51-100대,739
46,전남,46880,02000,공동주택,100대 이상,5839
45,전북,45730,03000,제1종근린생활시설,11-20대,128
45,전북,45710,30000,자원순환관련시설,21-50대,31
41,경기,41360,05000,문화및집회시설,10대 이하,148
41,경기,41135,03000,제1종근린생활시설,11-20대,1294
46,전남,46710,04000,제2종근린생활시설,21-50대,445
11,서울,11680,14000,업무시설,51-100대,14339
28,인천,28177,Z8000,교육연구및복지시설,10대 이하,1
44,충남,44810,07000,판매시설,100대 이상,303
46,전남,46110,06000,종교시설,21-50대,637
51,강원,51170,03000,제1종근린생활시설,11-20대,349
26,부산,26110,01000,단독주택,10대 이하,200
41,경기,41360,13000,운동시설,11-20대,126
46,전남,46130,22000,분뇨.쓰레기처리시설,10대 이하,49
44,충남,44133,02000,공동주택,21-50대,1871
45,전북,45111,07000,판매시설,51-100대,273
48,경남,48870,07000,판매시설,10대 이하,7
11,서울,11380,15000,숙박시설,10대 이하,98
43,충북,43770,27000,관광휴게시설,21-50대,26
41,경기,41830,04000,제2종근린생활시설,10대 이하,6217
43,충북,43150,08000,운수시설,10대 이하,10
41,경기,41590,27000,관광휴게시설,51-100대,60
51,강원,51810,11000,노유자시설,21-50대,23
11,서울,11410,,,10대 이하,31
28,인천,28200,13000,운동시설,10대 이하,27
45,전북,45210,04000,제2종근린생활시설,11-20대,234
41,경기,41131,14000,업무시설,10대 이하,49
47,경북,47850,15000,숙박시설,10대 이하,352
46,전남,46890,24000,방송통신시설,10대 이하,1
45,전북,45710,,,100대 이상,298
47,경북,47840,06000,종교시설,11-20대,48
44,충남,44131,Z8000,교육연구및복지시설,21-50대,157
50,제주,50130,15000,숙박시설,11-20대,991
41,경기,41360,01000,단독주택,11-20대,911
51,강원,51190,15000,숙박시설,10대 이하,221
46,전남,46900,,,11-20대,16
45,전북,45720,10000,교육연구시설,11-20대,37
51,강원,51730,04000,제2종근린생활시설,11-20대,139
44,충남,44230,01000,단독주택,11-20대,1643
44,충남,44800,09000,의료시설,10대 이하,11
11,서울,11350,13000,운동시설,10대 이하,0
50,제주,50110,04000,제2종근린생활시설,100대 이상,1543
31,울산,31140,04000,제2종근린생활시설,11-20대,1354
51,강원,51720,13000,운동시설,21-50대,338
11,서울,11290,07000,판매시설,10대 이하,0
41,경기,41273,09000,의료시설,21-50대,335
47,경북,47760,01000,단독주택,10대 이하,514
47,경북,47170,05000,문화및집회시설,100대 이상,1672
45,전북,45210,05000,문화및집회시설,100대 이상,396
46,전남,46890,05000,문화및집회시설,21-50대,95
45,전북,45710,07000,판매시설,11-20대,26
26,부산,26380,22000,분뇨.쓰레기처리시설,10대 이하,22
41,경기,41830,07000,판매시설,10대 이하,2
11,서울,11710,14000,업무시설,10대 이하,435
11,서울,11140,14000,업무시설,51-100대,4570
41,경기,41360,03000,제1종근린생활시설,10대 이하,8357
26,부산,26200,06000,종교시설,100대 이상,107
48,경남,48820,02000,공동주택,21-50대,804
48,경남,48129,09000,의료시설,51-100대,57
51,강원,51170,06000,종교시설,21-50대,25
46,전남,46830,17000,공장,21-50대,2571
41,경기,41800,01000,단독주택,21-50대,36
36,세종,36110,14000,업무시설,10대 이하,51
28,인천,28110,19000,위험물저장및처리시설,11-20대,11
11,서울,11545,10000,교육연구시설,100대 이상,2759
28,인천,28237,07000,판매시설,21-50대,193
41,경기,41210,18000,창고시설,10대 이하,92
41,경기,41463,19000,위험물저장및처리시설,10대 이하,179
48,경남,48870,17000,공장,100대 이상,1519
44,충남,44150,Z6000,판매및영업시설,10대 이하,0
27,대구,27260,,,21-50대,59
46,전남,46150,13000,운동시설,51-100대,178
41,경기,41250,11000,노유자시설,10대 이하,142
41,경기,41220,20000,자동차관련시설,100대 이상,6366
41,경기,41550,21000,동물및식물관련시설,11-20대,56
46,전남,46150,30000,자원순환관련시설,51-100대,98
41,경기,41390,10000,교육연구시설,51-100대,3046
46,전남,46910,14000,업무시설,100대 이상,405
41,경기,41117,01000,단독주택,51-100대,114
43,충북,43750,,,21-50대,300
41,경기,41670,05000,문화및집회시설,100대 이상,2115
11,서울,11470,06000,종교시설,10대 이하,216
26,부산,26530,30000,자원순환관련시설,11-20대,16
46,전남,46800,03000,제1종근린생활시설,10대 이하,426
47,경북,47280,17000,공장,10대 이하,548
44,충남,44710,17000,공장,11-20대,560
45,전북,45130,17000,공장,51-100대,4672
41,경기,41111,10000,교육연구시설,21-50대,1348
27,대구,27140,09000,의료시설,11-20대,31
41,경기,41480,12000,수련시설,100대 이상,109
31,울산,31140,12000,수련시설,11-20대,16
43,충북,43130,26000,묘지관련시설,10대 이하,0
46,전남,46150,09000,의료시설,100대 이상,1838
48,경남,48270,02000,공동주택,11-20대,920
47,경북,47190,15000,숙박시설,11-20대,548
29,광주,29155,06000,종교시설,51-100대,464
26,부산,26170,05000,문화및집회시설,11-20대,17
46,전남,46780,05000,문화및집회시설,21-50대,78
47,경북,47750,05000,문화및집회시설,51-100대,146
48,경남,48860,06000,종교시설,21-50대,24
48,경남,48250,29000,장례시설,10대 이하,17
31,울산,31200,01000,단독주택,11-20대,3251
46,전남,46770,07000,판매시설,21-50대,98
46,전남,46110,20000,자동차관련시설,10대 이하,221
41,경기,41360,22000,분뇨.쓰레기처리시설,10대 이하,54
44,충남,44200,15000,숙박시설,21-50대,254
47,경북,47280,15000,숙박시설,21-50대,141
41,경기,41461,Z8000,교육연구및복지시설,21-50대,124
41,경기,41450,12000,수련시설,21-50대,25
44,충남,44270,13000,운동시설,10대 이하,9
45,전북,45113,11000,노유자시설,100대 이상,4144
45,전북,45111,14000,업무시설,10대 이하,122
26,부산,26500,09000,의료시설,100대 이상,845
51,강원,51170,22000,분뇨.쓰레기처리시설,10대 이하,0
11,서울,11710,05000,문화및집회시설,51-100대,194
46,전남,46790,01000,단독주택,10대 이하,4336
26,부산,26710,Z5000,문화및집회시설,10대 이하,0
41,경기,41271,06000,종교시설,11-20대,292
48,경남,48330,31000,야영장시설,10대 이하,11
48,경남,48850,26000,묘지관련시설,10대 이하,0
41,경기,41670,Z5000,문화및집회시설,10대 이하,16
11,서울,11545,02000,공동주택,51-100대,1510
44,충남,44825,04000,제2종근린생활시설,11-20대,219
43,충북,43760,11000,노유자시설,10대 이하,45
47,경북,47750,04000,제2종근린생활시설,11-20대,35
41,경기,41610,10000,교육연구시설,51-100대,964
41,경기,41670,23000,교정및군사시설,11-20대,38
51,강원,51770,22000,분뇨.쓰레기처리시설,21-50대,33
44,충남,44180,24000,방송통신시설,10대 이하,0
43,충북,43760,01000,단독주택,21-50대,140
51,강원,51230,15000,숙박시설,11-20대,98
41,경기,41281,24000,방송통신시설,51-100대,135
47,경북,47830,24000,방송통신시설,10대 이하,2
48,경남,48820,03000,제1종근린생활시설,10대 이하,589
47,경북,47150,27000,관광휴게시설,100대 이상,1922
46,전남,46110,29000,장례시설,11-20대,43
11,서울,11440,11000,노유자시설,21-50대,93
47,경북,47113,17000,공장,21-50대,782
45,전북,45750,14000,업무시설,10대 이하,7
27,대구,27200,03000,제1종근린생활시설,11-20대,166
48,경남,48220,25000,발전시설,10대 이하,2
51,강원,51170,Z5000,문화및집회시설,21-50대,23
48,경남,48840,,,10대 이하,0
45,전북,45190,21000,동물및식물관련시설,100대 이상,459
44,충남,44760,18000,창고시설,11-20대,27
30,대전,30140,14000,업무시설,11-20대,224
46,전남,46770,29000,장례시설,10대 이하,2
46,전남,46810,16000,위락시설,10대 이하,15
11,서울,11230,09000,의료시설,21-50대,519
41,경기,41590,18000,창고시설,21-50대,1291
50,제주,50110,05000,문화및집회시설,51-100대,1323
51,강원,51790,15000,숙박시설,10대 이하,100
11,서울,11590,,,11-20대,27
48,경남,48220,14000,업무시설,51-100대,693
45,전북,45790,27000,관광휴게시설,10대 이하,0
41,경기,41590,06000,종교시설,21-50대,1380
11,서울,11230,,,10대 이하,9
43,충북,43114,05000,문화및집회시설,100대 이상,759
11,서울,11530,03000,제1종근린생활시설,21-50대,1088
45,전북,45111,05000,문화및집회시설,100대 이상,3720
41,경기,41630,31000,야영장시설,21-50대,252
31,울산,31170,Z5000,문화및집회시설,11-20대,15
44,충남,44180,09000,의료시설,11-20대,25
44,충남,44800,20000,자동차관련시설,11-20대,28
11,서울,11560,02000,공동주택,51-100대,2630
47,경북,47170,17000,공장,51-100대,979
41,경기,41150,05000,문화및집회시설,51-100대,78
30,대전,30140,04000,제2종근린생활시설,21-50대,209
51,강원,51730,06000,종교시설,21-50대,68
41,경기,41150,16000,위락시설,21-50대,28
28,인천,28177,14000,업무시설,21-50대,6380
48,경남,48330,27000,관광휴게시설,10대 이하,0
48,경남,48123,05000,문화및집회시설,10대 이하,10
28,인천,28200,27000,관광휴게시설,10대 이하,4
45,전북,45790,,,10대 이하,15
51,강원,51170,15000,숙박시설,100대 이상,544
41,경기,41173,09000,의료시설,100대 이상,705
45,전북,45111,12000,수련시설,10대 이하,4
28,인천,28237,18000,창고시설,10대 이하,58
47,경북,47113,Z8000,교육연구및복지시설,11-20대,34
46,전남,46790,11000,노유자시설,10대 이하,115
51,강원,51820,03000,제1종근린생활시설,51-100대,199
46,전남,46820,04000,제2종근린생활시설,21-50대,135
47,경북,47113,08000,운수시설,21-50대,101
45,전북,45140,18000,창고시설,100대 이상,230
51,강원,51760,14000,업무시설,51-100대,129
43,충북,43114,16000,위락시설,21-50대,145
28,인천,28260,03000,제1종근린생활시설,100대 이상,2074
44,충남,44790,27000,관광휴게시설,10대 이하,0
43,충북,43760,11000,노유자시설,21-50대,40
46,전남,46810,12000,수련시설,10대 이하,84
50,제주,50130,04000,제2종근린생활시설,10대 이하,5008
45,전북,45180,13000,운동시설,100대 이상,3050
46,전남,46150,08000,운수시설,21-50대,22
29,광주,29140,07000,판매시설,51-100대,121
48,경남,48121,08000,운수시설,100대 이상,392
45,전북,45190,09000,의료시설,21-50대,177
51,강원,51820,03000,제1종근린생활시설,21-50대,145
51,강원,51150,01000,단독주택,51-100대,85
29,광주,29140,05000,문화및집회시설,21-50대,49
41,경기,41171,02000,공동주택,100대 이상,60494
46,전남,46710,21000,동물및식물관련시설,10대 이하,45
44,충남,44210,04000,제2종근린생활시설,11-20대,367
26,부산,26470,06000,종교시설,10대 이하,89
46,전남,46890,20000,자동차관련시설,10대 이하,9
44,충남,44230,02000,공동주택,10대 이하,330
43,충북,43760,20000,자동차관련시설,10대 이하,11
41,경기,41285,25000,발전시설,100대 이상,235
45,전북,45720,16000,위락시설,10대 이하,6
48,경남,48330,07000,판매시설,51-100대,166
28,인천,28710,26000,묘지관련시설,51-100대,97
44,충남,44131,04000,제2종근린생활시설,100대 이상,574
46,전남,46790,20000,자동차관련시설,100대 이상,104
30,대전,30170,06000,종교시설,100대 이상,1124
48,경남,48129,19000,위험물저장및처리시설,51-100대,318
47,경북,47250,03000,제1종근린생활시설,100대 이상,1772
31,울산,31140,06000,종교시설,100대 이상,158
46,전남,46130,05000,문화및집회시설,21-50대,187
51,강원,51770,02000,공동주택,51-100대,392
48,경남,48840,10000,교육연구시설,21-50대,84
41,경기,41135,07000,판매시설,21-50대,162
46,전남,46810,03000,제1종근린생활시설,21-50대,280
47,경북,47170,20000,자동차관련시설,10대 이하,80
43,충북,43745,15000,숙박시설,11-20대,57
28,인천,28260,14000,업무시설,11-20대,263
41,경기,41150,Z5000,문화및집회시설,10대 이하,3
43,충북,43114,19000,위험물저장및처리시설,10대 이하,147
48,경남,48123,08000,운수시설,11-20대,13
27,대구,27260,13000,운동시설,100대 이상,518
43,충북,43130,06000,종교시설,21-50대,355
50,제주,50110,27000,관광휴게시설,21-50대,36
43,충북,43750,15000,숙박시설,11-20대,287
43,충북,43730,03000,제1종근린생활시설,100대 이상,139
41,경기,41133,10000,교육연구시설,10대 이하,67
26,부산,26470,09000,의료시설,100대 이상,2040
48,경남,48870,20000,자동차관련시설,100대 이상,481
51,강원,51730,05000,문화및집회시설,51-100대,88
11,서울,11170,33000,"국방,군사시설",100대 이상,104
41,경기,41463,06000,종교시설,21-50대,637
48,경남,48220,13000,운동시설,11-20대,33
48,경남,48330,16000,위락시설,21-50대,40
43,충북,43111,02000,공동주택,21-50대,962
11,서울,11740,10000,교육연구시설,11-20대,253
47,경북,47250,Z5000,문화및집회시설,10대 이하,10
48,경남,48840,Z8000,교육연구및복지시설,11-20대,11
47,경북,47170,21000,동물및식물관련시설,10대 이하,13
44,충남,44133,09000,의료시설,11-20대,49
11,서울,11530,13000,운동시설,100대 이상,638
51,강원,51800,04000,제2종근린생활시설,11-20대,54
48,경남,48121,21000,동물및식물관련시설,10대 이하,16
45,전북,45140,07000,판매시설,100대 이상,7949
11,서울,11545,14000,업무시설,51-100대,2136
11,서울,11680,10000,교육연구시설,10대 이하,621
26,부산,26260,14000,업무시설,10대 이하,333
47,경북,47111,09000,의료시설,10대 이하,38
30,대전,30170,16000,위락시설,10대 이하,10
44,충남,44180,창고,,10대 이하,0
11,서울,11650,13000,운동시설,51-100대,241
26,부산,26140,10000,교육연구시설,21-50대,580
44,충남,44825,06000,종교시설,11-20대,91
44,충남,44810,17000,공장,11-20대,601
51,강원,51720,09000,의료시설,21-50대,48
48,경남,48250,16000,위락시설,21-50대,343
11,서울,11530,11000,노유자시설,11-20대,92
51,강원,51210,Z8000,교육연구및복지시설,10대 이하,2
28,인천,28177,07000,판매시설,51-100대,52
41,경기,41173,07000,판매시설,100대 이상,11067
47,경북,47250,14000,업무시설,21-50대,185
45,전북,45790,08000,운수시설,10대 이하,2
46,전남,46150,23000,교정및군사시설,51-100대,83
43,충북,43130,10000,교육연구시설,51-100대,1058
26,부산,26380,,,11-20대,78
48,경남,48121,01000,단독주택,51-100대,54
26,부산,26530,06000,종교시설,100대 이상,507
41,경기,41450,15000,숙박시설,21-50대,149
50,제주,50130,15000,숙박시설,21-50대,1536
11,서울,11500,23000,교정및군사시설,10대 이하,11
30,대전,30230,04000,제2종근린생활시설,21-50대,696
43,충북,43760,31000,야영장시설,10대 이하,0
48,경남,48121,02000,공동주택,51-100대,1841
46,전남,46800,18000,창고시설,10대 이하,156
26,부산,26530,07000,판매시설,21-50대,216
29,광주,29200,15000,숙박시설,51-100대,358
47,경북,47750,10000,교육연구시설,100대 이상,274
26,부산,26230,03000,제1종근린생활시설,10대 이하,1210
46,전남,46910,19000,위험물저장및처리시설,10대 이하,27
44,충남,44710,Z5000,문화및집회시설,10대 이하,2
43,충북,43112,17000,공장,21-50대,304
44,충남,44790,Z5000,문화및집회시설,10대 이하,0
47,경북,47130,20000,자동차관련시설,10대 이하,154
41,경기,41135,01000,단독주택,51-100대,115
41,경기,41650,12000,수련시설,21-50대,68
11,서울,11650,15000,숙박시설,51-100대,462
45,전북,45111,07000,판매시설,10대 이하,10
31,울산,31710,07000,판매시설,10대 이하,3
41,경기,41370,Z6000,판매및영업시설,100대 이상,601
11,서울,11500,18000,창고시설,21-50대,70
48,경남,48310,27000,관광휴게시설,100대 이상,1709
51,강원,51820,26000,묘지관련시설,10대 이하,0
44,충남,44133,Z6000,판매및영업시설,21-50대,43
51,강원,51800,20000,자동차관련시설,10대 이하,10
51,강원,51810,01000,단독주택,100대 이상,1100
41,경기,41410,27000,관광휴게시설,10대 이하,9
41,경기,41630,07000,판매시설,21-50대,150
41,경기,41210,14000,업무시설,51-100대,955
30,대전,30200,09000,의료시설,21-50대,458
48,경남,48220,10000,교육연구시설,51-100대,59
48,경남,48125,17000,공장,21-50대,1033
51,강원,51820,Z8000,교육연구및복지시설,100대 이상,448
45,전북,45720,Z3000,근린생활시설,10대 이하,10
11,서울,11740,19000,위험물저장및처리시설,10대 이하,40
48,경남,48330,04000,제2종근린생활시설,51-100대,1119
46,전남,46230,14000,업무시설,10대 이하,55
41,경기,41430,22000,분뇨.쓰레기처리시설,11-20대,15
47,경북,47280,20000,자동차관련시설,10대 이하,33
41,경기,41630,18000,창고시설,11-20대,345
45,전북,45800,22000,분뇨.쓰레기처리시설,10대 이하,28
11,서울,11710,,,21-50대,39
11,서울,11500,06000,종교시설,21-50대,687
26,부산,26350,09000,의료시설,21-50대,283
48,경남,48880,07000,판매시설,10대 이하,11
43,충북,43745,10000,교육연구시설,11-20대,23
43,충북,43740,06000,종교시설,21-50대,23
47,경북,47190,20000,자동차관련시설,21-50대,345
46,전남,46770,07000,판매시설,11-20대,57
41,경기,41360,02000,공동주택,10대 이하,11865
26,부산,26530,17000,공장,21-50대,1635
29,광주,29140,11000,노유자시설,11-20대,107
29,광주,29155,06000,종교시설,100대 이상,883
51,강원,51800,33000,"국방,군사시설",10대 이하,0
47,경북,47230,09000,의료시설,10대 이하,9
51,강원,51770,07000,판매시설,21-50대,28
47,경북,47170,,,11-20대,64
47,경북,47750,,,21-50대,22
43,충북,43750,20000,자동차관련시설,21-50대,102
51,강원,51780,13000,운동시설,11-20대,11
46,전남,46770,22000,분뇨.쓰레기처리시설,10대 이하,46
44,충남,44150,18000,창고시설,11-20대,61
47,경북,47230,,,21-50대,211
28,인천,28177,13000,운동시설,11-20대,60
41,경기,41461,14000,업무시설,21-50대,1018
11,서울,11530,10000,교육연구시설,100대 이상,1331
41,경기,41465,03000,제1종근린생활시설,100대 이상,656
51,강원,51110,11000,노유자시설,51-100대,283
51,강원,51800,Z6000,판매및영업시설,21-50대,23
48,경남,48730,10000,교육연구시설,11-20대,33
41,경기,41131,Z8000,교육연구및복지시설,21-50대,45
47,경북,47113,20000,자동차관련시설,51-100대,400
41,경기,41133,12000,수련시설,100대 이상,112
26,부산,26260,06000,종교시설,51-100대,60
47,경북,47230,09000,의료시설,100대 이상,472
41,경기,41290,11000,노유자시설,10대 이하,40
41,경기,41210,JY,,10대 이하,10
41,경기,41461,17000,공장,10대 이하,3563
51,강원,51720,03000,제1종근린생활시설,10대 이하,1046
51,강원,51800,02000,공동주택,100대 이상,1459
46,전남,46720,03000,제1종근린생활시설,51-100대,98
46,전남,46170,,,10대 이하,92
47,경북,47830,04000,제2종근린생활시설,11-20대,28
48,경남,48250,03000,제1종근린생활시설,21-50대,3485
11,서울,11170,10000,교육연구시설,21-50대,419
45,전북,45770,05000,문화및집회시설,10대 이하,29
36,세종,36110,02000,공동주택,51-100대,1273
51,강원,51110,Z8000,교육연구및복지시설,21-50대,187
47,경북,47210,15000,숙박시설,21-50대,126
41,경기,41480,07000,판매시설,51-100대,467
11,서울,11410,Z8000,교육연구및복지시설,100대 이상,15242
47,경북,47750,11000,노유자시설,10대 이하,41
51,강원,51720,10000,교육연구시설,10대 이하,288
11,서울,11110,04000,제2종근린생활시설,51-100대,341
26,부산,26230,Z8000,교육연구및복지시설,10대 이하,8
51,강원,51820,01000,단독주택,21-50대,30
45,전북,45111,06000,종교시설,100대 이상,277
51,강원,51760,06000,종교시설,11-20대,95
46,전남,46910,01000,단독주택,10대 이하,1153
41,경기,41430,21000,동물및식물관련시설,10대 이하,38
11,서울,11500,19000,위험물저장및처리시설,10대 이하,124
47,경북,47280,05000,문화및집회시설,51-100대,183
41,경기,41630,03000,제1종근린생활시설,100대 이상,1399
41,경기,41370,10000,교육연구시설,51-100대,866
28,인천,28237,23000,교정및군사시설,11-20대,29
47,경북,47280,27000,관광휴게시설,51-100대,60
11,서울,11530,05000,문화및집회시설,100대 이상,736
11,서울,11320,09000,의료시설,11-20대,16
45,전북,45730,Z3000,근린생활시설,10대 이하,0
45,전북,45190,18000,창고시설,51-100대,67
47,경북,47170,20000,자동차관련시설,100대 이상,1131
41,경기,41590,Z5000,문화및집회시설,21-50대,44
43,충북,43111,23000,교정및군사시설,11-20대,46
41,경기,41800,30000,자원순환관련시설,11-20대,47
51,강원,51150,24000,방송통신시설,10대 이하,7
41,경기,41287,21000,동물및식물관련시설,10대 이하,48
43,충북,43114,22000,분뇨.쓰레기처리시설,21-50대,96
11,서울,11710,07000,판매시설,21-50대,196
48,경남,48820,15000,숙박시설,11-20대,291
27,대구,27170,11000,노유자시설,11-20대,58
44,충남,44150,17000,공장,21-50대,1166
44,충남,44810,,,51-100대,126
11,서울,11710,11000,노유자시설,51-100대,52
28,인천,28710,02000,공동주택,100대 이상,1867
45,전북,45770,02000,공동주택,51-100대,119
43,충북,43114,12000,수련시설,11-20대,39
41,경기,41281,13000,운동시설,11-20대,48
47,경북,47750,29000,장례시설,10대 이하,2
48,경남,48127,11000,노유자시설,21-50대,41
27,대구,27720,Z6000,판매및영업시설,10대 이하,0
11,서울,11710,14000,업무시설,11-20대,1458
43,충북,43800,04000,제2종근린생활시설,10대 이하,393
51,강원,51750,20000,자동차관련시설,51-100대,59
11,서울,11290,24000,방송통신시설,51-100대,70
48,경남,48860,13000,운동시설,21-50대,262
48,경남,48121,19000,위험물저장및처리시설,11-20대,12
50,제주,50110,08000,운수시설,100대 이상,3459
47,경북,47230,27000,관광휴게시설,10대 이하,0
48,경남,48860,14000,업무시설,100대 이상,102
46,전남,46910,01000,단독주택,11-20대,42
46,전남,46860,06000,종교시설,51-100대,60
46,전남,46770,26000,묘지관련시설,10대 이하,0
51,강원,51720,15000,숙박시설,10대 이하,282
43,충북,43111,05000,문화및집회시설,11-20대,60
44,충남,44131,30000,자원순환관련시설,100대 이상,1477
46,전남,46860,07000,판매시설,51-100대,51
26,부산,26470,24000,방송통신시설,100대 이상,120
41,경기,41273,06000,종교시설,21-50대,258
48,경남,48240,JY,,10대 이하,0
41,경기,41150,17000,공장,51-100대,332
45,전북,45720,27000,관광휴게시설,100대 이상,1157
48,경남,48125,Z6000,판매및영업시설,100대 이상,190
29,광주,29110,07000,판매시설,10대 이하,22
26,부산,26200,30000,자원순환관련시설,10대 이하,0
48,경남,48125,05000,문화및집회시설,10대 이하,19
27,대구,27140,10000,교육연구시설,51-100대,991
11,서울,11305,12000,수련시설,21-50대,29
11,서울,11260,11000,노유자시설,10대 이하,262
46,전남,46800,14000,업무시설,21-50대,139
41,경기,41360,05000,문화및집회시설,100대 이상,278
51,강원,51750,05000,문화및집회시설,21-50대,166
41,경기,41570,13000,운동시설,10대 이하,34
44,충남,44133,01000,단독주택,11-20대,12889
43,충북,43111,06000,종교시설,21-50대,380
41,경기,41190,07000,판매시설,100대 이상,6807
41,경기,41410,24000,방송통신시설,11-20대,19
48,경남,48250,13000,운동시설,51-100대,1901
51,강원,51790,02000,공동주택,51-100대,52
51,강원,51720,33000,"국방,군사시설",10대 이하,16
41,경기,41463,10000,교육연구시설,100대 이상,21976
41,경기,41461,05000,문화및집회시설,11-20대,94
43,충북,43760,18000,창고시설,11-20대,106
47,경북,47770,07000,판매시설,21-50대,75
51,강원,51820,02000,공동주택,100대 이상,2619
27,대구,27260,10000,교육연구시설,51-100대,1523
26,부산,26260,10000,교육연구시설,21-50대,697
31,울산,31710,22000,분뇨.쓰레기처리시설,11-20대,49
41,경기,41830,33000,"국방,군사시설",10대 이하,0
51,강원,51810,20000,자동차관련시설,10대 이하,27
46,전남,46710,09000,의료시설,100대 이상,165
26,부산,26710,14000,업무시설,51-100대,1237
44,충남,44180,05000,문화및집회시설,51-100대,72
46,전남,46900,02000,공동주택,21-50대,284
41,경기,41250,16000,위락시설,11-20대,30
26,부산,26350,07000,판매시설,51-100대,151
11,서울,11350,02000,공동주택,21-50대,2180
48,경남,48860,10000,교육연구시설,51-100대,78
45,전북,45140,14000,업무시설,11-20대,187
30,대전,30110,01000,단독주택,10대 이하,12765
51,강원,51170,13000,운동시설,11-20대,26
44,충남,44710,06000,종교시설,21-50대,36
50,제주,50110,10000,교육연구시설,21-50대,2073
44,충남,44230,30000,자원순환관련시설,21-50대,212
11,서울,11350,Z5000,문화및집회시설,11-20대,20
26,부산,26140,02000,공동주택,21-50대,1683
11,서울,11320,04000,제2종근린생활시설,11-20대,660
44,충남,44210,01000,단독주택,21-50대,150
47,경북,47840,Z8000,교육연구및복지시설,10대 이하,0
51,강원,51760,12000,수련시설,10대 이하,0
45,전북,45111,19000,위험물저장및처리시설,11-20대,51
48,경남,48123,17000,공장,100대 이상,392753
41,경기,41285,10000,교육연구시설,11-20대,280
44,충남,44825,21000,동물및식물관련시설,21-50대,26
47,경북,47111,13000,운동시설,10대 이하,41
43,충북,43770,23000,교정및군사시설,21-50대,44
41,경기,41480,04010,학원,10대 이하,0
11,서울,11545,18000,창고시설,100대 이상,308
51,강원,51790,04000,제2종근린생활시설,11-20대,72
41,경기,41173,02000,공동주택,51-100대,1698
46,전남,46810,27000,관광휴게시설,21-50대,50
47,경북,47940,Z5000,문화및집회시설,10대 이하,0
51,강원,51770,03008,변전소,10대 이하,0
29,광주,29200,09000,의료시설,100대 이상,5760
47,경북,47280,06000,종교시설,11-20대,61
41,경기,41461,02000,공동주택,10대 이하,8314
46,전남,46820,05000,문화및집회시설,11-20대,36
41,경기,41111,19000,위험물저장및처리시설,10대 이하,90
47,경북,47130,14000,업무시설,100대 이상,2400
47,경북,47190,01000,단독주택,51-100대,64
44,충남,44250,14000,업무시설,51-100대,110
48,경남,48730,15000,숙박시설,11-20대,180
41,경기,41131,10000,교육연구시설,100대 이상,7005
27,대구,27290,Z6000,판매및영업시설,10대 이하,8
38,38,38022,01000,단독주택,10대 이하,0
46,전남,46110,24000,방송통신시설,21-50대,43
48,경남,48125,,,21-50대,55
41,경기,41820,06000,종교시설,21-50대,251
11,서울,11140,20000,자동차관련시설,51-100대,684
41,경기,41310,02000,공동주택,100대 이상,186307
46,전남,46720,05000,문화및집회시설,10대 이하,6
43,충북,43800,16000,위락시설,10대 이하,0
27,대구,27710,17000,공장,100대 이상,22587
47,경북,47250,02000,공동주택,51-100대,1406
27,대구,27710,18000,창고시설,11-20대,85
29,광주,29170,23000,교정및군사시설,100대 이상,418
41,경기,41190,06000,종교시설,21-50대,1186
44,충남,44133,02000,공동주택,100대 이상,487558
44,충남,44825,30000,자원순환관련시설,11-20대,12
26,부산,26470,15000,숙박시설,11-20대,85
46,전남,46810,04001,일반음식점,10대 이하,2
41,경기,41173,10000,교육연구시설,100대 이상,4227
45,전북,45180,16000,위락시설,10대 이하,37
27,대구,27230,10000,교육연구시설,100대 이상,3993
28,인천,28710,06000,종교시설,100대 이상,108
31,울산,31140,22000,분뇨.쓰레기처리시설,51-100대,53
26,부산,26440,03000,제1종근린생활시설,10대 이하,3443
26,부산,26290,05000,문화및집회시설,11-20대,12
51,강원,51210,22000,분뇨.쓰레기처리시설,10대 이하,8
29,광주,29170,,,100대 이상,19493
46,전남,46110,04000,제2종근린생활시설,10대 이하,3760
44,충남,44825,25000,발전시설,100대 이상,32214
41,경기,41463,22000,분뇨.쓰레기처리시설,11-20대,12
51,강원,51130,06000,종교시설,21-50대,437
26,부산,26170,,,51-100대,57
11,서울,11170,06000,종교시설,51-100대,205
44,충남,44710,12000,수련시설,10대 이하,34
11,서울,11680,09000,의료시설,21-50대,758
48,경남,48129,Z8000,교육연구및복지시설,10대 이하,29
26,부산,26140,09000,의료시설,100대 이상,2535
48,경남,48860,03000,제1종근린생활시설,11-20대,278
11,서울,11380,07000,판매시설,21-50대,53
46,전남,46790,26000,묘지관련시설,10대 이하,0
41,경기,41171,14000,업무시설,100대 이상,3503
46,전남,46870,07000,판매시설,11-20대,36
41,경기,41370,07000,판매시설,10대 이하,3
11,서울,11650,18000,창고시설,51-100대,90
41,경기,41800,11000,노유자시설,11-20대,73
41,경기,41410,11000,노유자시설,51-100대,67
46,전남,46710,19000,위험물저장및처리시설,11-20대,16
27,대구,27230,02000,공동주택,11-20대,1036
46,전남,46830,18000,창고시설,21-50대,176
45,전북,45720,03000,제1종근린생활시설,21-50대,453
46,전남,46130,11000,노유자시설,11-20대,64
51,강원,51790,01000,단독주택,21-50대,125
51,강원,51780,05000,문화및집회시설,21-50대,90
47,경북,47930,15000,숙박시설,10대 이하,264
44,충남,44133,21000,동물및식물관련시설,100대 이상,1989
41,경기,41570,14000,업무시설,51-100대,1646
41,경기,41290,20000,자동차관련시설,21-50대,80
41,경기,41570,10000,교육연구시설,11-20대,207
41,경기,41610,06000,종교시설,10대 이하,500
51,강원,51830,15000,숙박시설,100대 이상,2456
44,충남,44210,04000,제2종근린생활시설,21-50대,477
48,경남,48170,06000,종교시설,51-100대,236
47,경북,47940,19000,위험물저장및처리시설,10대 이하,8
43,충북,43800,15000,숙박시설,51-100대,60
46,전남,46790,13000,운동시설,11-20대,20
43,충북,43111,07000,판매시설,11-20대,33
45,전북,45140,01000,단독주택,11-20대,3508
44,충남,44800,25000,발전시설,10대 이하,0
47,경북,47280,Z9000,공공용시설,10대 이하,0
46,전남,46810,13000,운동시설,11-20대,18
48,경남,48220,08000,운수시설,21-50대,160
41,경기,41830,22000,분뇨.쓰레기처리시설,10대 이하,21
48,경남,48270,14000,업무시설,21-50대,260
48,경남,48129,Z8000,교육연구및복지시설,21-50대,264
44,충남,44180,12000,수련시설,11-20대,13
26,부산,26350,19000,위험물저장및처리시설,11-20대,36
47,경북,47850,17000,공장,11-20대,3413
51,강원,51750,05000,문화및집회시설,100대 이상,277
41,경기,41500,07000,판매시설,21-50대,186
41,경기,41131,Z8000,교육연구및복지시설,51-100대,53
47,경북,47840,17000,공장,51-100대,1172
44,충남,44270,29000,장례시설,11-20대,13
48,경남,48820,Z3000,근린생활시설,10대 이하,14
45,전북,45770,11000,노유자시설,51-100대,77
48,경남,48310,22000,분뇨.쓰레기처리시설,11-20대,33
47,경북,47190,08000,운수시설,100대 이상,146
47,경북,47930,Z9000,공공용시설,10대 이하,0
11,서울,11200,19000,위험물저장및처리시설,10대 이하,37
46,전남,46780,06000,종교시설,10대 이하,58
47,경북,47130,Z5000,문화및집회시설,11-20대,17
48,경남,48270,13000,운동시설,51-100대,263
44,충남,44250,17000,공장,100대 이상,389
11,서울,11215,20000,자동차관련시설,100대 이상,637
28,인천,28237,11000,노유자시설,51-100대,122
41,경기,41830,15000,숙박시설,21-50대,341
48,경남,48123,10000,교육연구시설,21-50대,949
45,전북,45730,14000,업무시설,51-100대,189
26,부산,26350,12000,수련시설,10대 이하,4
41,경기,41190,18000,창고시설,10대 이하,79
11,서울,11140,01000,단독주택,11-20대,114
47,경북,47730,02000,공동주택,10대 이하,320
43,충북,43112,18000,창고시설,100대 이상,124
47,경북,47130,18000,창고시설,11-20대,176
51,강원,51830,11000,노유자시설,11-20대,59
47,경북,47170,18000,창고시설,100대 이상,265
47,경북,47930,04000,제2종근린생활시설,11-20대,107
51,강원,51830,22000,분뇨.쓰레기처리시설,10대 이하,12
46,전남,46730,26000,묘지관련시설,10대 이하,0
27,대구,27110,05000,문화및집회시설,11-20대,41
29,광주,29155,Z5000,문화및집회시설,21-50대,32
30,대전,30140,03000,제1종근린생활시설,21-50대,657
31,울산,31200,04000,제2종근린생활시설,100대 이상,580
41,경기,41390,03000,제1종근린생활시설,51-100대,1898
47,경북,47730,06000,종교시설,10대 이하,49
26,부산,26230,02000,공동주택,11-20대,1873
47,경북,47830,04000,제2종근린생활시설,21-50대,71
44,충남,44133,11000,노유자시설,11-20대,193
11,서울,11380,,,100대 이상,1261
27,대구,27260,Z5000,문화및집회시설,11-20대,11
51,강원,51230,18000,창고시설,10대 이하,197
47,경북,47170,07000,판매시설,100대 이상,3438
45,전북,45210,18000,창고시설,10대 이하,679
30,대전,30140,13000,운동시설,100대 이상,8432
44,충남,44131,07000,판매시설,51-100대,392
51,강원,51770,Z8000,교육연구및복지시설,51-100대,58
43,충북,43800,03000,제1종근린생활시설,10대 이하,293
26,부산,26200,14000,업무시설,11-20대,183
45,전북,45790,05000,문화및집회시설,11-20대,18
51,강원,51760,01000,단독주택,21-50대,99
41,경기,41450,19000,위험물저장및처리시설,10대 이하,95
27,대구,27710,11000,노유자시설,11-20대,125
28,인천,28260,18000,창고시설,51-100대,2194
41,경기,41390,15000,숙박시설,100대 이상,841
11,서울,11560,20000,자동차관련시설,10대 이하,76
46,전남,46910,08000,운수시설,10대 이하,0
45,전북,45740,10000,교육연구시설,51-100대,106
43,충북,43150,12000,수련시설,21-50대,310
41,경기,41273,20000,자동차관련시설,51-100대,269
47,경북,47850,02000,공동주택,10대 이하,1467
50,제주,50110,창고,,10대 이하,0
41,경기,41461,27000,관광휴게시설,100대 이상,3623
46,전남,46710,04000,제2종근린생활시설,10대 이하,1149
51,강원,51760,01000,단독주택,11-20대,510
44,충남,44200,14000,업무시설,21-50대,714
43,충북,43800,06000,종교시설,21-50대,23
41,경기,41570,03001,소매점,10대 이하,4
26,부산,26230,27000,관광휴게시설,10대 이하,0
48,경남,48850,03000,제1종근린생활시설,21-50대,253
43,충북,43770,30000,자원순환관련시설,21-50대,21
41,경기,41630,20000,자동차관련시설,21-50대,287
26,부산,26380,14000,업무시설,100대 이상,1217
41,경기,41463,19000,위험물저장및처리시설,11-20대,120
45,전북,45770,09000,의료시설,51-100대,112
51,강원,51130,26000,묘지관련시설,10대 이하,2
51,강원,51110,02000,공동주택,10대 이하,508
43,충북,43150,06000,종교시설,10대 이하,274
51,강원,51720,11000,노유자시설,21-50대,23
26,부산,26710,04000,제2종근린생활시설,100대 이상,756
41,경기,41271,03000,제1종근린생활시설,51-100대,144
47,경북,47850,26000,묘지관련시설,10대 이하,2
31,울산,31170,04000,제2종근린생활시설,51-100대,151
11,서울,11470,04000,제2종근린생활시설,51-100대,477
48,경남,48121,14000,업무시설,21-50대,892
27,대구,27110,05000,문화및집회시설,51-100대,61
29,광주,29110,03000,제1종근린생활시설,51-100대,259
43,충북,43730,10000,교육연구시설,100대 이상,624
48,경남,48170,18000,창고시설,21-50대,306
47,경북,47820,Z3000,근린생활시설,10대 이하,0
48,경남,48840,18000,창고시설,11-20대,59
47,경북,47850,14000,업무시설,10대 이하,31
47,경북,47730,Z5000,문화및집회시설,10대 이하,3
29,광주,29140,23000,교정및군사시설,10대 이하,0
41,경기,41250,10000,교육연구시설,11-20대,100
41,경기,41287,19000,위험물저장및처리시설,10대 이하,74
41,경기,41800,15000,숙박시설,10대 이하,75
44,충남,44210,25000,발전시설,10대 이하,15
45,전북,45140,02000,공동주택,10대 이하,731
46,전남,46130,24000,방송통신시설,11-20대,20
51,강원,51110,24000,방송통신시설,11-20대,52
41,경기,41190,25000,발전시설,21-50대,37
28,인천,28720,31000,야영장시설,21-50대,54
45,전북,45710,13000,운동시설,11-20대,128
30,대전,30200,26000,묘지관련시설,10대 이하,0
11,서울,11470,03000,제1종근린생활시설,100대 이상,131
11,서울,11680,16000,위락시설,51-100대,56
41,경기,41670,Z8000,교육연구및복지시설,21-50대,67
41,경기,41171,05000,문화및집회시설,11-20대,60
30,대전,30110,16000,위락시설,10대 이하,0
11,서울,11740,25000,발전시설,10대 이하,2
51,강원,51190,Z3000,근린생활시설,11-20대,14
44,충남,44131,08000,운수시설,21-50대,49
46,전남,46810,11000,노유자시설,51-100대,76
45,전북,45750,17000,공장,10대 이하,182
51,강원,51830,09000,의료시설,10대 이하,0
48,경남,48123,14000,업무시설,100대 이상,15167
41,경기,41390,31000,야영장시설,11-20대,29
41,경기,41133,05000,문화및집회시설,100대 이상,112
46,전남,46170,25000,발전시설,100대 이상,984
44,충남,44200,29000,장례시설,51-100대,151
50,제주,50110,02000,공동주택,51-100대,17601
44,충남,44230,07000,판매시설,51-100대,73
48,경남,48250,29000,장례시설,21-50대,41
45,전북,45111,,,10대 이하,148
47,경북,47111,Z8000,교육연구및복지시설,10대 이하,9
27,대구,27110,10000,교육연구시설,21-50대,296
47,경북,47190,14000,업무시설,21-50대,985
48,경남,48850,17000,공장,10대 이하,226
45,전북,45800,17000,공장,21-50대,277
45,전북,45770,06000,종교시설,11-20대,14
46,전남,46770,29000,장례시설,51-100대,184
51,강원,51780,04000,제2종근린생활시설,51-100대,52
43,충북,43770,02000,공동주택,100대 이상,29201
46,전남,46230,10000,교육연구시설,51-100대,927
11,서울,11530,15000,숙박시설,51-100대,119
45,전북,45800,,,10대 이하,20
47,경북,47210,05000,문화및집회시설,21-50대,234
27,대구,27710,Z8000,교육연구및복지시설,10대 이하,31
48,경남,48220,18000,창고시설,11-20대,155
51,강원,51730,14000,업무시설,10대 이하,33
27,대구,27230,10000,교육연구시설,10대 이하,264
45,전북,45740,02000,공동주택,100대 이상,269
41,경기,41461,30000,자원순환관련시설,51-100대,259
11,서울,11440,05000,문화및집회시설,100대 이상,165
47,경북,47150,13000,운동시설,21-50대,200
31,울산,31710,09000,의료시설,21-50대,208
41,경기,41480,06000,종교시설,100대 이상,620
48,경남,48850,14000,업무시설,11-20대,79
50,제주,50110,Z6000,판매및영업시설,10대 이하,2
44,충남,44810,17000,공장,51-100대,2938
45,전북,45730,01000,단독주택,51-100대,100
11,서울,11590,18000,창고시설,21-50대,27
41,경기,41800,22000,분뇨.쓰레기처리시설,51-100대,96
44,충남,44230,17000,공장,10대 이하,1711
41,경기,41390,03000,제1종근린생활시설,21-50대,3936
28,인천,28710,Z8000,교육연구및복지시설,10대 이하,0
45,전북,45730,13000,운동시설,100대 이상,179
41,경기,41271,01000,단독주택,10대 이하,18741
41,경기,41500,30000,자원순환관련시설,10대 이하,128
26,부산,26530,02000,공동주택,10대 이하,3269
44,충남,44180,17000,공장,100대 이상,12635
48,경남,48121,,,100대 이상,208
11,서울,11200,27000,관광휴게시설,100대 이상,686
29,광주,29140,02000,공동주택,21-50대,648
31,울산,31140,16000,위락시설,10대 이하,344
51,강원,51170,10000,교육연구시설,100대 이상,1156
41,경기,41281,05000,문화및집회시설,11-20대,86
41,경기,41171,06000,종교시설,11-20대,173
46,전남,46800,06000,종교시설,100대 이상,112
29,광주,29200,12000,수련시설,10대 이하,2
26,부산,26350,16000,위락시설,11-20대,37
47,경북,47840,06000,종교시설,51-100대,164
48,경남,48850,Z3000,근린생활시설,10대 이하,0
11,서울,11305,13000,운동시설,51-100대,269
45,전북,45113,04000,제2종근린생활시설,51-100대,583
41,경기,41135,03000,제1종근린생활시설,51-100대,1975
47,경북,47113,02000,공동주택,100대 이상,222488
51,강원,51110,08000,운수시설,51-100대,276
30,대전,30230,07000,판매시설,21-50대,100
45,전북,45111,Z8000,교육연구및복지시설,51-100대,159
44,충남,44270,09000,의료시설,10대 이하,24
41,경기,41670,Z8000,교육연구및복지시설,100대 이상,362
44,충남,44150,27000,관광휴게시설,100대 이상,6961
26,부산,26710,05000,문화및집회시설,11-20대,57
29,광주,29200,19000,위험물저장및처리시설,21-50대,383
48,경남,48880,13000,운동시설,11-20대,52
41,경기,41150,12000,수련시설,100대 이상,133
51,강원,51800,03000,제1종근린생활시설,11-20대,145
46,전남,46820,23000,교정및군사시설,10대 이하,0
41,경기,41271,14000,업무시설,51-100대,289
48,경남,48720,02000,공동주택,11-20대,319
27,대구,27170,20000,자동차관련시설,11-20대,32
50,제주,50130,18000,창고시설,100대 이상,1607
11,서울,11710,10000,교육연구시설,100대 이상,1733
48,경남,48170,08000,운수시설,10대 이하,0
46,전남,46720,04000,제2종근린생활시설,51-100대,69
51,강원,51750,17000,공장,11-20대,339
11,서울,11380,03000,제1종근린생활시설,21-50대,623
45,전북,45710,14000,업무시설,10대 이하,34
11,서울,11560,08000,운수시설,11-20대,34
48,경남,48125,06000,종교시설,100대 이상,500
41,경기,41173,17000,공장,21-50대,1240
26,부산,26350,13000,운동시설,100대 이상,550
45,전북,45180,18000,창고시설,51-100대,57
41,경기,41461,05000,문화및집회시설,100대 이상,406
46,전남,46150,11000,노유자시설,100대 이상,101
43,충북,43740,04000,제2종근린생활시설,10대 이하,485
51,강원,51750,04000,제2종근린생활시설,10대 이하,824
41,경기,41360,03000,제1종근린생활시설,51-100대,2720
31,울산,31170,13000,운동시설,51-100대,174
41,경기,41370,08000,운수시설,21-50대,92
47,경북,47150,04000,제2종근린생활시설,100대 이상,1693
44,충남,44250,23000,교정및군사시설,21-50대,110
11,서울,11290,Z6000,판매및영업시설,51-100대,83
26,부산,26230,04000,제2종근린생활시설,10대 이하,3005
46,전남,46230,04000,제2종근린생활시설,51-100대,123
41,경기,41150,24000,방송통신시설,100대 이상,150
43,충북,43150,31000,야영장시설,11-20대,24
45,전북,45113,07000,판매시설,21-50대,183
50,제주,50110,23000,교정및군사시설,11-20대,28
43,충북,43111,06000,종교시설,11-20대,402
47,경북,47730,11000,노유자시설,10대 이하,121
11,서울,11650,06000,종교시설,100대 이상,929
29,광주,29200,Z6000,판매및영업시설,10대 이하,0
44,충남,44710,02000,공동주택,100대 이상,13079
46,전남,46830,14000,업무시설,51-100대,194
44,충남,44230,23000,교정및군사시설,21-50대,76
48,경남,48125,,,100대 이상,1499
41,경기,41610,02000,공동주택,11-20대,6012
26,부산,26230,08000,운수시설,10대 이하,8
47,경북,47730,30000,자원순환관련시설,11-20대,15
31,울산,31710,13000,운동시설,11-20대,76
43,충북,43130,08000,운수시설,21-50대,126
47,경북,47170,12000,수련시설,21-50대,42
11,서울,11260,08000,운수시설,10대 이하,3
11,서울,11170,04000,제2종근린생활시설,21-50대,306
41,경기,41390,23000,교정및군사시설,21-50대,37
47,경북,47150,04000,제2종근린생활시설,21-50대,425
31,울산,31170,13000,운동시설,11-20대,44
36,세종,36110,24000,방송통신시설,100대 이상,1120
41,경기,41283,Z5000,문화및집회시설,21-50대,48
43,충북,43150,20000,자동차관련시설,21-50대,78
47,경북,47760,02000,공동주택,21-50대,207
43,충북,43114,24000,방송통신시설,100대 이상,159
48,경남,48870,25000,발전시설,10대 이하,0
11,서울,11500,15000,숙박시설,10대 이하,370
46,전남,46870,06000,종교시설,100대 이상,135
46,전남,46870,06000,종교시설,21-50대,22
11,서울,11650,Z9000,공공용시설,100대 이상,315
11,서울,11650,05000,문화및집회시설,10대 이하,44
41,경기,41273,07000,판매시설,100대 이상,15705
41,경기,41590,27000,관광휴게시설,10대 이하,15
28,인천,28185,18000,창고시설,21-50대,166
46,전남,46790,14000,업무시설,21-50대,404
41,경기,41113,02000,공동주택,10대 이하,8236
48,경남,48240,02000,공동주택,10대 이하,473
41,경기,41650,14000,업무시설,11-20대,118
26,부산,26530,11000,노유자시설,21-50대,67
11,서울,11350,19000,위험물저장및처리시설,10대 이하,48
41,경기,41281,07000,판매시설,10대 이하,0
45,전북,45140,09000,의료시설,10대 이하,39
41,경기,41220,06000,종교시설,21-50대,1107
41,경기,41450,09000,의료시설,11-20대,64
43,충북,43114,08000,운수시설,10대 이하,0
27,대구,27140,30000,자원순환관련시설,51-100대,61
41,경기,41111,10000,교육연구시설,11-20대,409
47,경북,47190,16000,위락시설,10대 이하,142
51,강원,51110,09000,의료시설,21-50대,78
50,제주,50130,17000,공장,51-100대,408
47,경북,47750,15000,숙박시설,21-50대,104
48,경남,48890,05000,문화및집회시설,10대 이하,23
27,대구,27230,19000,위험물저장및처리시설,10대 이하,169
44,충남,44825,15000,숙박시설,51-100대,184
44,충남,44790,13000,운동시설,100대 이상,206
48,경남,48850,23000,교정및군사시설,10대 이하,0
45,전북,45190,12000,수련시설,100대 이상,286
48,경남,48820,01000,단독주택,11-20대,1053
41,경기,41480,18000,창고시설,10대 이하,2276
44,충남,44790,19000,위험물저장및처리시설,51-100대,54
47,경북,47900,08000,운수시설,10대 이하,6
30,대전,30230,09000,의료시설,10대 이하,13
28,인천,28260,09000,의료시설,10대 이하,20
43,충북,43745,14000,업무시설,11-20대,35
47,경북,47210,02000,공동주택,10대 이하,613
48,경남,48730,10000,교육연구시설,100대 이상,240
43,충북,43720,21000,동물및식물관련시설,21-50대,50
41,경기,41171,14000,업무시설,10대 이하,131
46,전남,46720,14000,업무시설,11-20대,58
45,전북,45720,02000,공동주택,10대 이하,13
41,경기,41150,10000,교육연구시설,21-50대,1631
11,서울,11410,27000,관광휴게시설,10대 이하,2
44,충남,44270,08000,운수시설,51-100대,70
48,경남,48123,04000,제2종근린생활시설,10대 이하,985
47,경북,47850,19000,위험물저장및처리시설,21-50대,24
48,경남,48250,02000,공동주택,10대 이하,7072
45,전북,45710,02000,공동주택,100대 이상,98445
45,전북,45790,Z8000,교육연구및복지시설,51-100대,54
27,대구,27140,Z3000,근린생활시설,10대 이하,12
41,경기,41830,23000,교정및군사시설,100대 이상,470
47,경북,47840,09000,의료시설,100대 이상,142
45,전북,45180,14000,업무시설,51-100대,544
26,부산,26380,15000,숙박시설,51-100대,146
48,경남,48720,13000,운동시설,51-100대,386
26,부산,26710,08000,운수시설,10대 이하,9
29,광주,29170,05000,문화및집회시설,21-50대,118
43,충북,43750,31000,야영장시설,10대 이하,2
48,경남,48330,14000,업무시설,11-20대,149
45,전북,45190,10000,교육연구시설,11-20대,122
48,경남,48270,04000,제2종근린생활시설,21-50대,75
43,충북,43745,26000,묘지관련시설,10대 이하,0
43,충북,43114,30000,자원순환관련시설,100대 이상,130
27,대구,27110,02000,공동주택,10대 이하,587
45,전북,45790,Z8000,교육연구및복지시설,10대 이하,0
48,경남,48840,Z5000,문화및집회시설,10대 이하,0
27,대구,27110,05000,문화및집회시설,10대 이하,13
44,충남,44133,,,21-50대,47
51,강원,51810,31000,야영장시설,11-20대,17
41,경기,41173,20000,자동차관련시설,51-100대,311
30,대전,30170,11000,노유자시설,51-100대,70
41,경기,41630,01000,단독주택,21-50대,92
41,경기,41410,14000,업무시설,11-20대,149
31,울산,31110,20000,자동차관련시설,10대 이하,39
43,충북,43130,07000,판매시설,21-50대,111
45,전북,45210,Z9000,공공용시설,10대 이하,0
41,경기,41135,01000,단독주택,21-50대,274
11,서울,11650,Z3000,근린생활시설,10대 이하,104
48,경남,48127,13000,운동시설,100대 이상,3070
48,경남,48240,13000,운동시설,11-20대,118
44,충남,44250,13000,운동시설,10대 이하,6
26,부산,26140,10000,교육연구시설,100대 이상,3158
51,강원,51210,17000,공장,11-20대,191
48,경남,48250,14000,업무시설,11-20대,552
44,충남,44710,22000,분뇨.쓰레기처리시설,10대 이하,20
29,광주,29110,14000,업무시설,51-100대,1221
47,경북,47210,27000,관광휴게시설,11-20대,16
43,충북,43114,03000,제1종근린생활시설,51-100대,483
31,울산,31200,Z3000,근린생활시설,10대 이하,20
45,전북,45130,12000,수련시설,10대 이하,0
26,부산,26200,24000,방송통신시설,10대 이하,2
46,전남,46800,10000,교육연구시설,10대 이하,69
41,경기,41830,05000,문화및집회시설,100대 이상,1598
11,서울,11650,22000,분뇨.쓰레기처리시설,21-50대,23
46,전남,46770,18000,창고시설,10대 이하,303
43,충북,43112,21000,동물및식물관련시설,10대 이하,11
27,대구,27710,10000,교육연구시설,10대 이하,191
11,서울,11440,,,100대 이상,7536
47,경북,47760,20000,자동차관련시설,10대 이하,5
41,경기,41131,19000,위험물저장및처리시설,10대 이하,31
48,경남,48250,20000,자동차관련시설,100대 이상,3366
43,충북,43720,02000,공동주택,51-100대,1173
46,전남,46830,24000,방송통신시설,10대 이하,0
41,경기,41500,30000,자원순환관련시설,51-100대,74
45,전북,45113,Z9000,공공용시설,51-100대,77
41,경기,41550,03000,제1종근린생활시설,51-100대,234
43,충북,43130,Z9000,공공용시설,10대 이하,0
51,강원,51150,17000,공장,11-20대,322
44,충남,44250,14000,업무시설,11-20대,31
48,경남,48170,16000,위락시설,11-20대,30
11,서울,11680,02000,공동주택,10대 이하,18478
46,전남,46710,25000,발전시설,10대 이하,0
46,전남,46840,08000,운수시설,21-50대,37
11,서울,11740,01000,단독주택,10대 이하,11692
41,경기,41250,02000,공동주택,100대 이상,85339
51,강원,51770,03000,제1종근린생활시설,10대 이하,450
28,인천,28140,03000,제1종근린생활시설,10대 이하,319
43,충북,43111,03000,제1종근린생활시설,10대 이하,1855
41,경기,41285,03000,제1종근린생활시설,51-100대,1671
51,강원,51800,03000,제1종근린생활시설,10대 이하,292
27,대구,27260,11000,노유자시설,10대 이하,273
26,부산,26290,08000,운수시설,100대 이상,2099
41,경기,41310,14000,업무시설,11-20대,170
43,충북,43770,01000,단독주택,11-20대,4227
44,충남,44200,30000,자원순환관련시설,51-100대,67
41,경기,41150,04000,제2종근린생활시설,11-20대,1126
11,서울,11215,11000,노유자시설,21-50대,48
47,경북,47840,19000,위험물저장및처리시설,10대 이하,44
47,경북,47290,15000,숙박시설,11-20대,198
41,경기,41830,,,11-20대,19
44,충남,44810,Z6000,판매및영업시설,10대 이하,0
43,충북,43730,05000,문화및집회시설,10대 이하,22
48,경남,48730,22000,분뇨.쓰레기처리시설,11-20대,45
47,경북,47280,03000,제1종근린생활시설,11-20대,183
51,강원,51130,18000,창고시설,51-100대,265
29,광주,29170,10000,교육연구시설,11-20대,296
46,전남,46230,29000,장례시설,21-50대,48
45,전북,45720,05000,문화및집회시설,11-20대,24
46,전남,46820,03000,제1종근린생활시설,10대 이하,634
41,경기,41281,Z8000,교육연구및복지시설,51-100대,112
26,부산,26500,13000,운동시설,11-20대,14
51,강원,51790,13000,운동시설,51-100대,141
47,경북,47920,04000,제2종근린생활시설,10대 이하,282
44,충남,44180,Z5000,문화및집회시설,10대 이하,32
41,경기,41360,05000,문화및집회시설,21-50대,410
46,전남,46110,22000,분뇨.쓰레기처리시설,21-50대,42
45,전북,45180,01000,단독주택,21-50대,107
28,인천,28710,12000,수련시설,11-20대,97
50,제주,50110,29000,장례시설,10대 이하,12
45,전북,45750,,,11-20대,20
47,경북,47770,27000,관광휴게시설,11-20대,20
30,대전,30140,14000,업무시설,10대 이하,148
44,충남,44133,18000,창고시설,21-50대,608
47,경북,47900,30000,자원순환관련시설,11-20대,12
51,강원,51190,01000,단독주택,10대 이하,826
45,전북,45111,01000,단독주택,100대 이상,618
43,충북,43112,17000,공장,11-20대,536
46,전남,46130,22000,분뇨.쓰레기처리시설,51-100대,84
41,경기,41113,27000,관광휴게시설,10대 이하,5
46,전남,46830,01000,단독주택,11-20대,705
30,대전,30110,01000,단독주택,100대 이상,116
48,경남,48890,,,10대 이하,0
44,충남,44200,13000,운동시설,11-20대,19
11,서울,11680,23000,교정및군사시설,10대 이하,0
30,대전,30140,24000,방송통신시설,51-100대,119
41,경기,41173,02000,공동주택,10대 이하,2242
29,광주,29110,10000,교육연구시설,10대 이하,91
41,경기,41150,07000,판매시설,11-20대,85
41,경기,41830,05000,문화및집회시설,10대 이하,149
26,부산,26470,18000,창고시설,11-20대,13
41,경기,41800,19000,위험물저장및처리시설,11-20대,12
48,경남,48170,02000,공동주택,11-20대,515
48,경남,48880,14000,업무시설,11-20대,94
44,충남,44131,21000,동물및식물관련시설,10대 이하,85
43,충북,43113,20000,자동차관련시설,100대 이상,1525
11,서울,11530,Z3000,근린생활시설,10대 이하,15
44,충남,44210,07000,판매시설,11-20대,60
47,경북,47850,Z3000,근린생활시설,10대 이하,5
48,경남,48730,26000,묘지관련시설,10대 이하,22
46,전남,46130,09000,의료시설,21-50대,612
47,경북,47170,10000,교육연구시설,21-50대,667
51,강원,51800,03000,제1종근린생활시설,51-100대,112
48,경남,48730,31000,야영장시설,10대 이하,0
48,경남,48270,24000,방송통신시설,10대 이하,0
47,경북,47940,09000,의료시설,21-50대,50
46,전남,46840,10000,교육연구시설,21-50대,108
46,전남,46870,09000,의료시설,10대 이하,8
47,경북,47150,07000,판매시설,11-20대,71
11,서울,11470,15000,숙박시설,10대 이하,16
26,부산,26500,27000,관광휴게시설,10대 이하,0
43,충북,43150,03000,제1종근린생활시설,21-50대,495
45,전북,45140,JY,,10대 이하,0
11,서울,11410,03000,제1종근린생활시설,10대 이하,2038
28,인천,28710,12000,수련시설,100대 이상,895
41,경기,41117,Z6000,판매및영업시설,10대 이하,8
41,경기,41173,Z3000,근린생활시설,10대 이하,6
36,세종,36110,05000,문화및집회시설,10대 이하,33
41,경기,41461,12000,수련시설,21-50대,24
48,경남,48740,29000,장례시설,21-50대,38
48,경남,48820,27000,관광휴게시설,21-50대,25
26,부산,26500,04402,사무소,10대 이하,0
50,제주,50130,10000,교육연구시설,51-100대,986
47,경북,47750,05000,문화및집회시설,21-50대,36
44,충남,44200,04000,제2종근린생활시설,100대 이상,7031
11,서울,11545,20000,자동차관련시설,100대 이상,227
41,경기,41271,04000,제2종근린생활시설,51-100대,51
44,충남,44133,16000,위락시설,21-50대,281
44,충남,44810,03000,제1종근린생활시설,100대 이상,883
44,충남,44133,14000,업무시설,21-50대,1933
44,충남,44270,30000,자원순환관련시설,21-50대,164
47,경북,47250,03000,제1종근린생활시설,10대 이하,960
41,경기,41830,24000,방송통신시설,10대 이하,2
45,전북,45800,13000,운동시설,21-50대,86
46,전남,46820,01000,단독주택,51-100대,80
44,충남,44790,17000,공장,21-50대,283
47,경북,47770,18000,창고시설,21-50대,29
48,경남,48330,17000,공장,11-20대,4260
28,인천,28200,19000,위험물저장및처리시설,51-100대,69
11,서울,11710,21000,동물및식물관련시설,10대 이하,0
11,서울,11620,03000,제1종근린생활시설,51-100대,395
46,전남,46830,13000,운동시설,11-20대,38
44,충남,44180,14000,업무시설,100대 이상,1266
11,서울,11140,20000,자동차관련시설,10대 이하,14
41,경기,41190,20000,자동차관련시설,10대 이하,230
44,충남,44790,27000,관광휴게시설,51-100대,60
41,경기,41271,17000,공장,51-100대,82
30,대전,30200,19000,위험물저장및처리시설,51-100대,84
30,대전,30140,18000,창고시설,10대 이하,116
27,대구,27140,16000,위락시설,10대 이하,26
51,강원,51210,13000,운동시설,10대 이하,31
45,전북,45750,20000,자동차관련시설,10대 이하,5
30,대전,30110,17000,공장,51-100대,58
31,울산,31200,05000,문화및집회시설,100대 이상,305
48,경남,48310,21000,동물및식물관련시설,11-20대,13
41,경기,41500,04000,제2종근린생활시설,51-100대,297
47,경북,47730,02000,공동주택,21-50대,470
11,서울,11530,14000,업무시설,11-20대,586
41,경기,41113,11000,노유자시설,100대 이상,2143
11,서울,11140,10000,교육연구시설,100대 이상,611
44,충남,44131,20000,자동차관련시설,10대 이하,315
47,경북,47280,20000,자동차관련시설,11-20대,29
43,충북,43720,03000,제1종근린생활시설,100대 이상,344
43,충북,43750,13000,운동시설,21-50대,129
47,경북,47230,11000,노유자시설,11-20대,25
44,충남,44180,17000,공장,10대 이하,605
48,경남,48880,27000,관광휴게시설,10대 이하,0
46,전남,46170,15000,숙박시설,11-20대,169
44,충남,44180,20000,자동차관련시설,11-20대,16
31,울산,31140,09000,의료시설,21-50대,715
43,충북,43113,07000,판매시설,100대 이상,4263
11,서울,11140,,,100대 이상,1607
28,인천,28260,12000,수련시설,21-50대,61
44,충남,44800,04000,제2종근린생활시설,51-100대,189
30,대전,30200,05000,문화및집회시설,51-100대,294
47,경북,47830,18000,창고시설,21-50대,22
44,충남,44760,04000,제2종근린생활시설,10대 이하,429
46,전남,46890,08000,운수시설,100대 이상,720
30,대전,30110,08000,운수시설,100대 이상,436
41,경기,41590,11000,노유자시설,51-100대,308
44,충남,44270,18000,창고시설,21-50대,361
46,전남,46790,30000,자원순환관련시설,11-20대,29
41,경기,41370,,,100대 이상,177
51,강원,51110,05000,문화및집회시설,100대 이상,1462
30,대전,30200,Z8000,교육연구및복지시설,21-50대,35
51,강원,51110,25000,발전시설,11-20대,34
51,강원,51730,18000,창고시설,10대 이하,244
47,경북,47730,23000,교정및군사시설,10대 이하,0
41,경기,41370,11000,노유자시설,11-20대,182
48,경남,48170,24000,방송통신시설,10대 이하,4
11,서울,11350,18000,창고시설,11-20대,12
48,경남,48840,23000,교정및군사시설,10대 이하,0
27,대구,27260,09000,의료시설,10대 이하,17
41,경기,41370,17000,공장,10대 이하,287
50,제주,50110,09000,의료시설,21-50대,324
41,경기,41310,11000,노유자시설,21-50대,50
41,경기,41480,14000,업무시설,100대 이상,7732
48,경남,48850,04000,제2종근린생활시설,21-50대,108
51,강원,51780,11000,노유자시설,10대 이하,66
31,울산,31140,16000,위락시설,51-100대,52
43,충북,43113,06000,종교시설,100대 이상,138
44,충남,44770,Z5000,문화및집회시설,10대 이하,0
45,전북,45130,01000,단독주택,10대 이하,14588
11,서울,11320,08000,운수시설,11-20대,16
45,전북,45800,03000,제1종근린생활시설,10대 이하,689
11,서울,11200,30000,자원순환관련시설,51-100대,82
41,경기,41250,17000,공장,11-20대,330
29,광주,29200,01000,단독주택,21-50대,440
48,경남,48310,16000,위락시설,10대 이하,72
48,경남,48270,15000,숙박시설,21-50대,121
41,경기,41281,17000,공장,21-50대,237
47,경북,47770,17000,공장,21-50대,69
44,충남,44210,03000,제1종근린생활시설,10대 이하,1831
41,경기,41171,18000,창고시설,51-100대,80
11,서울,11680,07000,판매시설,11-20대,110
44,충남,44250,17000,공장,51-100대,76
50,제주,50110,,,21-50대,75
46,전남,46130,10000,교육연구시설,51-100대,612
46,전남,46890,06000,종교시설,21-50대,27
26,부산,26530,Z8000,교육연구및복지시설,100대 이상,152
48,경남,48310,01000,단독주택,11-20대,6359
11,서울,11215,20000,자동차관련시설,10대 이하,18
43,충북,43112,09000,의료시설,21-50대,108
48,경남,48850,14000,업무시설,21-50대,141
41,경기,41670,12000,수련시설,11-20대,18
44,충남,44270,24000,방송통신시설,10대 이하,2
43,충북,43720,14000,업무시설,51-100대,119
28,인천,28177,24000,방송통신시설,100대 이상,191
30,대전,30170,04000,제2종근린생활시설,21-50대,2480
47,경북,47130,07000,판매시설,21-50대,182
44,충남,44180,22000,분뇨.쓰레기처리시설,11-20대,33
41,경기,41830,Z5000,문화및집회시설,21-50대,24
29,광주,29140,10000,교육연구시설,11-20대,294
51,강원,51150,15000,숙박시설,21-50대,777
41,경기,41463,07000,판매시설,11-20대,39
26,부산,26140,09000,의료시설,11-20대,65
41,경기,41430,12000,수련시설,10대 이하,10
46,전남,46870,08000,운수시설,10대 이하,0
47,경북,47940,18000,창고시설,10대 이하,44
29,광주,29170,06000,종교시설,21-50대,794
43,충북,43150,25000,발전시설,10대 이하,0
43,충북,43745,02000,공동주택,51-100대,52
30,대전,30200,11000,노유자시설,51-100대,60
48,경남,48310,03000,제1종근린생활시설,11-20대,744
41,경기,41550,10000,교육연구시설,51-100대,844
46,전남,46820,06000,종교시설,11-20대,52
11,서울,11290,01000,단독주택,100대 이상,131
41,경기,41430,03000,제1종근린생활시설,21-50대,444
47,경북,47250,02000,공동주택,21-50대,1005
45,전북,45130,Z3000,근린생활시설,10대 이하,34
41,경기,41360,30000,자원순환관련시설,100대 이상,116
26,부산,26530,10000,교육연구시설,51-100대,312
51,강원,51730,17000,공장,11-20대,894
48,경남,48121,17000,공장,11-20대,2489
45,전북,45800,02000,공동주택,10대 이하,244
43,충북,43114,21000,동물및식물관련시설,11-20대,12
28,인천,28140,22000,분뇨.쓰레기처리시설,11-20대,20
43,충북,43113,05000,문화및집회시설,21-50대,128
45,전북,45790,07000,판매시설,51-100대,72
41,경기,41135,09000,의료시설,100대 이상,6123
41,경기,41550,04000,제2종근린생활시설,21-50대,471
41,경기,41670,30000,자원순환관련시설,100대 이상,210
41,경기,41670,03000,제1종근린생활시설,100대 이상,853
41,경기,41830,08000,운수시설,21-50대,73
51,강원,51130,,,11-20대,78
11,서울,11260,14000,업무시설,10대 이하,118
27,대구,27710,24000,방송통신시설,10대 이하,0
51,강원,51110,29000,장례시설,21-50대,24
27,대구,27290,22000,분뇨.쓰레기처리시설,11-20대,14
45,전북,45190,10000,교육연구시설,51-100대,100
11,서울,11560,24000,방송통신시설,21-50대,45
26,부산,26380,24000,방송통신시설,11-20대,12
44,충남,44270,22000,분뇨.쓰레기처리시설,21-50대,53
27,대구,27720,14000,업무시설,100대 이상,458
41,경기,41410,20000,자동차관련시설,100대 이상,2047
45,전북,45790,12000,수련시설,10대 이하,0
41,경기,41370,17000,공장,100대 이상,11211
11,서울,11410,07000,판매시설,10대 이하,5
11,서울,11710,19000,위험물저장및처리시설,10대 이하,89
27,대구,27290,19000,위험물저장및처리시설,10대 이하,127
41,경기,41360,30000,자원순환관련시설,21-50대,50
41,경기,41570,06000,종교시설,10대 이하,226
30,대전,30230,27000,관광휴게시설,10대 이하,0
41,경기,41117,15000,숙박시설,10대 이하,4
45,전북,45113,Z9000,공공용시설,100대 이상,136
41,경기,41210,22000,분뇨.쓰레기처리시설,10대 이하,23
46,전남,46870,11000,노유자시설,11-20대,29
44,충남,44150,13000,운동시설,10대 이하,17
51,강원,51800,10000,교육연구시설,11-20대,29
47,경북,47840,13000,운동시설,10대 이하,10
11,서울,11380,14000,업무시설,11-20대,856
28,인천,28260,11000,노유자시설,21-50대,232
41,경기,41150,Z3000,근린생활시설,10대 이하,13
41,경기,41150,19000,위험물저장및처리시설,21-50대,24
26,부산,26290,11000,노유자시설,11-20대,80
50,제주,50130,26000,묘지관련시설,10대 이하,11
48,경남,48840,07000,판매시설,21-50대,29
51,강원,51790,05000,문화및집회시설,21-50대,26
30,대전,30230,18000,창고시설,51-100대,273
51,강원,51110,31000,야영장시설,11-20대,68
41,경기,41370,19000,위험물저장및처리시설,10대 이하,85
11,서울,11620,11000,노유자시설,21-50대,152
41,경기,41450,06000,종교시설,100대 이상,691
26,부산,26440,16000,위락시설,21-50대,37
44,충남,44250,03000,제1종근린생활시설,21-50대,373
48,경남,48121,07000,판매시설,11-20대,205
11,서울,11620,20000,자동차관련시설,100대 이상,840
51,강원,51230,24000,방송통신시설,21-50대,42
26,부산,26410,18000,창고시설,11-20대,37
30,대전,30140,20000,자동차관련시설,21-50대,26
47,경북,47130,16000,위락시설,11-20대,43
41,경기,41463,Z8000,교육연구및복지시설,10대 이하,0
44,충남,44200,03000,제1종근린생활시설,21-50대,2054
11,서울,11710,03000,제1종근린생활시설,21-50대,1733
48,경남,48123,06000,종교시설,10대 이하,96
11,서울,11305,Z8000,교육연구및복지시설,10대 이하,0
11,서울,11500,08000,운수시설,21-50대,50
11,서울,11440,12000,수련시설,11-20대,37
28,인천,28185,05000,문화및집회시설,10대 이하,22
46,전남,46780,15000,숙박시설,10대 이하,77
41,경기,41115,11000,노유자시설,21-50대,112
43,충북,43111,15000,숙박시설,11-20대,188
31,울산,31170,10000,교육연구시설,10대 이하,139
46,전남,46840,25000,발전시설,10대 이하,0
41,경기,41271,03000,제1종근린생활시설,11-20대,271
51,강원,51730,01001,단독주택,10대 이하,1
48,경남,48125,18000,창고시설,51-100대,66
50,제주,50130,Z8000,교육연구및복지시설,100대 이상,400
44,충남,44270,23000,교정및군사시설,10대 이하,0
43,충북,43740,15000,숙박시설,11-20대,22
45,전북,45113,25000,발전시설,10대 이하,0
26,부산,26380,Z3000,근린생활시설,11-20대,13
28,인천,28185,02000,공동주택,51-100대,318
44,충남,44800,Z8000,교육연구및복지시설,10대 이하,0
47,경북,47730,13000,운동시설,21-50대,91
43,충북,43111,,,21-50대,50
48,경남,48820,27000,관광휴게시설,100대 이상,188
51,강원,51750,03000,제1종근린생활시설,51-100대,153
41,경기,41111,20000,자동차관련시설,100대 이상,1206
41,경기,41820,10000,교육연구시설,21-50대,536
11,서울,11110,09000,의료시설,10대 이하,0
46,전남,46130,31000,야영장시설,11-20대,12
51,강원,51150,19000,위험물저장및처리시설,51-100대,56
41,경기,41650,19000,위험물저장및처리시설,100대 이상,152
44,충남,44180,02000,공동주택,10대 이하,320
44,충남,44825,20000,자동차관련시설,10대 이하,18
45,전북,45710,20000,자동차관련시설,100대 이상,584
41,경기,41500,13000,운동시설,100대 이상,25649
31,울산,31200,18000,창고시설,100대 이상,1604
41,경기,41220,13000,운동시설,21-50대,584
44,충남,44230,02000,공동주택,21-50대,594
41,경기,41480,Z8000,교육연구및복지시설,11-20대,13
47,경북,47940,05000,문화및집회시설,21-50대,128
41,경기,41463,21000,동물및식물관련시설,10대 이하,15
45,전북,45730,09000,의료시설,10대 이하,0
11,서울,11380,01000,단독주택,11-20대,22
43,충북,43113,27000,관광휴게시설,10대 이하,5
47,경북,47940,17000,공장,21-50대,28
47,경북,47250,03000,제1종근린생활시설,21-50대,423
29,광주,29140,09000,의료시설,10대 이하,27
46,전남,46790,09000,의료시설,100대 이상,8431
41,경기,41173,23000,교정및군사시설,51-100대,55
48,경남,48129,19000,위험물저장및처리시설,11-20대,29
47,경북,47170,09000,의료시설,10대 이하,11
43,충북,43111,04000,제2종근린생활시설,21-50대,778
11,서울,11440,Z3000,근린생활시설,21-50대,35
44,충남,44133,03000,제1종근린생활시설,51-100대,2027
45,전북,45740,24000,방송통신시설,10대 이하,0
48,경남,48330,23000,교정및군사시설,10대 이하,7
45,전북,45140,22000,분뇨.쓰레기처리시설,10대 이하,13
41,경기,41450,17000,공장,21-50대,375
46,전남,46830,11000,노유자시설,21-50대,96
46,전남,46170,27000,관광휴게시설,21-50대,71
48,경남,48129,Z8000,교육연구및복지시설,51-100대,104
46,전남,46150,Z3000,근린생활시설,10대 이하,0
45,전북,45113,09000,의료시설,10대 이하,41
11,서울,11500,03000,제1종근린생활시설,10대 이하,3075
30,대전,30170,14000,업무시설,51-100대,3196
48,경남,48840,33000,"국방,군사시설",10대 이하,0
29,광주,29140,13000,운동시설,10대 이하,15
11,서울,11140,07000,판매시설,10대 이하,20
41,경기,41281,10000,교육연구시설,21-50대,1609
41,경기,41670,10000,교육연구시설,100대 이상,1338
48,경남,48890,02000,공동주택,100대 이상,409
28,인천,28185,03000,제1종근린생활시설,10대 이하,635
44,충남,44760,14000,업무시설,51-100대,294
44,충남,44200,04000,제2종근린생활시설,11-20대,1618
48,경남,48730,14000,업무시설,10대 이하,35
36,세종,36110,19000,위험물저장및처리시설,11-20대,62
28,인천,28260,06000,종교시설,11-20대,384
44,충남,44230,07000,판매시설,100대 이상,671
45,전북,45210,17000,공장,51-100대,2186
44,충남,44133,Z8000,교육연구및복지시설,21-50대,291
43,충북,43760,07000,판매시설,21-50대,80
44,충남,44150,09000,의료시설,11-20대,11
27,대구,27110,07000,판매시설,10대 이하,10
47,경북,47230,Z8000,교육연구및복지시설,10대 이하,0
41,경기,41590,Z3000,근린생활시설,10대 이하,6
27,대구,27230,Z5000,문화및집회시설,21-50대,47
45,전북,45730,27000,관광휴게시설,10대 이하,0
11,서울,11230,09000,의료시설,51-100대,59
11,서울,11530,24000,방송통신시설,10대 이하,2
48,경남,48125,23000,교정및군사시설,10대 이하,0
26,부산,26350,22000,분뇨.쓰레기처리시설,21-50대,40
47,경북,47290,,,11-20대,18
51,강원,51150,02000,공동주택,51-100대,1054
45,전북,45190,18000,창고시설,10대 이하,254
51,강원,51770,01000,단독주택,11-20대,181
48,경남,48270,18000,창고시설,100대 이상,1420
27,대구,27170,30000,자원순환관련시설,10대 이하,22
29,광주,29110,06000,종교시설,10대 이하,107
11,서울,11230,08000,운수시설,11-20대,13
48,경남,48240,03000,제1종근린생활시설,100대 이상,604
44,충남,44131,02000,공동주택,10대 이하,1204
47,경북,47930,05000,문화및집회시설,51-100대,82
48,경남,48170,20000,자동차관련시설,11-20대,220
41,경기,41461,07000,판매시설,51-100대,365
28,인천,28720,,,51-100대,62
43,충북,43112,05000,문화및집회시설,11-20대,26
26,부산,26290,24000,방송통신시설,10대 이하,2
11,서울,11440,27000,관광휴게시설,100대 이상,272
51,강원,51770,04000,제2종근린생활시설,11-20대,115
48,경남,48123,15000,숙박시설,11-20대,121
11,서울,11260,Z5000,문화및집회시설,21-50대,43
30,대전,30200,02000,공동주택,100대 이상,745130
47,경북,47920,02000,공동주택,51-100대,835
46,전남,46870,Z9000,공공용시설,10대 이하,0
27,대구,27710,Z5000,문화및집회시설,11-20대,11
26,부산,26710,20000,자동차관련시설,100대 이상,3263
48,경남,48270,14000,업무시설,10대 이하,46
44,충남,44270,11000,노유자시설,11-20대,25
29,광주,29170,28000,가설건축물,10대 이하,0
43,충북,43150,13000,운동시설,11-20대,39
11,서울,11650,11000,노유자시설,11-20대,93
48,경남,48270,05000,문화및집회시설,10대 이하,46
11,서울,11650,20000,자동차관련시설,11-20대,70
26,부산,26260,10000,교육연구시설,10대 이하,189
51,강원,51760,01000,단독주택,10대 이하,5153
43,충북,43150,10000,교육연구시설,11-20대,110
41,경기,41173,17000,공장,100대 이상,14003
51,강원,51790,20000,자동차관련시설,10대 이하,16
41,경기,41220,13000,운동시설,51-100대,305
46,전남,46870,10000,교육연구시설,100대 이상,536
48,경남,48125,06000,종교시설,11-20대,96
43,충북,43760,03000,제1종근린생활시설,11-20대,185
41,경기,41500,20000,자동차관련시설,51-100대,58
48,경남,48121,03000,제1종근린생활시설,11-20대,637
41,경기,41480,08000,운수시설,51-100대,51
45,전북,45800,03000,제1종근린생활시설,100대 이상,239
41,경기,41273,31000,야영장시설,10대 이하,19
48,경남,48330,13000,운동시설,11-20대,135
27,대구,27140,22000,분뇨.쓰레기처리시설,51-100대,91
11,서울,11410,11000,노유자시설,10대 이하,222
47,경북,47130,27000,관광휴게시설,10대 이하,16
41,경기,41281,27000,관광휴게시설,10대 이하,0
11,서울,11560,15000,숙박시설,11-20대,107
27,대구,27290,Z6000,판매및영업시설,51-100대,72
46,전남,46150,07000,판매시설,21-50대,61
43,충북,43720,17000,공장,21-50대,1250
48,경남,48870,27000,관광휴게시설,100대 이상,595
28,인천,28237,13000,운동시설,51-100대,53
41,경기,41500,16000,위락시설,10대 이하,13
44,충남,44800,27000,관광휴게시설,100대 이상,394
46,전남,46770,18000,창고시설,21-50대,98
47,경북,47190,09000,의료시설,10대 이하,25
51,강원,51830,17000,공장,51-100대,105
48,경남,48330,Z6000,판매및영업시설,100대 이상,626
44,충남,44760,,,100대 이상,304
41,경기,41150,05000,문화및집회시설,100대 이상,1348
45,전북,45140,17000,공장,21-50대,2647
41,경기,41281,02000,공동주택,10대 이하,8821
48,경남,48127,06000,종교시설,21-50대,132
41,경기,41830,10000,교육연구시설,21-50대,825
45,전북,45750,04000,제2종근린생활시설,51-100대,81
11,서울,11170,05000,문화및집회시설,51-100대,485
48,경남,48121,10000,교육연구시설,51-100대,1334
31,울산,31710,07000,판매시설,21-50대,122
48,경남,48310,11000,노유자시설,11-20대,69
29,광주,29110,09000,의료시설,11-20대,172
41,경기,41133,18000,창고시설,21-50대,46
41,경기,41281,17000,공장,11-20대,180
43,충북,43730,14000,업무시설,51-100대,70
51,강원,51790,25000,발전시설,11-20대,20
31,울산,31110,06000,종교시설,21-50대,259
51,강원,51190,Z8000,교육연구및복지시설,10대 이하,0
48,경남,48870,17000,공장,10대 이하,164
47,경북,47113,05000,문화및집회시설,11-20대,37
41,경기,41670,14000,업무시설,100대 이상,1074
30,대전,30140,05000,문화및집회시설,51-100대,232
31,울산,31710,09000,의료시설,11-20대,52
48,경남,48890,10000,교육연구시설,100대 이상,196
41,경기,41310,06000,종교시설,21-50대,372
47,경북,47920,03000,제1종근린생활시설,10대 이하,254
41,경기,41117,11000,노유자시설,100대 이상,696
51,강원,51110,Z9000,공공용시설,10대 이하,0
11,서울,11500,Z8000,교육연구및복지시설,21-50대,152
41,경기,41500,17000,공장,10대 이하,3337
29,광주,29200,04000,제2종근린생활시설,10대 이하,8444
41,경기,41630,03000,제1종근린생활시설,51-100대,1416
43,충북,43760,01000,단독주택,10대 이하,1725
43,충북,43740,02000,공동주택,51-100대,1097
11,서울,11305,19000,위험물저장및처리시설,10대 이하,28
47,경북,47940,13000,운동시설,21-50대,24
47,경북,47250,17000,공장,100대 이상,2272
48,경남,48220,27000,관광휴게시설,21-50대,30
51,강원,51130,15000,숙박시설,51-100대,269
41,경기,41630,12000,수련시설,11-20대,43
44,충남,44133,06000,종교시설,11-20대,265
41,경기,41360,22000,분뇨.쓰레기처리시설,51-100대,250
51,강원,51720,Z8000,교육연구및복지시설,10대 이하,297
11,서울,11530,08000,운수시설,51-100대,149
43,충북,43130,04000,제2종근린생활시설,11-20대,619
28,인천,28720,11000,노유자시설,21-50대,30
51,강원,51150,23000,교정및군사시설,11-20대,34
27,대구,27230,17000,공장,11-20대,431
41,경기,41113,18000,창고시설,21-50대,42
41,경기,41820,21000,동물및식물관련시설,21-50대,22
46,전남,46840,04000,제2종근린생활시설,21-50대,295
45,전북,45140,Z9000,공공용시설,10대 이하,0
29,광주,29110,04000,제2종근린생활시설,51-100대,147
48,경남,48330,02000,공동주택,10대 이하,1716
36,세종,36110,13000,운동시설,11-20대,33
41,경기,41463,02000,공동주택,100대 이상,594197
30,대전,30170,,,11-20대,16
43,충북,43111,33000,"국방,군사시설",10대 이하,0
28,인천,28110,10000,교육연구시설,100대 이상,261
47,경북,47770,20000,자동차관련시설,11-20대,20
28,인천,28177,02000,공동주택,10대 이하,20444
47,경북,47820,13000,운동시설,10대 이하,0
41,경기,41465,04000,제2종근린생활시설,11-20대,1080
41,경기,41111,24000,방송통신시설,11-20대,12
11,서울,11545,24000,방송통신시설,10대 이하,5
47,경북,47250,20000,자동차관련시설,100대 이상,222
47,경북,47210,01000,단독주택,21-50대,297
46,전남,46840,21000,동물및식물관련시설,10대 이하,10
31,울산,31170,02000,공동주택,11-20대,2189
50,제주,50110,06000,종교시설,10대 이하,305
11,서울,11740,13000,운동시설,21-50대,89
41,경기,41115,20000,자동차관련시설,21-50대,154
45,전북,45190,17000,공장,51-100대,144
44,충남,44250,10000,교육연구시설,51-100대,53
47,경북,47113,15000,숙박시설,21-50대,390
44,충남,44210,19000,위험물저장및처리시설,21-50대,109
46,전남,46770,27000,관광휴게시설,10대 이하,5
48,경남,48270,30000,자원순환관련시설,21-50대,87
45,전북,45720,10000,교육연구시설,21-50대,559
26,부산,26200,18000,창고시설,10대 이하,88
47,경북,47111,29000,장례시설,100대 이상,108
44,충남,44131,14000,업무시설,21-50대,959
48,경남,48129,23000,교정및군사시설,21-50대,233
11,서울,11110,13000,운동시설,51-100대,124
44,충남,44825,12000,수련시설,11-20대,30
47,경북,47190,04000,제2종근린생활시설,21-50대,762
44,충남,44270,10000,교육연구시설,10대 이하,55
41,경기,41285,22000,분뇨.쓰레기처리시설,10대 이하,77
27,대구,27170,,,11-20대,11
47,경북,47920,30000,자원순환관련시설,21-50대,40
11,서울,11650,15000,숙박시설,21-50대,209
47,경북,47830,10000,교육연구시설,100대 이상,180
48,경남,48720,15000,숙박시설,10대 이하,68
30,대전,30110,06000,종교시설,21-50대,342
26,부산,26530,13000,운동시설,10대 이하,2
48,경남,48860,11000,노유자시설,10대 이하,58
27,대구,27230,20000,자동차관련시설,51-100대,851
44,충남,44133,05000,문화및집회시설,10대 이하,20
41,경기,41463,04000,제2종근린생활시설,51-100대,1170
41,경기,41281,Z3000,근린생활시설,10대 이하,23
26,부산,26710,22000,분뇨.쓰레기처리시설,21-50대,66
44,충남,44270,03000,제1종근린생활시설,11-20대,1029
48,경남,48820,09000,의료시설,10대 이하,5
29,광주,29200,,,51-100대,73
48,경남,48220,15000,숙박시설,51-100대,78
26,부산,26290,30000,자원순환관련시설,10대 이하,16
47,경북,47210,24000,방송통신시설,10대 이하,1
28,인천,28140,19000,위험물저장및처리시설,10대 이하,60
48,경남,48890,19000,위험물저장및처리시설,10대 이하,9
51,강원,51720,07000,판매시설,51-100대,298
47,경북,47130,05000,문화및집회시설,51-100대,345
44,충남,44250,02000,공동주택,21-50대,425
46,전남,46880,30000,자원순환관련시설,10대 이하,18
11,서울,11590,02000,공동주택,100대 이상,125932
44,충남,44133,30000,자원순환관련시설,21-50대,41
48,경남,48730,20000,자동차관련시설,100대 이상,195
29,광주,29200,06000,종교시설,10대 이하,127
31,울산,31200,15000,숙박시설,10대 이하,90
31,울산,31170,17000,공장,100대 이상,43498
41,경기,41500,22000,분뇨.쓰레기처리시설,21-50대,31
48,경남,48129,15000,숙박시설,21-50대,236
51,강원,51150,Z3000,근린생활시설,11-20대,13
26,부산,26470,11000,노유자시설,11-20대,35
41,경기,41590,13000,운동시설,100대 이상,7505
46,전남,46790,18000,창고시설,11-20대,76
43,충북,43130,11000,노유자시설,21-50대,157
51,강원,51810,03000,제1종근린생활시설,10대 이하,539
11,서울,11380,11000,노유자시설,51-100대,65
45,전북,45210,11000,노유자시설,10대 이하,172
43,충북,43150,13000,운동시설,21-50대,109
26,부산,26380,09000,의료시설,10대 이하,9
27,대구,27200,05000,문화및집회시설,11-20대,13
51,강원,51150,09000,의료시설,21-50대,22
41,경기,41220,03000,제1종근린생활시설,10대 이하,6267
46,전남,46150,01000,단독주택,21-50대,70
50,제주,50110,,,100대 이상,3261
44,충남,44131,06000,종교시설,11-20대,312
11,서울,11290,12000,수련시설,21-50대,29
41,경기,41480,04000,제2종근린생활시설,10대 이하,17445
45,전북,45710,10000,교육연구시설,11-20대,288
26,부산,26140,15000,숙박시설,11-20대,181
43,충북,43800,14000,업무시설,11-20대,51
47,경북,47190,07000,판매시설,21-50대,53
27,대구,27200,20000,자동차관련시설,10대 이하,12
41,경기,41131,20000,자동차관련시설,100대 이상,4286
41,경기,41287,09000,의료시설,51-100대,95
26,부산,26500,15000,숙박시설,11-20대,150
29,광주,29140,01002,다중주택,10대 이하,0
41,경기,41273,14000,업무시설,11-20대,137
48,경남,48310,18000,창고시설,100대 이상,670
48,경남,48850,07000,판매시설,21-50대,46
46,전남,46880,17000,공장,51-100대,1509
46,전남,46840,01000,단독주택,10대 이하,2628
44,충남,44210,11000,노유자시설,11-20대,71
46,전남,46130,03000,제1종근린생활시설,100대 이상,631
51,강원,51820,23000,교정및군사시설,11-20대,15
28,인천,28177,04000,제2종근린생활시설,21-50대,812
41,경기,41173,24000,방송통신시설,51-100대,64
30,대전,30170,03000,제1종근린생활시설,10대 이하,1758
48,경남,48250,19000,위험물저장및처리시설,10대 이하,392
11,서울,11110,06000,종교시설,11-20대,230
11,서울,11680,16000,위락시설,11-20대,121
41,경기,41310,13000,운동시설,100대 이상,236
11,서울,11740,07000,판매시설,51-100대,97
46,전남,46170,07000,판매시설,10대 이하,21
50,제주,50110,Z6000,판매및영업시설,21-50대,30
26,부산,26710,13000,운동시설,21-50대,202
27,대구,27140,07000,판매시설,10대 이하,0
48,경남,48820,12000,수련시설,10대 이하,11
51,강원,51750,11000,노유자시설,11-20대,15
44,충남,44250,18000,창고시설,51-100대,171
41,경기,41390,04000,제2종근린생활시설,10대 이하,10745
43,충북,43760,03000,제1종근린생활시설,10대 이하,440
46,전남,46730,09000,의료시설,10대 이하,14
46,전남,46770,04000,제2종근린생활시설,51-100대,65
46,전남,46810,10000,교육연구시설,11-20대,37
51,강원,51750,20000,자동차관련시설,11-20대,12
27,대구,27230,18000,창고시설,51-100대,133
47,경북,47290,06000,종교시설,51-100대,176
30,대전,30200,13000,운동시설,21-50대,260
11,서울,11440,18000,창고시설,10대 이하,25
47,경북,47250,05000,문화및집회시설,51-100대,150
43,충북,43750,01000,단독주택,10대 이하,3119
27,대구,27260,08000,운수시설,21-50대,60
41,경기,41220,08000,운수시설,100대 이상,5089
11,서울,11380,08000,운수시설,51-100대,63
51,강원,51110,06000,종교시설,51-100대,874
41,경기,41461,12000,수련시설,10대 이하,4
41,경기,41570,20000,자동차관련시설,10대 이하,448
41,경기,41465,,,21-50대,35
46,전남,46730,10000,교육연구시설,100대 이상,232
41,경기,41590,04000,제2종근린생활시설,10대 이하,36233
45,전북,45790,03000,제1종근린생활시설,21-50대,1061
11,서울,11740,11000,노유자시설,51-100대,199
46,전남,46870,18000,창고시설,11-20대,14
11,서울,11530,09000,의료시설,10대 이하,0
47,경북,47111,11000,노유자시설,10대 이하,216
41,경기,41113,14000,업무시설,11-20대,244
41,경기,41113,09000,의료시설,100대 이상,180
31,울산,31170,12000,수련시설,21-50대,41
48,경남,48820,10000,교육연구시설,11-20대,182
41,경기,41285,17000,공장,100대 이상,2175
41,경기,41410,12000,수련시설,10대 이하,0
44,충남,44150,07000,판매시설,21-50대,55
45,전북,45800,12000,수련시설,21-50대,48
41,경기,41135,26000,묘지관련시설,21-50대,30
48,경남,48880,17000,공장,100대 이상,1985
26,부산,26470,13000,운동시설,11-20대,20
46,전남,46170,20000,자동차관련시설,11-20대,43
45,전북,45180,24000,방송통신시설,21-50대,48
51,강원,51130,Z5000,문화및집회시설,10대 이하,23
47,경북,47210,15000,숙박시설,10대 이하,183
41,경기,41670,04000,제2종근린생활시설,51-100대,384
45,전북,45800,04000,제2종근린생활시설,11-20대,104
43,충북,43760,09000,의료시설,10대 이하,12
30,대전,30230,13000,운동시설,11-20대,28
41,경기,41173,16000,위락시설,10대 이하,9
44,충남,44825,15000,숙박시설,11-20대,200
28,인천,28177,16000,위락시설,11-20대,25
43,충북,43760,19000,위험물저장및처리시설,10대 이하,10
43,충북,43750,19000,위험물저장및처리시설,21-50대,74
28,인천,28260,07000,판매시설,21-50대,146
28,인천,28185,20000,자동차관련시설,21-50대,280
46,전남,46170,21000,동물및식물관련시설,11-20대,25
47,경북,47280,09000,의료시설,100대 이상,836
41,경기,41360,15000,숙박시설,51-100대,151
41,경기,41570,17000,공장,21-50대,9849
51,강원,51150,13000,운동시설,10대 이하,52
43,충북,43111,20000,자동차관련시설,51-100대,138
45,전북,45140,24000,방송통신시설,21-50대,69
41,경기,41285,10000,교육연구시설,21-50대,1103
43,충북,43111,16000,위락시설,11-20대,53
11,서울,11170,02000,공동주택,10대 이하,9836
28,인천,28200,Z8000,교육연구및복지시설,21-50대,74
31,울산,31140,20000,자동차관련시설,51-100대,670
31,울산,31110,06000,종교시설,51-100대,63
41,경기,41500,03001,소매점,10대 이하,0
41,경기,41610,23000,교정및군사시설,11-20대,17
43,충북,43770,07000,판매시설,10대 이하,39
11,서울,11170,23000,교정및군사시설,10대 이하,2
28,인천,28260,14000,업무시설,100대 이상,21126
41,경기,41360,14000,업무시설,10대 이하,80
51,강원,51830,27000,관광휴게시설,11-20대,15
11,서울,11530,01000,단독주택,11-20대,45
30,대전,30230,18000,창고시설,21-50대,286
46,전남,46810,22000,분뇨.쓰레기처리시설,10대 이하,5
26,부산,26170,15000,숙박시설,10대 이하,171
46,전남,46730,10000,교육연구시설,11-20대,14
44,충남,44810,07000,판매시설,10대 이하,8
47,경북,47930,18000,창고시설,11-20대,12
46,전남,46170,,,21-50대,32
48,경남,48720,13000,운동시설,10대 이하,9
45,전북,45750,22000,분뇨.쓰레기처리시설,10대 이하,0
31,울산,31140,14000,업무시설,11-20대,521
11,서울,11470,01000,단독주택,11-20대,30
26,부산,26260,14000,업무시설,11-20대,894
48,경남,48240,05000,문화및집회시설,11-20대,16
26,부산,26230,02000,공동주택,21-50대,3027
50,제주,50130,03000,제1종근린생활시설,21-50대,1835
46,전남,46880,03000,제1종근린생활시설,11-20대,356
43,충북,43745,14000,업무시설,51-100대,58
45,전북,45770,10000,교육연구시설,21-50대,331
51,강원,51190,03000,제1종근린생활시설,10대 이하,380
44,충남,44150,11000,노유자시설,11-20대,113
51,강원,51110,03000,제1종근린생활시설,10대 이하,2200
11,서울,11530,14000,업무시설,100대 이상,13005
45,전북,45190,10000,교육연구시설,21-50대,369
47,경북,47190,18000,창고시설,21-50대,71
30,대전,30170,10000,교육연구시설,51-100대,2510
26,부산,26530,16000,위락시설,10대 이하,11
44,충남,44710,17000,공장,10대 이하,893
26,부산,26350,03000,제1종근린생활시설,11-20대,610
45,전북,45140,04000,제2종근린생활시설,11-20대,761
50,제주,50110,01000,단독주택,21-50대,2133
11,서울,11470,03000,제1종근린생활시설,10대 이하,1870
41,경기,41463,15000,숙박시설,11-20대,121
46,전남,46770,14000,업무시설,100대 이상,120
28,인천,28245,18000,창고시설,100대 이상,112
11,서울,11260,03000,제1종근린생활시설,21-50대,1026
27,대구,27710,05000,문화및집회시설,10대 이하,14
51,강원,51750,25000,발전시설,100대 이상,254
11,서울,11260,14000,업무시설,11-20대,380
31,울산,31200,05000,문화및집회시설,51-100대,143
48,경남,48740,09000,의료시설,10대 이하,8
44,충남,44800,11000,노유자시설,21-50대,28
41,경기,41273,Z8000,교육연구및복지시설,100대 이상,217
47,경북,47290,33000,"국방,군사시설",10대 이하,0
48,경남,48127,15000,숙박시설,51-100대,51
51,강원,51110,27000,관광휴게시설,10대 이하,10
26,부산,26290,18000,창고시설,10대 이하,106
51,강원,51170,14000,업무시설,10대 이하,28
11,서울,11440,09000,의료시설,10대 이하,14
46,전남,46870,03000,제1종근린생활시설,10대 이하,729
44,충남,44180,02000,공동주택,21-50대,510
43,충북,43130,13000,운동시설,11-20대,69
26,부산,26290,19000,위험물저장및처리시설,51-100대,176
45,전북,45130,17000,공장,11-20대,2357
48,경남,48860,25000,발전시설,10대 이하,2
41,경기,41550,14000,업무시설,11-20대,545
47,경북,47830,13000,운동시설,11-20대,27
46,전남,46230,07000,판매시설,51-100대,122
30,대전,30200,06000,종교시설,21-50대,570
51,강원,51770,15000,숙박시설,51-100대,149
41,경기,41273,12000,수련시설,100대 이상,221
44,충남,44810,02000,공동주택,11-20대,534
41,경기,41590,30000,자원순환관련시설,100대 이상,1900
26,부산,26710,18000,창고시설,11-20대,181
28,인천,28200,30000,자원순환관련시설,21-50대,27
44,충남,44200,12000,수련시설,10대 이하,4
11,서울,11230,11000,노유자시설,100대 이상,4201
29,광주,29155,09000,의료시설,10대 이하,34
11,서울,11140,14000,업무시설,10대 이하,369
11,서울,11470,30000,자원순환관련시설,21-50대,42
44,충남,44800,13000,운동시설,11-20대,14
46,전남,46910,12000,수련시설,11-20대,11
46,전남,46800,12000,수련시설,10대 이하,8
31,울산,31140,10000,교육연구시설,100대 이상,18801
26,부산,26710,09000,의료시설,21-50대,154
47,경북,47820,17000,공장,10대 이하,279
46,전남,46230,01000,단독주택,10대 이하,4573
51,강원,51150,10000,교육연구시설,100대 이상,5808
47,경북,47290,22000,분뇨.쓰레기처리시설,11-20대,26
43,충북,43720,27000,관광휴게시설,100대 이상,5011
44,충남,44131,30000,자원순환관련시설,10대 이하,40
43,충북,43740,12000,수련시설,10대 이하,3
41,경기,41115,17000,공장,10대 이하,0
41,경기,41500,02001,아파트,11-20대,19
26,부산,26380,18000,창고시설,10대 이하,241
30,대전,30230,07000,판매시설,10대 이하,21
26,부산,26320,07000,판매시설,100대 이상,1808
41,경기,41463,06000,종교시설,51-100대,908
51,강원,51150,07000,판매시설,100대 이상,3231
44,충남,44770,02000,공동주택,51-100대,397
48,경남,48890,01000,단독주택,10대 이하,603
11,서울,11260,Z8000,교육연구및복지시설,10대 이하,0
26,부산,26530,10000,교육연구시설,11-20대,151
41,경기,41150,31000,야영장시설,10대 이하,0
30,대전,30230,09000,의료시설,21-50대,221
41,경기,41465,09000,의료시설,51-100대,148
41,경기,41570,22000,분뇨.쓰레기처리시설,10대 이하,120
41,경기,41830,06000,종교시설,21-50대,272
29,광주,29155,Z8000,교육연구및복지시설,10대 이하,13
30,대전,30170,03000,제1종근린생활시설,51-100대,1424
43,충북,43745,Z5000,문화및집회시설,51-100대,97
45,전북,45111,02000,공동주택,21-50대,1176
28,인천,28260,18000,창고시설,21-50대,1016
26,부산,26440,18000,창고시설,100대 이상,6034
48,경남,48720,20000,자동차관련시설,10대 이하,6
26,부산,26320,17000,공장,10대 이하,9
46,전남,46150,08000,운수시설,100대 이상,121
48,경남,48123,23000,교정및군사시설,10대 이하,0
41,경기,41133,10000,교육연구시설,100대 이상,1493
44,충남,44250,01000,단독주택,10대 이하,1800
45,전북,45770,26000,묘지관련시설,10대 이하,0
46,전남,46780,06000,종교시설,51-100대,52
46,전남,46900,09000,의료시설,21-50대,26
51,강원,51780,17000,공장,21-50대,313
48,경남,48121,05000,문화및집회시설,10대 이하,10
29,광주,29170,02000,공동주택,51-100대,1981
48,경남,48820,13000,운동시설,100대 이상,6671
41,경기,41131,07000,판매시설,10대 이하,0
41,경기,41131,12000,수련시설,100대 이상,137
41,경기,41463,07000,판매시설,51-100대,149
41,경기,41830,17000,공장,11-20대,150
48,경남,48880,11000,노유자시설,51-100대,54
41,경기,41820,10000,교육연구시설,10대 이하,239
48,경남,48890,09000,의료시설,21-50대,27
41,경기,41113,Z6000,판매및영업시설,10대 이하,0
48,경남,48129,14000,업무시설,11-20대,193
11,서울,11380,11000,노유자시설,21-50대,162
48,경남,48129,09000,의료시설,10대 이하,12
46,전남,46830,04000,제2종근린생활시설,10대 이하,865
51,강원,51800,06000,종교시설,21-50대,53
51,강원,51750,13000,운동시설,51-100대,61
11,서울,11500,04000,제2종근린생활시설,10대 이하,5083
26,부산,26470,23000,교정및군사시설,10대 이하,0
41,경기,41370,24000,방송통신시설,21-50대,50
43,충북,43800,19000,위험물저장및처리시설,10대 이하,7
47,경북,47150,17000,공장,100대 이상,23752
51,강원,51170,20000,자동차관련시설,10대 이하,86
41,경기,41410,Z3000,근린생활시설,51-100대,66
46,전남,46730,18000,창고시설,11-20대,56
45,전북,45130,03000,제1종근린생활시설,51-100대,650
47,경북,47730,02000,공동주택,100대 이상,739
11,서울,11650,27000,관광휴게시설,100대 이상,145
44,충남,44150,09000,의료시설,10대 이하,14
28,인천,28237,04000,제2종근린생활시설,11-20대,969
44,충남,44770,Z3000,근린생활시설,10대 이하,6
51,강원,51800,05000,문화및집회시설,21-50대,168
46,전남,46870,02000,공동주택,21-50대,998
43,충북,43750,08000,운수시설,100대 이상,130
46,전남,46840,29000,장례시설,10대 이하,0
29,광주,29110,17000,공장,10대 이하,12
46,전남,46860,04000,제2종근린생활시설,21-50대,117
41,경기,41830,26000,묘지관련시설,100대 이상,555
11,서울,11410,03000,제1종근린생활시설,100대 이상,605
28,인천,28200,05000,문화및집회시설,10대 이하,38
41,경기,41500,13000,운동시설,10대 이하,26
11,서울,11320,10000,교육연구시설,10대 이하,104
48,경남,48310,18000,창고시설,11-20대,222
45,전북,45111,17000,공장,11-20대,79
41,경기,41450,20000,자동차관련시설,100대 이상,2767
45,전북,45130,13000,운동시설,51-100대,312
46,전남,46230,27000,관광휴게시설,10대 이하,2
11,서울,11440,02000,공동주택,21-50대,3912
41,경기,41220,,,21-50대,345
48,경남,48330,11000,노유자시설,10대 이하,287
11,서울,11350,20000,자동차관련시설,10대 이하,60
50,제주,50110,18000,창고시설,51-100대,638
44,충남,44810,16000,위락시설,11-20대,18
26,부산,26410,07000,판매시설,51-100대,333
47,경북,47290,03000,제1종근린생활시설,51-100대,688
47,경북,47760,14000,업무시설,10대 이하,18
51,강원,51110,Z3000,근린생활시설,11-20대,24
43,충북,43800,33000,"국방,군사시설",10대 이하,0
41,경기,41610,30000,자원순환관련시설,10대 이하,71
41,경기,41290,06000,종교시설,21-50대,177
47,경북,47113,24000,방송통신시설,10대 이하,11
51,강원,51800,10000,교육연구시설,51-100대,130
41,경기,41550,Z8000,교육연구및복지시설,100대 이상,634
51,강원,51720,15000,숙박시설,11-20대,339
47,경북,47250,18000,창고시설,11-20대,143
28,인천,28140,14000,업무시설,21-50대,122
44,충남,44131,19000,위험물저장및처리시설,21-50대,112
46,전남,46730,27000,관광휴게시설,21-50대,39
26,부산,26320,Z6000,판매및영업시설,10대 이하,0
48,경남,48720,02000,공동주택,100대 이상,906
41,경기,41360,08000,운수시설,10대 이하,7
45,전북,45790,15000,숙박시설,51-100대,64
11,서울,11260,10000,교육연구시설,51-100대,840
43,충북,43114,07000,판매시설,10대 이하,27
41,경기,41610,14000,업무시설,21-50대,191
48,경남,48860,17000,공장,21-50대,1144
26,부산,26170,04000,제2종근린생활시설,11-20대,96
47,경북,47113,Z5000,문화및집회시설,11-20대,15
41,경기,41210,10000,교육연구시설,11-20대,85
26,부산,26260,11000,노유자시설,11-20대,92
41,경기,41133,Z8000,교육연구및복지시설,21-50대,26
48,경남,48310,20000,자동차관련시설,21-50대,127
44,충남,44230,13000,운동시설,100대 이상,622
29,광주,29170,Z6000,판매및영업시설,11-20대,14
41,경기,41570,06000,종교시설,21-50대,688
44,충남,44790,20000,자동차관련시설,10대 이하,17
11,서울,11500,05000,문화및집회시설,11-20대,19
41,경기,41465,02000,공동주택,11-20대,684
43,충북,43770,Z5000,문화및집회시설,10대 이하,0
44,충남,44150,24000,방송통신시설,10대 이하,0
28,인천,28177,,,21-50대,27
45,전북,45180,15000,숙박시설,11-20대,66
43,충북,43745,05000,문화및집회시설,10대 이하,26
44,충남,44770,17000,공장,21-50대,444
48,경남,48330,30000,자원순환관련시설,21-50대,102
48,경남,48850,18000,창고시설,10대 이하,120
44,충남,44200,Z5000,문화및집회시설,10대 이하,0
47,경북,47210,24000,방송통신시설,100대 이상,103
28,인천,28245,,,21-50대,97
11,서울,11170,05000,문화및집회시설,11-20대,28
11,서울,11170,23000,교정및군사시설,21-50대,29
47,경북,47230,14000,업무시설,10대 이하,34
41,경기,41450,04000,제2종근린생활시설,100대 이상,1370
11,서울,11740,06000,종교시설,51-100대,240
47,경북,47250,16000,위락시설,11-20대,12
43,충북,43112,10000,교육연구시설,51-100대,729
31,울산,31140,20000,자동차관련시설,11-20대,126
31,울산,31140,25000,발전시설,10대 이하,1
41,경기,41830,07000,판매시설,21-50대,23
27,대구,27260,Z8000,교육연구및복지시설,10대 이하,16
51,강원,51170,17000,공장,11-20대,193
30,대전,30230,17000,공장,51-100대,1685
46,전남,46790,09000,의료시설,21-50대,433
43,충북,43760,15000,숙박시설,11-20대,103
26,부산,26260,09000,의료시설,10대 이하,38
28,인천,28260,14000,업무시설,10대 이하,46
31,울산,31710,18000,창고시설,51-100대,1121
41,경기,41173,17000,공장,51-100대,1377
47,경북,47820,16000,위락시설,10대 이하,16
46,전남,46720,31000,야영장시설,10대 이하,18
47,경북,47130,26000,묘지관련시설,11-20대,41
41,경기,41630,30000,자원순환관련시설,100대 이상,368
41,경기,41281,13000,운동시설,21-50대,152
45,전북,45720,03000,제1종근린생활시설,51-100대,54
44,충남,44760,15000,숙박시설,100대 이상,497
47,경북,47290,09000,의료시설,11-20대,139
27,대구,27200,,,11-20대,13
45,전북,45111,03000,제1종근린생활시설,21-50대,1826
11,서울,11260,Z3000,근린생활시설,11-20대,16
43,충북,43150,19000,위험물저장및처리시설,10대 이하,74
41,경기,41173,,,100대 이상,127
26,부산,26110,20000,자동차관련시설,11-20대,36
26,부산,26440,03000,제1종근린생활시설,51-100대,783
41,경기,41410,12000,수련시설,21-50대,23
47,경북,47820,27000,관광휴게시설,21-50대,33
46,전남,46820,09000,의료시설,51-100대,100
44,충남,44790,02000,공동주택,11-20대,281
30,대전,30170,06000,종교시설,21-50대,646
47,경북,47250,30000,자원순환관련시설,100대 이상,452
41,경기,41800,10000,교육연구시설,10대 이하,40
47,경북,47930,24000,방송통신시설,10대 이하,4
47,경북,47113,05000,문화및집회시설,21-50대,70
27,대구,27230,08000,운수시설,21-50대,22
50,제주,50110,08000,운수시설,21-50대,178
41,경기,41111,05000,문화및집회시설,100대 이상,2001
50,제주,50110,15000,숙박시설,11-20대,1569
43,충북,43745,08000,운수시설,10대 이하,1
41,경기,41290,01000,단독주택,11-20대,60
11,서울,11170,19000,위험물저장및처리시설,10대 이하,21
26,부산,26350,16000,위락시설,21-50대,190
45,전북,45180,11000,노유자시설,11-20대,27
28,인천,28720,08000,운수시설,21-50대,30
46,전남,46770,06000,종교시설,10대 이하,116
27,대구,27110,18000,창고시설,11-20대,77
11,서울,11140,06000,종교시설,100대 이상,716
47,경북,47210,10000,교육연구시설,51-100대,484
41,경기,41590,20000,자동차관련시설,21-50대,1506
44,충남,44800,19000,위험물저장및처리시설,11-20대,12
41,경기,41273,20000,자동차관련시설,100대 이상,5437
45,전북,45790,30000,자원순환관련시설,10대 이하,9
28,인천,28200,31000,야영장시설,10대 이하,8
11,서울,11500,07000,판매시설,11-20대,34
45,전북,45130,11000,노유자시설,10대 이하,415
46,전남,46820,21000,동물및식물관련시설,100대 이상,141
26,부산,26230,20000,자동차관련시설,100대 이상,1666
47,경북,47900,12000,수련시설,10대 이하,0
48,경남,48330,19000,위험물저장및처리시설,100대 이상,735
41,경기,41273,03000,제1종근린생활시설,10대 이하,1257
29,광주,29170,05000,문화및집회시설,10대 이하,42
47,경북,47250,11000,노유자시설,11-20대,20
11,서울,11260,09000,의료시설,51-100대,146
51,강원,51780,06000,종교시설,11-20대,69
29,광주,29170,15000,숙박시설,51-100대,60
44,충남,44760,25000,발전시설,10대 이하,0
41,경기,41463,05000,문화및집회시설,11-20대,40
44,충남,44131,15000,숙박시설,11-20대,335
43,충북,43740,20000,자동차관련시설,51-100대,56
47,경북,47250,23000,교정및군사시설,100대 이상,200
43,충북,43745,29000,장례시설,11-20대,32
41,경기,41173,Z9000,공공용시설,10대 이하,0
28,인천,28177,10000,교육연구시설,21-50대,1039
43,충북,43720,09000,의료시설,11-20대,14
44,충남,44230,04000,제2종근린생활시설,21-50대,425
30,대전,30200,11000,노유자시설,21-50대,289
41,경기,41310,18000,창고시설,11-20대,133
50,제주,50130,16000,위락시설,10대 이하,88
26,부산,26470,03000,제1종근린생활시설,10대 이하,817
29,광주,29170,19000,위험물저장및처리시설,10대 이하,138
47,경북,47113,10000,교육연구시설,21-50대,1659
51,강원,51800,15000,숙박시설,10대 이하,83
51,강원,51130,20000,자동차관련시설,21-50대,904
51,강원,51820,18000,창고시설,21-50대,40
41,경기,41390,24000,방송통신시설,10대 이하,0
11,서울,11530,16000,위락시설,10대 이하,0
48,경남,48330,09000,의료시설,10대 이하,34
44,충남,44131,19000,위험물저장및처리시설,51-100대,72
44,충남,44270,06000,종교시설,10대 이하,193
41,경기,41590,,,10대 이하,178
31,울산,31710,30000,자원순환관련시설,11-20대,110
46,전남,46800,06000,종교시설,11-20대,39
51,강원,51130,27000,관광휴게시설,100대 이상,7014
41,경기,41360,11000,노유자시설,11-20대,356
41,경기,41463,02000,공동주택,51-100대,1815
46,전남,46800,02000,공동주택,10대 이하,98
41,경기,41630,31000,야영장시설,10대 이하,25
45,전북,45140,03000,제1종근린생활시설,100대 이상,600
46,전남,46770,11000,노유자시설,51-100대,66
27,대구,27140,19000,위험물저장및처리시설,10대 이하,111
46,전남,46810,05000,문화및집회시설,10대 이하,23
46,전남,46780,10000,교육연구시설,21-50대,108
45,전북,45180,03000,제1종근린생활시설,51-100대,264
26,부산,26170,13000,운동시설,10대 이하,0
28,인천,28260,11000,노유자시설,100대 이상,1571
41,경기,41115,27000,관광휴게시설,10대 이하,0
45,전북,45740,17000,공장,51-100대,284
48,경남,48125,27000,관광휴게시설,10대 이하,6
26,부산,26440,11000,노유자시설,11-20대,90
47,경북,47250,27000,관광휴게시설,10대 이하,2
41,경기,41250,,,10대 이하,0
51,강원,51760,08000,운수시설,10대 이하,6
30,대전,30170,29000,장례시설,51-100대,75
41,경기,41410,05000,문화및집회시설,10대 이하,5
47,경북,47850,13000,운동시설,51-100대,132
26,부산,26380,10000,교육연구시설,100대 이상,4054
51,강원,51720,04000,제2종근린생활시설,21-50대,171
11,서울,11110,05000,문화및집회시설,10대 이하,443
11,서울,11740,05000,문화및집회시설,51-100대,369
44,충남,44825,09000,의료시설,100대 이상,152
11,서울,11470,04000,제2종근린생활시설,11-20대,857
44,충남,44200,창고,,10대 이하,0
28,인천,28710,03000,제1종근린생활시설,10대 이하,1095
44,충남,44270,16000,위락시설,10대 이하,14
41,경기,41250,03000,제1종근린생활시설,21-50대,606
11,서울,11440,07000,판매시설,11-20대,37
44,충남,44210,30000,자원순환관련시설,21-50대,44
46,전남,46890,17000,공장,51-100대,58
51,강원,51210,,,51-100대,79
26,부산,26230,13000,운동시설,11-20대,17
28,인천,28110,Z6000,판매및영업시설,100대 이상,322
41,경기,41250,05000,문화및집회시설,100대 이상,258
46,전남,46830,03000,제1종근린생활시설,21-50대,434
47,경북,47290,04000,제2종근린생활시설,51-100대,109
46,전남,46880,15000,숙박시설,21-50대,24
48,경남,48250,17000,공장,21-50대,10037
29,광주,29155,03000,제1종근린생활시설,21-50대,1008
47,경북,47940,03000,제1종근린생활시설,51-100대,94
28,인천,28177,20000,자동차관련시설,51-100대,779
41,경기,41271,10000,교육연구시설,11-20대,142
41,경기,41173,10000,교육연구시설,10대 이하,161
27,대구,27720,02000,공동주택,51-100대,95
48,경남,48123,Z6000,판매및영업시설,100대 이상,509
47,경북,47280,17000,공장,21-50대,623
11,서울,11530,20000,자동차관련시설,100대 이상,2943
47,경북,47111,23000,교정및군사시설,10대 이하,52
41,경기,41310,05000,문화및집회시설,100대 이상,229
43,충북,43112,03000,제1종근린생활시설,100대 이상,130
41,경기,41650,30000,자원순환관련시설,10대 이하,263
51,강원,51820,18000,창고시설,11-20대,15
47,경북,47930,25000,발전시설,100대 이상,718
46,전남,46830,05000,문화및집회시설,100대 이상,626321
47,경북,47190,04000,제2종근린생활시설,51-100대,622
43,충북,43740,09000,의료시설,11-20대,14
48,경남,48127,03000,제1종근린생활시설,11-20대,516
11,서울,11320,05000,문화및집회시설,11-20대,15
41,경기,41113,10000,교육연구시설,11-20대,214
47,경북,47170,25000,발전시설,21-50대,69
41,경기,41133,14000,업무시설,100대 이상,4345
41,경기,41670,15000,숙박시설,51-100대,279
45,전북,45750,24000,방송통신시설,10대 이하,0
48,경남,48840,03000,제1종근린생활시설,51-100대,51
51,강원,51820,05000,문화및집회시설,11-20대,29
28,인천,28260,11000,노유자시설,11-20대,247
45,전북,45130,29000,장례시설,100대 이상,265
44,충남,44250,Z3000,근린생활시설,10대 이하,11
51,강원,51170,02000,공동주택,100대 이상,25817
46,전남,46780,30000,자원순환관련시설,10대 이하,6
41,경기,41630,19000,위험물저장및처리시설,11-20대,63
41,경기,41190,01000,단독주택,21-50대,25
41,경기,41285,25000,발전시설,21-50대,42
47,경북,47170,17000,공장,10대 이하,579
28,인천,28140,Z5000,문화및집회시설,10대 이하,0
26,부산,26410,05000,문화및집회시설,10대 이하,10
46,전남,46880,17000,공장,11-20대,1175
27,대구,27260,,,100대 이상,725
51,강원,51750,10000,교육연구시설,10대 이하,70
47,경북,47820,09000,의료시설,11-20대,11
27,대구,27110,04000,제2종근린생활시설,21-50대,260
27,대구,27720,05000,문화및집회시설,10대 이하,0
41,경기,41190,13000,운동시설,21-50대,49
43,충북,43111,10000,교육연구시설,10대 이하,120
26,부산,26470,14000,업무시설,100대 이상,4041
51,강원,51720,02000,공동주택,10대 이하,505
11,서울,11215,08000,운수시설,100대 이상,270
47,경북,47820,05000,문화및집회시설,21-50대,155
41,경기,41670,09000,의료시설,10대 이하,17
51,강원,51210,03000,제1종근린생활시설,10대 이하,926
26,부산,26260,18000,창고시설,11-20대,27
47,경북,47930,16000,위락시설,10대 이하,24
48,경남,48740,15000,숙박시설,11-20대,255
29,광주,29200,29000,장례시설,100대 이상,435
47,경북,47730,04000,제2종근린생활시설,51-100대,82
46,전남,46900,03000,제1종근린생활시설,21-50대,290
27,대구,27200,10000,교육연구시설,21-50대,276
36,세종,36110,,,10대 이하,70
44,충남,44825,06000,종교시설,21-50대,82
47,경북,47170,02000,공동주택,11-20대,526
48,경남,48240,17000,공장,51-100대,3251
44,충남,44250,17000,공장,21-50대,200
51,강원,51810,29000,장례시설,10대 이하,0
41,경기,41173,,,21-50대,38
46,전남,46710,01000,단독주택,10대 이하,4378
45,전북,45710,02000,공동주택,11-20대,164
48,경남,48129,16000,위락시설,10대 이하,65
43,충북,43760,18000,창고시설,100대 이상,101
45,전북,45140,12000,수련시설,21-50대,33
46,전남,46910,Z3000,근린생활시설,10대 이하,7
41,경기,41550,06000,종교시설,100대 이상,809
44,충남,44810,27000,관광휴게시설,21-50대,40
51,강원,51150,15000,숙박시설,100대 이상,6189
46,전남,46780,24000,방송통신시설,10대 이하,2
41,경기,41800,30000,자원순환관련시설,21-50대,36
11,서울,11440,Z3000,근린생활시설,10대 이하,46
41,경기,41410,15000,숙박시설,10대 이하,164
41,경기,41281,01000,단독주택,51-100대,124
51,강원,51170,03000,제1종근린생활시설,21-50대,475
26,부산,26380,30000,자원순환관련시설,21-50대,25
46,전남,46880,05000,문화및집회시설,10대 이하,34
45,전북,45113,10000,교육연구시설,51-100대,1380
46,전남,46820,01000,단독주택,11-20대,303
48,경남,48740,14000,업무시설,100대 이상,220
41,경기,41590,14000,업무시설,100대 이상,21467
47,경북,47920,Z8000,교육연구및복지시설,11-20대,17
30,대전,30110,17000,공장,100대 이상,332
48,경남,48220,Z8000,교육연구및복지시설,100대 이상,294
51,강원,51230,15000,숙박시설,100대 이상,1835
43,충북,43770,10000,교육연구시설,51-100대,548
47,경북,47210,23000,교정및군사시설,10대 이하,3
11,서울,11560,02000,공동주택,100대 이상,136367
11,서울,11620,15000,숙박시설,21-50대,197
41,경기,41630,30000,자원순환관련시설,11-20대,115
45,전북,45190,07000,판매시설,51-100대,80
41,경기,41150,23000,교정및군사시설,10대 이하,9
51,강원,51130,07000,판매시설,11-20대,108
27,대구,27140,14000,업무시설,10대 이하,88
47,경북,47850,15000,숙박시설,21-50대,50
47,경북,47250,16000,위락시설,10대 이하,4
41,경기,41171,10000,교육연구시설,21-50대,830
51,강원,51150,20000,자동차관련시설,11-20대,45
43,충북,43770,06000,종교시설,21-50대,236
45,전북,45180,15000,숙박시설,10대 이하,286
41,경기,41461,33000,"국방,군사시설",10대 이하,0
28,인천,28237,09000,의료시설,21-50대,287
51,강원,51190,23000,교정및군사시설,10대 이하,9
46,전남,46890,05000,문화및집회시설,10대 이하,44
47,경북,47111,06000,종교시설,10대 이하,185
45,전북,45800,23000,교정및군사시설,10대 이하,10
51,강원,51810,31000,야영장시설,10대 이하,10
51,강원,51720,24000,방송통신시설,10대 이하,7
41,경기,41630,30000,자원순환관련시설,51-100대,305
47,경북,47150,01000,단독주택,10대 이하,4361
11,서울,11680,02000,공동주택,11-20대,6411
47,경북,47130,03000,제1종근린생활시설,100대 이상,1670
26,부산,26470,04000,제2종근린생활시설,11-20대,448
47,경북,47190,,,11-20대,13
48,경남,48880,26000,묘지관련시설,51-100대,55
51,강원,51110,05000,문화및집회시설,21-50대,425
47,경북,47190,03000,제1종근린생활시설,100대 이상,728
51,강원,51170,27000,관광휴게시설,51-100대,86
47,경북,47230,05000,문화및집회시설,10대 이하,4
41,경기,41273,04000,제2종근린생활시설,10대 이하,2975
30,대전,30200,04000,제2종근린생활시설,11-20대,2036
11,서울,11650,02000,공동주택,51-100대,5690
47,경북,47130,05000,문화및집회시설,100대 이상,2612
43,충북,43111,05000,문화및집회시설,10대 이하,40
44,충남,44200,04000,제2종근린생활시설,51-100대,559
44,충남,44131,29000,장례시설,11-20대,20
31,울산,31140,05000,문화및집회시설,10대 이하,19
48,경남,48890,27000,관광휴게시설,100대 이상,498
41,경기,41630,13000,운동시설,11-20대,389
50,제주,50110,19000,위험물저장및처리시설,10대 이하,236
44,충남,44210,09000,의료시설,10대 이하,0
31,울산,31140,04000,제2종근린생활시설,100대 이상,4217
29,광주,29140,08000,운수시설,10대 이하,0
47,경북,47850,20000,자동차관련시설,11-20대,141
48,경남,48250,27000,관광휴게시설,51-100대,120
44,충남,44250,20000,자동차관련시설,21-50대,27
47,경북,47730,Z8000,교육연구및복지시설,10대 이하,0
27,대구,27140,07000,판매시설,11-20대,145
47,경북,47730,08000,운수시설,10대 이하,3
41,경기,41820,15000,숙박시설,21-50대,330
41,경기,41210,Z3000,근린생활시설,21-50대,43
30,대전,30170,01003,다가구주택,10대 이하,1
48,경남,48123,19000,위험물저장및처리시설,10대 이하,59
46,전남,46910,Z8000,교육연구및복지시설,10대 이하,0
28,인천,28260,03000,제1종근린생활시설,10대 이하,2997
44,충남,44760,17000,공장,10대 이하,160
48,경남,48310,01000,단독주택,21-50대,1331
50,제주,50130,12000,수련시설,10대 이하,34
41,경기,41630,04000,제2종근린생활시설,51-100대,1190
43,충북,43760,03000,제1종근린생활시설,51-100대,163
51,강원,51770,10000,교육연구시설,51-100대,151
41,경기,41570,21000,동물및식물관련시설,21-50대,27
43,충북,43114,06000,종교시설,100대 이상,842
51,강원,51230,04000,제2종근린생활시설,11-20대,281
26,부산,26140,09000,의료시설,51-100대,122
31,울산,31710,25000,발전시설,21-50대,41
44,충남,44710,17000,공장,100대 이상,39494
31,울산,31710,Z8000,교육연구및복지시설,10대 이하,0
46,전남,46710,02000,공동주택,11-20대,250
44,충남,44825,20000,자동차관련시설,51-100대,272
26,부산,26230,Z6000,판매및영업시설,10대 이하,0
48,경남,48890,10000,교육연구시설,11-20대,36
11,서울,11560,27000,관광휴게시설,51-100대,52
41,경기,41281,10000,교육연구시설,100대 이상,4487
41,경기,41410,24000,방송통신시설,100대 이상,287
26,부산,26230,11000,노유자시설,51-100대,54
44,충남,44760,05000,문화및집회시설,10대 이하,36
41,경기,41111,10000,교육연구시설,10대 이하,95
48,경남,48850,25000,발전시설,21-50대,67
11,서울,11260,07000,판매시설,11-20대,48
48,경남,48840,07000,판매시설,10대 이하,0
46,전남,46800,30000,자원순환관련시설,10대 이하,31
28,인천,28260,08000,운수시설,21-50대,183
41,경기,41570,03000,제1종근린생활시설,10대 이하,5677
11,서울,11545,14000,업무시설,100대 이상,6806
44,충남,44200,02000,공동주택,10대 이하,1177
44,충남,44710,07000,판매시설,10대 이하,0
26,부산,26530,09000,의료시설,21-50대,369
41,경기,41463,17000,공장,11-20대,305
41,경기,41500,31000,야영장시설,10대 이하,8
45,전북,45790,06000,종교시설,11-20대,29
47,경북,47840,07000,판매시설,21-50대,50
11,서울,11545,14000,업무시설,21-50대,3462
27,대구,27110,10000,교육연구시설,10대 이하,76
44,충남,44150,Z5000,문화및집회시설,10대 이하,3
45,전북,45113,11000,노유자시설,10대 이하,302
51,강원,51730,03000,제1종근린생활시설,10대 이하,736
45,전북,45210,27000,관광휴게시설,10대 이하,14
11,서울,11710,15000,숙박시설,11-20대,155
26,부산,26230,13000,운동시설,100대 이상,210
46,전남,46810,Z8000,교육연구및복지시설,10대 이하,0
28,인천,28710,11000,노유자시설,10대 이하,194
47,경북,47920,13000,운동시설,51-100대,54
46,전남,46830,15000,숙박시설,10대 이하,211
29,광주,29170,09000,의료시설,51-100대,806
45,전북,45730,10000,교육연구시설,10대 이하,26
46,전남,46150,05000,문화및집회시설,51-100대,356
41,경기,41117,14000,업무시설,10대 이하,76
44,충남,44810,Z8000,교육연구및복지시설,11-20대,14
11,서울,11260,02000,공동주택,11-20대,5709
41,경기,41550,04000,제2종근린생활시설,10대 이하,6242
46,전남,46810,12000,수련시설,11-20대,15
50,제주,50110,32000,교정시설,10대 이하,0
45,전북,45710,02000,공동주택,51-100대,109
46,전남,46800,,,21-50대,40
43,충북,43730,15000,숙박시설,11-20대,86
51,강원,51110,27000,관광휴게시설,11-20대,12
26,부산,26710,08000,운수시설,51-100대,250
44,충남,44180,01000,단독주택,21-50대,24
41,경기,41310,05000,문화및집회시설,51-100대,194
11,서울,11500,09000,의료시설,100대 이상,2181
41,경기,41461,04000,제2종근린생활시설,10대 이하,11095
44,충남,44825,15000,숙박시설,10대 이하,789
43,충북,43111,10000,교육연구시설,11-20대,244
41,경기,41190,05000,문화및집회시설,10대 이하,54
27,대구,27230,01000,단독주택,21-50대,93
48,경남,48330,15000,숙박시설,100대 이상,2209
26,부산,26170,Z3000,근린생활시설,21-50대,42
48,경남,48270,04000,제2종근린생활시설,100대 이상,674
46,전남,46770,30000,자원순환관련시설,10대 이하,28
41,경기,41113,12000,수련시설,51-100대,81
41,경기,41590,21000,동물및식물관련시설,21-50대,179
28,인천,28720,31000,야영장시설,10대 이하,30
45,전북,45740,Z3000,근린생활시설,10대 이하,16
46,전남,46770,18000,창고시설,11-20대,139
41,경기,41117,25000,발전시설,51-100대,85
43,충북,43720,05000,문화및집회시설,10대 이하,6
28,인천,28710,17000,공장,10대 이하,628
48,경남,48310,15000,숙박시설,10대 이하,999
48,경남,48890,Z5000,문화및집회시설,10대 이하,0
46,전남,46830,22000,분뇨.쓰레기처리시설,100대 이상,103
11,서울,11320,03000,제1종근린생활시설,10대 이하,2552
51,강원,51230,31000,야영장시설,10대 이하,6
44,충남,44210,17000,공장,21-50대,1421
47,경북,47770,08000,운수시설,21-50대,21
48,경남,48840,13000,운동시설,100대 이상,3766
46,전남,46900,16000,위락시설,10대 이하,6
48,경남,48880,20000,자동차관련시설,100대 이상,261
48,경남,48220,07000,판매시설,21-50대,90
41,경기,41430,03000,제1종근린생활시설,10대 이하,753
27,대구,27260,02000,공동주택,100대 이상,187363
11,서울,11740,08000,운수시설,100대 이상,223
48,경남,48310,19000,위험물저장및처리시설,11-20대,12
27,대구,27720,05000,문화및집회시설,100대 이상,324
48,경남,48125,30000,자원순환관련시설,10대 이하,46
41,경기,41590,10000,교육연구시설,11-20대,893
11,서울,11305,03000,제1종근린생활시설,11-20대,473
41,경기,41133,02000,공동주택,11-20대,953
28,인천,28720,02000,공동주택,11-20대,72
30,대전,30200,13000,운동시설,51-100대,190
41,경기,41285,11000,노유자시설,11-20대,351
41,경기,41273,11000,노유자시설,10대 이하,277
11,서울,11110,,,10대 이하,1
51,강원,51170,15000,숙박시설,21-50대,258
11,서울,11470,17000,공장,100대 이상,458
41,경기,41590,08000,운수시설,51-100대,203
48,경남,48880,,,10대 이하,4
31,울산,31140,11000,노유자시설,51-100대,99
41,경기,41117,07000,판매시설,100대 이상,5636
43,충북,43750,17000,공장,51-100대,8525
47,경북,47111,23000,교정및군사시설,21-50대,100
41,경기,41131,06000,종교시설,10대 이하,70
47,경북,47230,21000,동물및식물관련시설,10대 이하,62
45,전북,45190,04000,제2종근린생활시설,10대 이하,1240
41,경기,41135,14000,업무시설,10대 이하,14
41,경기,41135,15000,숙박시설,10대 이하,4
44,충남,44790,04000,제2종근린생활시설,100대 이상,118
41,경기,41171,,,10대 이하,15
41,경기,41287,12000,수련시설,10대 이하,3
41,경기,41450,13000,운동시설,51-100대,87
46,전남,46780,14000,업무시설,10대 이하,40
30,대전,30140,06000,종교시설,10대 이하,224
44,충남,44800,23000,교정및군사시설,10대 이하,6
48,경남,48250,11000,노유자시설,100대 이상,108
43,충북,43740,06000,종교시설,100대 이상,250
45,전북,45130,04000,제2종근린생활시설,51-100대,346
44,충남,44270,15000,숙박시설,51-100대,182
45,전북,45113,JY,,100대 이상,138
46,전남,46790,13000,운동시설,51-100대,147
45,전북,45790,,,21-50대,50
46,전남,46110,07000,판매시설,100대 이상,3032
51,강원,51750,33000,"국방,군사시설",10대 이하,0
47,경북,47113,04000,제2종근린생활시설,51-100대,243
27,대구,27200,15000,숙박시설,10대 이하,67
47,경북,47770,01000,단독주택,51-100대,67
43,충북,43750,Z8000,교육연구및복지시설,10대 이하,9
48,경남,48170,17000,공장,21-50대,4042
47,경북,47150,02000,공동주택,51-100대,825
48,경남,48125,Z5000,문화및집회시설,10대 이하,2
46,전남,46900,03000,제1종근린생활시설,11-20대,141
11,서울,11530,17000,공장,11-20대,75
41,경기,41500,10000,교육연구시설,51-100대,1162
29,광주,29140,Z3000,근린생활시설,21-50대,29
47,경북,47850,,,10대 이하,14
41,경기,41360,19000,위험물저장및처리시설,11-20대,40
11,서울,11320,12000,수련시설,10대 이하,5
47,경북,47940,05000,문화및집회시설,11-20대,27
28,인천,28110,03000,제1종근린생활시설,11-20대,478
47,경북,47900,29000,장례시설,51-100대,67
36,세종,36110,12000,수련시설,51-100대,55
47,경북,47170,15000,숙박시설,100대 이상,548
41,경기,41590,22000,분뇨.쓰레기처리시설,21-50대,92
48,경남,48129,JY,,10대 이하,0
28,인천,28260,12000,수련시설,11-20대,11
51,강원,51150,18000,창고시설,51-100대,182
44,충남,44210,09000,의료시설,21-50대,111
44,충남,44825,23000,교정및군사시설,10대 이하,2
41,경기,41590,02000,공동주택,10대 이하,4721
41,경기,41820,16000,위락시설,10대 이하,8
11,서울,11740,03000,제1종근린생활시설,10대 이하,3356
51,강원,51730,15000,숙박시설,21-50대,91
50,제주,50110,13000,운동시설,51-100대,1120
26,부산,26260,Z5000,문화및집회시설,10대 이하,0
51,강원,51190,17000,공장,11-20대,116
51,강원,51830,18000,창고시설,10대 이하,173
26,부산,26530,05000,문화및집회시설,21-50대,62
48,경남,48330,03000,제1종근린생활시설,100대 이상,665
48,경남,48220,05000,문화및집회시설,21-50대,303
41,경기,41171,14000,업무시설,51-100대,2180
41,경기,41210,14000,업무시설,21-50대,668
43,충북,43730,30000,자원순환관련시설,10대 이하,10
41,경기,41630,JY,,10대 이하,0
46,전남,46730,07000,판매시설,10대 이하,4
11,서울,11740,09000,의료시설,11-20대,139
11,서울,11200,02000,공동주택,21-50대,1172
44,충남,44200,13000,운동시설,10대 이하,18
41,경기,41285,14000,업무시설,51-100대,1642
48,경남,48860,03000,제1종근린생활시설,10대 이하,444
41,경기,41171,13000,운동시설,10대 이하,9
51,강원,51770,06104,기도원,10대 이하,0
44,충남,44200,Z8000,교육연구및복지시설,10대 이하,9
41,경기,41430,01000,단독주택,10대 이하,3399
45,전북,45770,10000,교육연구시설,51-100대,61
48,경남,48121,14000,업무시설,10대 이하,119
41,경기,41450,31000,야영장시설,11-20대,45
43,충북,43800,08000,운수시설,10대 이하,9
30,대전,30200,15000,숙박시설,10대 이하,252
46,전남,46870,02000,공동주택,11-20대,507
11,서울,11500,06000,종교시설,11-20대,340
41,경기,41570,19000,위험물저장및처리시설,11-20대,42
51,강원,51820,26000,묘지관련시설,21-50대,70
11,서울,11320,14000,업무시설,10대 이하,110
48,경남,48125,14000,업무시설,21-50대,1174
46,전남,46790,18000,창고시설,10대 이하,258
11,서울,11320,02000,공동주택,10대 이하,15662
51,강원,51730,02000,공동주택,100대 이상,8845
41,경기,41670,06000,종교시설,11-20대,83
47,경북,47750,22000,분뇨.쓰레기처리시설,21-50대,28
47,경북,47760,18999,기타창고시설,10대 이하,0
41,경기,41590,01000,단독주택,11-20대,8193
26,부산,26170,05000,문화및집회시설,10대 이하,43
44,충남,44810,18000,창고시설,11-20대,79
11,서울,11620,14000,업무시설,51-100대,1583
51,강원,51170,33000,"국방,군사시설",10대 이하,0
11,서울,11530,04000,제2종근린생활시설,51-100대,151
26,부산,26260,24000,방송통신시설,10대 이하,7
29,광주,29155,30000,자원순환관련시설,21-50대,45
11,서울,11260,14000,업무시설,100대 이상,43799
27,대구,27260,14000,업무시설,21-50대,1663
41,경기,41117,03000,제1종근린생활시설,21-50대,1028
41,경기,41550,15000,숙박시설,51-100대,92
45,전북,45111,26000,묘지관련시설,100대 이상,124
41,경기,41570,01000,단독주택,10대 이하,16389
27,대구,27290,,,10대 이하,0
30,대전,30200,16000,위락시설,10대 이하,8
41,경기,41135,24000,방송통신시설,51-100대,75
45,전북,45210,09000,의료시설,11-20대,45
48,경남,48720,05000,문화및집회시설,21-50대,79
51,강원,51130,15200,관광숙박시설,10대 이하,8
41,경기,41273,31000,야영장시설,11-20대,11
48,경남,48129,20000,자동차관련시설,21-50대,163
43,충북,43150,05000,문화및집회시설,10대 이하,36
29,광주,29155,06000,종교시설,10대 이하,137
41,경기,41650,16000,위락시설,10대 이하,9
41,경기,41273,16000,위락시설,21-50대,54
11,서울,11110,11000,노유자시설,100대 이상,173
27,대구,27260,05000,문화및집회시설,21-50대,157
46,전남,46150,18000,창고시설,21-50대,348
28,인천,28200,08000,운수시설,100대 이상,174
41,경기,41430,04000,제2종근린생활시설,10대 이하,1653
47,경북,47230,19000,위험물저장및처리시설,21-50대,40
27,대구,27230,04000,제2종근린생활시설,100대 이상,970
46,전남,46820,31000,야영장시설,10대 이하,0
27,대구,27720,27000,관광휴게시설,10대 이하,0
41,경기,41190,04000,제2종근린생활시설,11-20대,2130
47,경북,47130,15000,숙박시설,21-50대,495
47,경북,47230,17000,공장,51-100대,3477
28,인천,28710,14000,업무시설,10대 이하,28
51,강원,51820,24000,방송통신시설,10대 이하,0
45,전북,45210,05000,문화및집회시설,21-50대,26
41,경기,41115,Z8000,교육연구및복지시설,51-100대,125
27,대구,27710,14000,업무시설,11-20대,372
41,경기,41610,10000,교육연구시설,21-50대,1092
41,경기,41173,03000,제1종근린생활시설,11-20대,792
51,강원,51230,07000,판매시설,11-20대,17
26,부산,26170,05000,문화및집회시설,21-50대,59
27,대구,27110,22000,분뇨.쓰레기처리시설,10대 이하,0
47,경북,47250,11000,노유자시설,21-50대,73
44,충남,44210,Z6000,판매및영업시설,10대 이하,0
27,대구,27140,04000,제2종근린생활시설,51-100대,253
41,경기,41650,16000,위락시설,21-50대,47
44,충남,44133,17000,공장,11-20대,3407
43,충북,43114,14000,업무시설,10대 이하,112
27,대구,27140,01000,단독주택,21-50대,62
28,인천,28237,02000,공동주택,11-20대,5501
41,경기,41171,17000,공장,21-50대,907
46,전남,46830,08000,운수시설,11-20대,13
27,대구,27290,,,100대 이상,151
44,충남,44131,03000,제1종근린생활시설,21-50대,1380
41,경기,41117,09000,의료시설,21-50대,186
47,경북,47250,13000,운동시설,100대 이상,2370
28,인천,28185,,,10대 이하,21
48,경남,48890,23000,교정및군사시설,10대 이하,0
47,경북,47190,,,100대 이상,304
41,경기,41450,18000,창고시설,11-20대,110
47,경북,47770,06000,종교시설,21-50대,33
26,부산,26200,02000,공동주택,51-100대,1530
44,충남,44770,Z6000,판매및영업시설,10대 이하,0
47,경북,47150,12000,수련시설,100대 이상,288
31,울산,31710,02005,부대시설,10대 이하,0
26,부산,26110,02000,공동주택,10대 이하,1059
11,서울,11620,07000,판매시설,10대 이하,27
47,경북,47170,16000,위락시설,11-20대,20
26,부산,26410,30000,자원순환관련시설,11-20대,15
51,강원,51720,23000,교정및군사시설,10대 이하,54
51,강원,51820,17000,공장,21-50대,50
47,경북,47250,17000,공장,51-100대,280
29,광주,29170,Z3000,근린생활시설,10대 이하,83
50,제주,50130,31000,야영장시설,10대 이하,0
27,대구,27230,08000,운수시설,51-100대,59
48,경남,48220,30000,자원순환관련시설,10대 이하,20
41,경기,41830,03000,제1종근린생활시설,100대 이상,331
28,인천,28710,14000,업무시설,51-100대,372
26,부산,26710,,,11-20대,32
28,인천,28245,08000,운수시설,21-50대,31
28,인천,28110,15000,숙박시설,10대 이하,587
43,충북,43113,08000,운수시설,10대 이하,0
43,충북,43730,06000,종교시설,10대 이하,37
47,경북,47113,18000,창고시설,11-20대,88
46,전남,46860,07000,판매시설,10대 이하,3
51,강원,51810,11000,노유자시설,11-20대,95
45,전북,45730,03000,제1종근린생활시설,100대 이상,880
11,서울,11140,18000,창고시설,11-20대,13
48,경남,48123,30000,자원순환관련시설,100대 이상,1683
41,경기,41285,Z5000,문화및집회시설,10대 이하,8
26,부산,26410,05000,문화및집회시설,11-20대,37
51,강원,51130,Z6000,판매및영업시설,10대 이하,0
48,경남,48129,02000,공동주택,21-50대,1255
41,경기,41830,04000,제2종근린생활시설,100대 이상,1219
47,경북,47840,09000,의료시설,10대 이하,27
41,경기,41463,18000,창고시설,100대 이상,1780
46,전남,46890,04202,성당,10대 이하,8
47,경북,47210,12000,수련시설,11-20대,17
47,경북,47280,04000,제2종근린생활시설,100대 이상,251
44,충남,44810,17000,공장,100대 이상,8159
41,경기,41630,07000,판매시설,11-20대,103
45,전북,45111,09000,의료시설,51-100대,660
41,경기,41650,29000,장례시설,10대 이하,14
44,충남,44210,02000,공동주택,21-50대,1236
46,전남,46900,26000,묘지관련시설,10대 이하,0
46,전남,46880,01000,단독주택,21-50대,21
46,전남,46910,24000,방송통신시설,10대 이하,0
47,경북,47940,10000,교육연구시설,10대 이하,27
51,강원,51190,19000,위험물저장및처리시설,10대 이하,9
51,강원,51190,18000,창고시설,11-20대,12
41,경기,41550,02000,공동주택,100대 이상,86376
28,인천,28710,01000,단독주택,21-50대,326
47,경북,47940,01000,단독주택,21-50대,40
41,경기,41830,11000,노유자시설,51-100대,162
41,경기,41250,Z8000,교육연구및복지시설,21-50대,195
11,서울,11260,01000,단독주택,10대 이하,12509
11,서울,11200,14000,업무시설,10대 이하,194
44,충남,44825,10000,교육연구시설,100대 이상,535
41,경기,41290,07000,판매시설,100대 이상,358
47,경북,47170,,,100대 이상,135
50,제주,50110,11000,노유자시설,10대 이하,825
48,경남,48220,03000,제1종근린생활시설,51-100대,344
48,경남,48880,17000,공장,21-50대,691
41,경기,41450,18000,창고시설,100대 이상,168
30,대전,30170,Z3000,근린생활시설,11-20대,14
41,경기,41290,,,21-50대,44
44,충남,44150,Z3000,근린생활시설,11-20대,16
48,경남,48740,26000,묘지관련시설,10대 이하,0
45,전북,45111,04000,제2종근린생활시설,11-20대,1266
27,대구,27140,10000,교육연구시설,21-50대,1429
27,대구,27290,18000,창고시설,10대 이하,222
46,전남,46830,27000,관광휴게시설,51-100대,108
41,경기,41117,06000,종교시설,11-20대,104
11,서울,11200,13000,운동시설,10대 이하,9
51,강원,51230,04000,제2종근린생활시설,10대 이하,1037
11,서울,11740,09000,의료시설,10대 이하,17
44,충남,44810,02000,공동주택,21-50대,792
41,경기,41461,01000,단독주택,51-100대,168
30,대전,30200,01000,단독주택,10대 이하,29472
41,경기,41133,10000,교육연구시설,51-100대,535
41,경기,41360,18000,창고시설,21-50대,745
31,울산,31710,17000,공장,21-50대,7631
47,경북,47130,20000,자동차관련시설,11-20대,100
11,서울,11290,Z5000,문화및집회시설,51-100대,51
45,전북,45111,06000,종교시설,21-50대,826
41,경기,41830,25000,발전시설,10대 이하,0
47,경북,47230,30000,자원순환관련시설,100대 이상,463
41,경기,41113,15000,숙박시설,21-50대,368
11,서울,11590,07000,판매시설,100대 이상,1149
51,강원,51170,26000,묘지관련시설,10대 이하,0
47,경북,47850,11000,노유자시설,21-50대,35
41,경기,41820,06000,종교시설,100대 이상,396
11,서울,11200,Z8000,교육연구및복지시설,21-50대,69
48,경남,48250,03000,제1종근린생활시설,10대 이하,5693
47,경북,47190,19000,위험물저장및처리시설,11-20대,32
45,전북,45210,02000,공동주택,100대 이상,12804
41,경기,41630,03000,제1종근린생활시설,21-50대,2335
51,강원,51230,01000,단독주택,51-100대,60
27,대구,27230,19000,위험물저장및처리시설,11-20대,38
47,경북,47210,17000,공장,11-20대,345
26,부산,26140,02000,공동주택,51-100대,1630
41,경기,41463,23000,교정및군사시설,10대 이하,0
26,부산,26500,09000,의료시설,51-100대,160
28,인천,28260,19000,위험물저장및처리시설,10대 이하,320
41,경기,41133,02000,공동주택,100대 이상,58536
47,경북,47920,14000,업무시설,10대 이하,5
27,대구,27290,Z8000,교육연구및복지시설,21-50대,667
45,전북,45140,24000,방송통신시설,10대 이하,0
51,강원,51820,33000,"국방,군사시설",10대 이하,0
27,대구,27140,05000,문화및집회시설,11-20대,33
44,충남,44250,17000,공장,10대 이하,190
30,대전,30170,09000,의료시설,51-100대,891
46,전남,46820,22000,분뇨.쓰레기처리시설,10대 이하,14
46,전남,46730,05000,문화및집회시설,21-50대,233
30,대전,30140,27000,관광휴게시설,100대 이상,148
41,경기,41273,Z6000,판매및영업시설,100대 이상,370
11,서울,11470,Z5000,문화및집회시설,10대 이하,3
41,경기,41111,17000,공장,21-50대,30
44,충남,44150,18000,창고시설,100대 이상,310
46,전남,46790,15000,숙박시설,100대 이상,487
26,부산,26110,24000,방송통신시설,10대 이하,0
29,광주,29170,16000,위락시설,11-20대,15
47,경북,47730,05000,문화및집회시설,11-20대,76
41,경기,41670,25000,발전시설,100대 이상,3813
30,대전,30200,13000,운동시설,10대 이하,40
41,경기,41273,19000,위험물저장및처리시설,21-50대,48
43,충북,43150,09000,의료시설,10대 이하,10
41,경기,41450,03000,제1종근린생활시설,100대 이상,922
31,울산,31110,14000,업무시설,51-100대,601
11,서울,11290,02000,공동주택,11-20대,3638
46,전남,46150,13000,운동시설,10대 이하,86
26,부산,26440,09000,의료시설,51-100대,78
48,경남,48250,04000,제2종근린생활시설,21-50대,2942
43,충북,43745,23000,교정및군사시설,21-50대,44
47,경북,47230,04000,제2종근린생활시설,11-20대,135
51,강원,51170,15000,숙박시설,10대 이하,276
51,강원,51110,07000,판매시설,21-50대,225
47,경북,47900,18000,창고시설,11-20대,66
44,충남,44790,10000,교육연구시설,100대 이상,579
29,광주,29170,24000,방송통신시설,10대 이하,18
44,충남,44770,15000,숙박시설,11-20대,85
48,경남,48850,06000,종교시설,10대 이하,33
41,경기,41650,31000,야영장시설,10대 이하,287
47,경북,47113,13000,운동시설,100대 이상,1641
47,경북,47150,23000,교정및군사시설,10대 이하,0
45,전북,45710,14000,업무시설,100대 이상,5233
51,강원,51720,14000,업무시설,10대 이하,63
44,충남,44133,11000,노유자시설,51-100대,72
46,전남,46720,14000,업무시설,51-100대,162
46,전남,46910,01000,단독주택,100대 이상,125
45,전북,45750,20000,자동차관련시설,21-50대,24
11,서울,11320,05000,문화및집회시설,10대 이하,7
41,경기,41273,04999,기타제2종근린생활시설,10대 이하,8
44,충남,44133,13000,운동시설,51-100대,334
45,전북,45710,09000,의료시설,11-20대,149
27,대구,27230,06000,종교시설,21-50대,421
29,광주,29140,18000,창고시설,11-20대,61
43,충북,43770,16000,위락시설,10대 이하,20
41,경기,41480,31000,야영장시설,10대 이하,64
41,경기,41285,20000,자동차관련시설,51-100대,547
44,충남,44200,11000,노유자시설,11-20대,242
47,경북,47770,15000,숙박시설,100대 이상,494
41,경기,41220,25000,발전시설,51-100대,82
43,충북,43740,14000,업무시설,21-50대,187
11,서울,11620,18000,창고시설,10대 이하,0
41,경기,41220,03000,제1종근린생활시설,11-20대,2132
45,전북,45130,18000,창고시설,11-20대,137
47,경북,47170,29000,장례시설,51-100대,95
51,강원,51750,03000,제1종근린생활시설,11-20대,203
41,경기,41650,12000,수련시설,10대 이하,33
11,서울,11215,02000,공동주택,51-100대,1681
28,인천,28720,21000,동물및식물관련시설,11-20대,15
26,부산,26710,17000,공장,21-50대,4286
41,경기,41220,01000,단독주택,51-100대,394
45,전북,45210,30000,자원순환관련시설,11-20대,11
47,경북,47150,02000,공동주택,100대 이상,58943
41,경기,41800,03000,제1종근린생활시설,10대 이하,570
41,경기,41360,11000,노유자시설,51-100대,110
29,광주,29155,01000,단독주택,10대 이하,5097
31,울산,31110,09000,의료시설,21-50대,181
26,부산,26170,05000,문화및집회시설,100대 이상,135
26,부산,26350,24000,방송통신시설,51-100대,403
48,경남,48860,18000,창고시설,21-50대,39
45,전북,45710,06000,종교시설,11-20대,201
41,경기,41190,03000,제1종근린생활시설,21-50대,2982
50,제주,50130,23000,교정및군사시설,100대 이상,1311
41,경기,41500,27000,관광휴게시설,51-100대,90
48,경남,48740,30000,자원순환관련시설,10대 이하,17
41,경기,41271,07000,판매시설,21-50대,53
51,강원,51150,Z8000,교육연구및복지시설,11-20대,27
51,강원,51110,13000,운동시설,100대 이상,12402
41,경기,41135,04000,제2종근린생활시설,51-100대,2467
41,경기,41115,14000,업무시설,11-20대,636
41,경기,41370,Z5000,문화및집회시설,10대 이하,0
50,제주,50110,14100,공공업무시설,10대 이하,0
43,충북,43150,29000,장례시설,51-100대,180
51,강원,51110,08000,운수시설,10대 이하,6
46,전남,46880,17000,공장,100대 이상,6198
51,강원,51170,10000,교육연구시설,10대 이하,59
44,충남,44250,24000,방송통신시설,10대 이하,6
27,대구,27200,24000,방송통신시설,11-20대,11
47,경북,47190,07000,판매시설,10대 이하,68
47,경북,47111,18000,창고시설,11-20대,161
46,전남,46820,04000,제2종근린생활시설,10대 이하,841
44,충남,44790,03000,제1종근린생활시설,21-50대,478
44,충남,44790,18000,창고시설,21-50대,24
44,충남,44790,05000,문화및집회시설,21-50대,63
44,충남,44210,19000,위험물저장및처리시설,51-100대,56
47,경북,47820,15000,숙박시설,21-50대,53
11,서울,11170,04000,제2종근린생활시설,51-100대,304
46,전남,46890,,,21-50대,31
47,경북,47190,11000,노유자시설,51-100대,74
41,경기,41550,19000,위험물저장및처리시설,21-50대,58
31,울산,31140,21000,동물및식물관련시설,10대 이하,5
11,서울,11650,25000,발전시설,10대 이하,0
29,광주,29200,Z9000,공공용시설,10대 이하,0
48,경남,48250,15000,숙박시설,10대 이하,588
28,인천,28245,01000,단독주택,11-20대,86
41,경기,41281,33000,"국방,군사시설",10대 이하,0
41,경기,41150,25000,발전시설,51-100대,76
48,경남,48730,03000,제1종근린생활시설,10대 이하,838
46,전남,46810,Z8000,교육연구및복지시설,11-20대,11
11,서울,11470,Z8000,교육연구및복지시설,51-100대,239
26,부산,26230,04000,제2종근린생활시설,21-50대,526
47,경북,47750,03000,제1종근린생활시설,21-50대,182
11,서울,11545,07000,판매시설,11-20대,32
46,전남,46730,20000,자동차관련시설,51-100대,218
51,강원,51820,23000,교정및군사시설,51-100대,267
48,경남,48220,03010,정수장,10대 이하,0
28,인천,28710,04000,제2종근린생활시설,51-100대,58
51,강원,51210,03000,제1종근린생활시설,11-20대,247
51,강원,51720,17000,공장,51-100대,52
41,경기,41190,,,51-100대,160
11,서울,11170,03000,제1종근린생활시설,51-100대,91
47,경북,47290,01000,단독주택,21-50대,182
27,대구,27230,24000,방송통신시설,51-100대,77
41,경기,41630,11000,노유자시설,11-20대,499
41,경기,41463,03000,제1종근린생활시설,21-50대,2940
50,제주,50130,05000,문화및집회시설,10대 이하,144
48,경남,48125,07000,판매시설,11-20대,69
41,경기,41461,20000,자동차관련시설,11-20대,167
47,경북,47930,12000,수련시설,51-100대,61
11,서울,11710,07000,판매시설,100대 이상,8117
11,서울,11560,04000,제2종근린생활시설,10대 이하,3741
47,경북,47730,21000,동물및식물관련시설,21-50대,38
47,경북,47750,15000,숙박시설,10대 이하,42
43,충북,43112,09000,의료시설,10대 이하,12
26,부산,26260,13000,운동시설,21-50대,186
51,강원,51130,Z3000,근린생활시설,11-20대,12
11,서울,11500,Z8000,교육연구및복지시설,51-100대,201
11,서울,11230,02000,공동주택,10대 이하,6843
46,전남,46780,10000,교육연구시설,11-20대,38
45,전북,45710,15000,숙박시설,51-100대,126
48,경남,48330,10000,교육연구시설,51-100대,1860
41,경기,41285,06000,종교시설,21-50대,620
45,전북,45740,07000,판매시설,10대 이하,0
48,경남,48125,03000,제1종근린생활시설,11-20대,429
43,충북,43114,06000,종교시설,21-50대,436
29,광주,29140,,,21-50대,50
41,경기,41370,21000,동물및식물관련시설,10대 이하,25
29,광주,29170,11000,노유자시설,21-50대,100
41,경기,41111,,,10대 이하,58
45,전북,45180,27000,관광휴게시설,100대 이상,146
46,전남,46790,05000,문화및집회시설,21-50대,149
51,강원,51190,26000,묘지관련시설,21-50대,44
11,서울,11350,13000,운동시설,21-50대,142
11,서울,11410,15000,숙박시설,11-20대,31
11,서울,11620,10000,교육연구시설,51-100대,972
45,전북,45730,14000,업무시설,21-50대,123
43,충북,43770,20000,자동차관련시설,100대 이상,424
46,전남,46110,21000,동물및식물관련시설,11-20대,18
47,경북,47750,14000,업무시설,10대 이하,2
28,인천,28245,07000,판매시설,10대 이하,2
47,경북,47840,01000,단독주택,10대 이하,4491
48,경남,48720,06000,종교시설,10대 이하,57
47,경북,47280,Z5000,문화및집회시설,10대 이하,0
48,경남,48860,Z5000,문화및집회시설,10대 이하,0
44,충남,44760,26000,묘지관련시설,10대 이하,5
11,서울,11710,13000,운동시설,10대 이하,24
41,경기,41590,13000,운동시설,10대 이하,82
43,충북,43112,06000,종교시설,51-100대,430
48,경남,48170,07000,판매시설,11-20대,44
28,인천,28710,27000,관광휴게시설,21-50대,21
43,충북,43730,17000,공장,51-100대,917
41,경기,41430,14000,업무시설,51-100대,174
41,경기,41131,07000,판매시설,51-100대,156
44,충남,44810,27000,관광휴게시설,10대 이하,0
51,강원,51820,02000,공동주택,21-50대,63
27,대구,27110,06000,종교시설,11-20대,86
48,경남,48850,11000,노유자시설,11-20대,32
43,충북,43770,27000,관광휴게시설,10대 이하,8
46,전남,46170,08000,운수시설,51-100대,75
41,경기,41410,02000,공동주택,21-50대,2876
43,충북,43150,02000,공동주택,51-100대,332
51,강원,51190,20000,자동차관련시설,100대 이상,160
46,전남,46710,15000,숙박시설,10대 이하,130
41,경기,41430,08000,운수시설,100대 이상,1338
41,경기,41630,,,10대 이하,99
41,경기,41480,11000,노유자시설,10대 이하,621
45,전북,45750,13000,운동시설,51-100대,59
28,인천,28200,,,51-100대,56
47,경북,47190,31000,야영장시설,11-20대,12
26,부산,26350,07000,판매시설,21-50대,86
51,강원,51810,06000,종교시설,10대 이하,47
51,강원,51810,16000,위락시설,10대 이하,4
26,부산,26110,02000,공동주택,100대 이상,1895
11,서울,11470,24000,방송통신시설,10대 이하,4
46,전남,46170,17000,공장,21-50대,2029
51,강원,51820,Z8000,교육연구및복지시설,21-50대,28
43,충북,43745,09000,의료시설,21-50대,33
28,인천,28710,07000,판매시설,100대 이상,378
11,서울,11110,27000,관광휴게시설,51-100대,74
44,충남,44770,19000,위험물저장및처리시설,10대 이하,27
41,경기,41630,05000,문화및집회시설,100대 이상,1002
11,서울,11230,Z3000,근린생활시설,11-20대,17
51,강원,51130,30000,자원순환관련시설,11-20대,105
41,경기,41500,03000,제1종근린생활시설,51-100대,529
44,충남,44131,21000,동물및식물관련시설,11-20대,15
45,전북,45770,19000,위험물저장및처리시설,10대 이하,6
29,광주,29170,13000,운동시설,21-50대,302
31,울산,31200,30000,자원순환관련시설,100대 이상,709
47,경북,47850,04000,제2종근린생활시설,51-100대,90
26,부산,26140,03000,제1종근린생활시설,51-100대,149
51,강원,51210,12000,수련시설,11-20대,14
45,전북,45710,03000,제1종근린생활시설,51-100대,156
46,전남,46230,11000,노유자시설,11-20대,59
44,충남,44180,07000,판매시설,11-20대,26
26,부산,26710,09000,의료시설,11-20대,77
51,강원,51130,20000,자동차관련시설,10대 이하,347
44,충남,44200,11000,노유자시설,21-50대,424
46,전남,46130,18000,창고시설,51-100대,60
47,경북,47190,22000,분뇨.쓰레기처리시설,21-50대,45
48,경남,48129,,,100대 이상,3108
44,충남,44200,14000,업무시설,10대 이하,100
44,충남,44133,Z8000,교육연구및복지시설,10대 이하,11
51,강원,51780,05000,문화및집회시설,100대 이상,1165
44,충남,44760,09000,의료시설,10대 이하,6
41,경기,41465,20000,자동차관련시설,21-50대,199
29,광주,29170,24000,방송통신시설,51-100대,80
48,경남,48125,10000,교육연구시설,21-50대,588
41,경기,41150,27000,관광휴게시설,10대 이하,0
43,충북,43800,17000,공장,10대 이하,210
41,경기,41287,05000,문화및집회시설,100대 이상,25306
48,경남,48330,20000,자동차관련시설,10대 이하,329
46,전남,46820,04000,제2종근린생활시설,100대 이상,148
46,전남,46900,09000,의료시설,10대 이하,0
27,대구,27170,06000,종교시설,100대 이상,288
48,경남,48121,05000,문화및집회시설,21-50대,69
45,전북,45720,06000,종교시설,51-100대,63
11,서울,11215,05000,문화및집회시설,51-100대,58
41,경기,41133,13000,운동시설,10대 이하,5
44,충남,44770,23000,교정및군사시설,11-20대,14
11,서울,11140,06000,종교시설,11-20대,103
45,전북,45790,03000,제1종근린생활시설,10대 이하,615
41,경기,41463,05000,문화및집회시설,10대 이하,18
46,전남,46800,21000,동물및식물관련시설,10대 이하,78
47,경북,47130,27000,관광휴게시설,51-100대,69
41,경기,41390,Z5000,문화및집회시설,10대 이하,0
26,부산,26410,03000,제1종근린생활시설,21-50대,491
51,강원,51170,12000,수련시설,21-50대,77
31,울산,31710,04000,제2종근린생활시설,51-100대,377
47,경북,47170,04000,제2종근린생활시설,11-20대,457
41,경기,41220,02000,공동주택,21-50대,6411
41,경기,41390,10000,교육연구시설,11-20대,355
46,전남,46710,23000,교정및군사시설,10대 이하,1
30,대전,30170,07000,판매시설,21-50대,304
41,경기,41131,Z8000,교육연구및복지시설,10대 이하,0
45,전북,45730,05000,문화및집회시설,21-50대,59
11,서울,11680,20000,자동차관련시설,11-20대,68
27,대구,27290,12000,수련시설,10대 이하,0
41,경기,41133,11000,노유자시설,10대 이하,126
28,인천,28720,18000,창고시설,11-20대,12
46,전남,46770,17000,공장,21-50대,460
51,강원,51810,30000,자원순환관련시설,10대 이하,39
44,충남,44800,06000,종교시설,11-20대,59
11,서울,11380,08000,운수시설,100대 이상,111
51,강원,51810,10000,교육연구시설,11-20대,77
47,경북,47250,07000,판매시설,11-20대,19
45,전북,45710,16000,위락시설,10대 이하,10
46,전남,46130,14000,업무시설,11-20대,271
44,충남,44133,06000,종교시설,51-100대,404
28,인천,28110,20000,자동차관련시설,10대 이하,241
11,서울,11170,14000,업무시설,21-50대,1594
47,경북,47930,30000,자원순환관련시설,10대 이하,27
41,경기,41390,23000,교정및군사시설,10대 이하,12
41,경기,41281,18000,창고시설,21-50대,47
43,충북,43111,02000,공동주택,10대 이하,757
11,서울,11440,Z8000,교육연구및복지시설,11-20대,27
26,부산,26410,06000,종교시설,51-100대,179
43,충북,43720,Z5000,문화및집회시설,10대 이하,0
44,충남,44825,01000,단독주택,10대 이하,1945
44,충남,44150,17000,공장,100대 이상,8737
44,충남,44810,06000,종교시설,11-20대,75
41,경기,41210,18000,창고시설,11-20대,12
26,부산,26320,,,10대 이하,0
43,충북,43770,14000,업무시설,100대 이상,2174
41,경기,41271,21000,동물및식물관련시설,10대 이하,46
26,부산,26500,07000,판매시설,100대 이상,1010
46,전남,46800,03000,제1종근린생활시설,100대 이상,1516
44,충남,44180,11000,노유자시설,11-20대,27
44,충남,44800,05000,문화및집회시설,11-20대,69
47,경북,47920,Z8000,교육연구및복지시설,10대 이하,0
26,부산,26320,20000,자동차관련시설,21-50대,271
27,대구,27260,24000,방송통신시설,10대 이하,0
41,경기,41500,18000,창고시설,11-20대,949
44,충남,44270,04000,제2종근린생활시설,51-100대,118
27,대구,27110,09000,의료시설,10대 이하,4
44,충남,44810,07000,판매시설,11-20대,16
45,전북,45190,15000,숙박시설,100대 이상,1273
41,경기,41820,30000,자원순환관련시설,10대 이하,27
11,서울,11350,17000,공장,10대 이하,0
41,경기,41650,23000,교정및군사시설,11-20대,83
51,강원,51830,12000,수련시설,21-50대,22
27,대구,27170,09000,의료시설,51-100대,322
48,경남,48310,06000,종교시설,21-50대,267
47,경북,47210,31000,야영장시설,10대 이하,0
11,서울,11710,13000,운동시설,51-100대,169
30,대전,30110,15000,숙박시설,100대 이상,374
28,인천,28177,03000,제1종근린생활시설,21-50대,1169
46,전남,46130,Z8000,교육연구및복지시설,21-50대,113
11,서울,11290,01000,단독주택,10대 이하,9664
46,전남,46880,27000,관광휴게시설,100대 이상,3322
51,강원,51150,21000,동물및식물관련시설,51-100대,52
11,서울,11650,11000,노유자시설,10대 이하,185
48,경남,48310,02000,공동주택,21-50대,2648
26,부산,26440,19000,위험물저장및처리시설,21-50대,24
45,전북,45800,19000,위험물저장및처리시설,51-100대,70
28,인천,28185,04000,제2종근린생활시설,51-100대,560
41,경기,41450,17000,공장,10대 이하,475
41,경기,41463,13000,운동시설,21-50대,166
44,충남,44210,08000,운수시설,11-20대,14
47,경북,47190,05000,문화및집회시설,51-100대,422
43,충북,43800,05000,문화및집회시설,11-20대,13
47,경북,47190,29000,장례시설,51-100대,131
51,강원,51230,10000,교육연구시설,100대 이상,4687
48,경남,48310,07000,판매시설,10대 이하,7
28,인천,28200,Z3000,근린생활시설,100대 이상,125
46,전남,46170,13000,운동시설,11-20대,36
47,경북,47920,12000,수련시설,21-50대,69
29,광주,29200,22000,분뇨.쓰레기처리시설,10대 이하,67
51,강원,51730,30000,자원순환관련시설,10대 이하,39
48,경남,48240,30000,자원순환관련시설,10대 이하,33
48,경남,48170,13000,운동시설,51-100대,454
51,강원,51750,19000,위험물저장및처리시설,10대 이하,30
43,충북,43730,11000,노유자시설,21-50대,42
47,경북,47840,Z8000,교육연구및복지시설,11-20대,18
41,경기,41820,10000,교육연구시설,51-100대,610
51,강원,51790,03000,제1종근린생활시설,11-20대,137
46,전남,46830,Z3000,근린생활시설,10대 이하,4
11,서울,11620,05000,문화및집회시설,10대 이하,10
48,경남,48880,06000,종교시설,10대 이하,44
44,충남,44131,17000,공장,11-20대,2332
26,부산,26290,20000,자동차관련시설,51-100대,328
51,강원,51760,07000,판매시설,10대 이하,0
31,울산,31140,19000,위험물저장및처리시설,100대 이상,18090
47,경북,47130,07000,판매시설,100대 이상,1858
48,경남,48125,11000,노유자시설,11-20대,141
26,부산,26710,15000,숙박시설,51-100대,104
43,충북,43800,22000,분뇨.쓰레기처리시설,10대 이하,0
48,경남,48720,01000,단독주택,11-20대,334
11,서울,11170,09000,의료시설,10대 이하,10
28,인천,28185,09000,의료시설,10대 이하,10
51,강원,51780,14000,업무시설,11-20대,18
41,경기,41500,14000,업무시설,11-20대,213
43,충북,43150,16000,위락시설,10대 이하,23
43,충북,43113,,,51-100대,148
41,경기,41210,,,11-20대,49
51,강원,51790,31000,야영장시설,10대 이하,17
47,경북,47280,13000,운동시설,21-50대,176
41,경기,41220,05000,문화및집회시설,100대 이상,885
46,전남,46810,27000,관광휴게시설,51-100대,86
11,서울,11290,18000,창고시설,10대 이하,26
28,인천,28200,11000,노유자시설,11-20대,246
48,경남,48330,15000,숙박시설,10대 이하,467
41,경기,41285,04000,제2종근린생활시설,21-50대,2278
51,강원,51130,17000,공장,10대 이하,1492
41,경기,41273,30000,자원순환관련시설,21-50대,109
48,경남,48730,13000,운동시설,11-20대,79
11,서울,11380,20000,자동차관련시설,51-100대,433
41,경기,41135,15000,숙박시설,11-20대,191
41,경기,41287,,,10대 이하,45
43,충북,43114,24000,방송통신시설,21-50대,35
44,충남,44810,05000,문화및집회시설,10대 이하,65
41,경기,41150,01000,단독주택,10대 이하,6252
46,전남,46230,11000,노유자시설,10대 이하,232
27,대구,27110,06000,종교시설,21-50대,315
31,울산,31140,04000,제2종근린생활시설,21-50대,898
28,인천,28720,14000,업무시설,11-20대,36
41,경기,41220,02000,공동주택,100대 이상,477831
28,인천,28237,07000,판매시설,100대 이상,10139
43,충북,43113,14000,업무시설,11-20대,475
47,경북,47770,09000,의료시설,10대 이하,0
43,충북,43130,04000,제2종근린생활시설,21-50대,677
43,충북,43730,18000,창고시설,100대 이상,1678
27,대구,27230,02000,공동주택,21-50대,1306
46,전남,46910,04000,제2종근린생활시설,21-50대,21
51,강원,51760,23000,교정및군사시설,10대 이하,6
11,서울,11320,15000,숙박시설,11-20대,50
48,경남,48129,14000,업무시설,100대 이상,7394
26,부산,26380,11000,노유자시설,10대 이하,129
41,경기,41550,04000,제2종근린생활시설,51-100대,600
41,경기,41450,27000,관광휴게시설,100대 이상,260
26,부산,26470,11000,노유자시설,10대 이하,113
48,경남,48170,Z5000,문화및집회시설,10대 이하,4
28,인천,28185,06000,종교시설,51-100대,419
47,경북,47900,27000,관광휴게시설,10대 이하,0
48,경남,48129,13000,운동시설,100대 이상,3606
41,경기,41173,09000,의료시설,21-50대,219
41,경기,41480,09000,의료시설,100대 이상,1402
41,경기,41500,09000,의료시설,21-50대,166
41,경기,41173,18000,창고시설,100대 이상,1092
47,경북,47820,10000,교육연구시설,21-50대,266
41,경기,41480,25000,발전시설,10대 이하,3
27,대구,27200,10000,교육연구시설,100대 이상,3739
41,경기,41570,06000,종교시설,51-100대,320
41,경기,41590,08000,운수시설,10대 이하,0
11,서울,11170,02000,공동주택,21-50대,2706
45,전북,45111,20000,자동차관련시설,21-50대,364
11,서울,11680,16000,위락시설,21-50대,24
41,경기,41220,05000,문화및집회시설,11-20대,88
47,경북,47920,06000,종교시설,10대 이하,71
48,경남,48890,27000,관광휴게시설,21-50대,30
11,서울,11260,06000,종교시설,11-20대,215
51,강원,51770,03000,제1종근린생활시설,51-100대,117
45,전북,45180,10000,교육연구시설,51-100대,492
30,대전,30140,01000,단독주택,21-50대,26
26,부산,26350,,,10대 이하,8
30,대전,30200,07000,판매시설,11-20대,45
41,경기,41410,14000,업무시설,21-50대,964
41,경기,41800,13000,운동시설,100대 이상,4470
41,경기,41450,14000,업무시설,10대 이하,80
46,전남,46790,19000,위험물저장및처리시설,21-50대,41
46,전남,46800,15000,숙박시설,11-20대,18
47,경북,47290,26000,묘지관련시설,10대 이하,0
27,대구,27110,24000,방송통신시설,21-50대,48
36,세종,36110,15000,숙박시설,11-20대,205
41,경기,41310,26000,묘지관련시설,10대 이하,0
45,전북,45740,Z5000,문화및집회시설,10대 이하,10
48,경남,48129,Z3020,체육도장,10대 이하,0
11,서울,11230,Z8000,교육연구및복지시설,21-50대,42
46,전남,46170,31000,야영장시설,10대 이하,9
41,경기,41570,04000,제2종근린생활시설,10대 이하,16555
41,경기,41220,18000,창고시설,10대 이하,1869
48,경남,48840,Z8000,교육연구및복지시설,10대 이하,0
47,경북,47840,21000,동물및식물관련시설,21-50대,29
48,경남,48129,09000,의료시설,11-20대,69
41,경기,41150,03000,제1종근린생활시설,51-100대,1298
43,충북,43770,24000,방송통신시설,10대 이하,9
31,울산,31200,10000,교육연구시설,10대 이하,167
11,서울,11230,08000,운수시설,51-100대,59
41,경기,41461,30000,자원순환관련시설,10대 이하,195
51,강원,51170,01000,단독주택,11-20대,384
48,경남,48127,09000,의료시설,100대 이상,2739
11,서울,11470,10000,교육연구시설,21-50대,1956
46,전남,46230,04000,제2종근린생활시설,10대 이하,3014
43,충북,43730,18000,창고시설,10대 이하,280
44,충남,44760,30000,자원순환관련시설,11-20대,12
45,전북,45710,18000,창고시설,21-50대,390
11,서울,11500,07000,판매시설,10대 이하,6
44,충남,44133,Z3000,근린생활시설,10대 이하,20
11,서울,11740,Z3000,근린생활시설,10대 이하,49
28,인천,28260,19000,위험물저장및처리시설,100대 이상,240
46,전남,46820,23000,교정및군사시설,21-50대,46
11,서울,11200,09000,의료시설,100대 이상,2988
51,강원,51210,02000,공동주택,100대 이상,56941
27,대구,27720,03000,제1종근린생활시설,10대 이하,321
26,부산,26380,10000,교육연구시설,51-100대,934
51,강원,51230,02000,공동주택,11-20대,375
45,전북,45180,21000,동물및식물관련시설,10대 이하,47
47,경북,47900,18000,창고시설,10대 이하,166
41,경기,41390,17000,공장,51-100대,5855
45,전북,45113,14000,업무시설,11-20대,599
47,경북,47210,,,21-50대,43
47,경북,47111,22000,분뇨.쓰레기처리시설,10대 이하,32
48,경남,48270,,,21-50대,71
29,광주,29170,07000,판매시설,51-100대,149
11,서울,11560,10000,교육연구시설,11-20대,141
41,경기,41390,01000,단독주택,51-100대,51
41,경기,41670,18000,창고시설,100대 이상,11595
41,경기,41463,03000,제1종근린생활시설,51-100대,1536
46,전남,46840,30000,자원순환관련시설,21-50대,23
41,경기,41271,17000,공장,21-50대,486
46,전남,46170,19000,위험물저장및처리시설,10대 이하,66
11,서울,11740,03000,제1종근린생활시설,11-20대,747
29,광주,29155,10000,교육연구시설,21-50대,735
11,서울,11350,15000,숙박시설,11-20대,93
30,대전,30170,05000,문화및집회시설,21-50대,121
41,경기,41550,14000,업무시설,51-100대,132
41,경기,41550,03020,체육도장,10대 이하,0
46,전남,46810,09000,의료시설,10대 이하,5
46,전남,46170,30000,자원순환관련시설,11-20대,17
46,전남,46860,16000,위락시설,10대 이하,0
46,전남,46860,14000,업무시설,10대 이하,11
47,경북,47930,25000,발전시설,10대 이하,6
46,전남,46790,03000,제1종근린생활시설,51-100대,489
45,전북,45770,16000,위락시설,10대 이하,7
41,경기,41463,23000,교정및군사시설,11-20대,70
26,부산,26710,10000,교육연구시설,21-50대,855
44,충남,44270,26000,묘지관련시설,10대 이하,5
28,인천,28177,30000,자원순환관련시설,10대 이하,13
51,강원,51190,22000,분뇨.쓰레기처리시설,10대 이하,9
48,경남,48250,06000,종교시설,100대 이상,440
11,서울,11215,06000,종교시설,51-100대,171
48,경남,48740,04000,제2종근린생활시설,10대 이하,955
47,경북,47130,10000,교육연구시설,10대 이하,218
45,전북,45210,05000,문화및집회시설,10대 이하,19
41,경기,41113,11000,노유자시설,21-50대,165
46,전남,46890,18000,창고시설,100대 이상,204
45,전북,45140,21000,동물및식물관련시설,11-20대,40
48,경남,48220,17100,일반공장,10대 이하,0
26,부산,26140,30000,자원순환관련시설,10대 이하,4
51,강원,51750,02000,공동주택,11-20대,263
48,경남,48220,03000,제1종근린생활시설,21-50대,896
47,경북,47170,02007,기숙사,10대 이하,0
11,서울,11710,16000,위락시설,11-20대,14
26,부산,26440,Z8000,교육연구및복지시설,11-20대,17
44,충남,44250,04000,제2종근린생활시설,10대 이하,468
48,경남,48220,18000,창고시설,21-50대,22
41,경기,41250,23000,교정및군사시설,21-50대,94
11,서울,11140,20000,자동차관련시설,100대 이상,4205
43,충북,43150,20000,자동차관련시설,100대 이상,155
47,경북,47770,10000,교육연구시설,10대 이하,44
26,부산,26320,14000,업무시설,21-50대,890
46,전남,46150,05000,문화및집회시설,11-20대,19
27,대구,27170,10000,교육연구시설,100대 이상,472
26,부산,26230,02000,공동주택,51-100대,4889
46,전남,46710,11000,노유자시설,21-50대,37
51,강원,51130,창고,,10대 이하,0
51,강원,51720,07000,판매시설,21-50대,23
48,경남,48125,31000,야영장시설,10대 이하,16
47,경북,47170,23000,교정및군사시설,10대 이하,1
27,대구,27230,17000,공장,100대 이상,3809
51,강원,51230,03000,제1종근린생활시설,21-50대,162
48,경남,48730,20000,자동차관련시설,10대 이하,129
50,제주,50110,04000,제2종근린생활시설,10대 이하,13019
47,경북,47280,13000,운동시설,10대 이하,6
51,강원,51810,,,11-20대,18
44,충남,44131,04000,제2종근린생활시설,11-20대,1167
41,경기,41820,31000,야영장시설,10대 이하,412
44,충남,44230,04000,제2종근린생활시설,11-20대,447
11,서울,11545,,,10대 이하,0
28,인천,28110,19000,위험물저장및처리시설,100대 이상,317
11,서울,11440,07000,판매시설,10대 이하,6
41,경기,41210,03000,제1종근린생활시설,21-50대,1172
44,충남,44270,18000,창고시설,51-100대,213
48,경남,48330,06000,종교시설,10대 이하,269
47,경북,47840,14000,업무시설,21-50대,179
47,경북,47130,15000,숙박시설,11-20대,795
47,경북,47111,25000,발전시설,10대 이하,5
41,경기,41113,03000,제1종근린생활시설,100대 이상,1535
45,전북,45113,22000,분뇨.쓰레기처리시설,51-100대,56
47,경북,47840,05000,문화및집회시설,11-20대,20
48,경남,48129,13000,운동시설,11-20대,46
27,대구,27260,Z5000,문화및집회시설,21-50대,23
11,서울,11350,13000,운동시설,51-100대,218
41,경기,41590,20000,자동차관련시설,11-20대,499
11,서울,11410,12000,수련시설,10대 이하,13
11,서울,11305,02000,공동주택,11-20대,4245
48,경남,48250,,,10대 이하,68
51,강원,51150,,,10대 이하,23
46,전남,46900,10000,교육연구시설,11-20대,153
26,부산,26470,02000,공동주택,100대 이상,203894
48,경남,48720,13000,운동시설,100대 이상,3590
11,서울,11620,06000,종교시설,11-20대,388
45,전북,45113,07000,판매시설,10대 이하,14
41,경기,41171,01000,단독주택,10대 이하,3397
11,서울,11230,11000,노유자시설,11-20대,44
47,경북,47770,04000,제2종근린생활시설,11-20대,152
47,경북,47290,17000,공장,51-100대,4082
27,대구,27710,17000,공장,51-100대,6287
41,경기,41461,24000,방송통신시설,10대 이하,22
41,경기,41630,18000,창고시설,21-50대,624
51,강원,51130,18000,창고시설,10대 이하,1136
41,경기,41210,20000,자동차관련시설,10대 이하,106
47,경북,47113,21000,동물및식물관련시설,51-100대,66
43,충북,43750,05000,문화및집회시설,51-100대,400
11,서울,11680,22000,분뇨.쓰레기처리시설,21-50대,45
26,부산,26140,05000,문화및집회시설,11-20대,16
46,전남,46820,10000,교육연구시설,10대 이하,51
48,경남,48840,04000,제2종근린생활시설,11-20대,108
41,경기,41135,20000,자동차관련시설,21-50대,427
26,부산,26200,13000,운동시설,11-20대,19
26,부산,26320,18000,창고시설,10대 이하,32
41,경기,41111,02000,공동주택,11-20대,2983
46,전남,46780,20000,자동차관련시설,11-20대,12
47,경북,47210,18000,창고시설,51-100대,72
11,서울,11560,15000,숙박시설,21-50대,234
46,전남,46900,25000,발전시설,10대 이하,0
28,인천,28110,10000,교육연구시설,21-50대,499
30,대전,30110,Z3000,근린생활시설,21-50대,23
44,충남,44800,04000,제2종근린생활시설,10대 이하,1648
47,경북,47210,22000,분뇨.쓰레기처리시설,10대 이하,0
44,충남,44230,01000,단독주택,51-100대,193
41,경기,41430,20000,자동차관련시설,10대 이하,63
47,경북,47290,24000,방송통신시설,10대 이하,9
11,서울,11215,01000,단독주택,51-100대,70
29,광주,29170,09000,의료시설,21-50대,1246
44,충남,44810,10000,교육연구시설,11-20대,90
47,경북,47210,16000,위락시설,10대 이하,24
41,경기,41171,06000,종교시설,51-100대,331
43,충북,43114,09000,의료시설,10대 이하,0
48,경남,48880,07000,판매시설,51-100대,150
51,강원,51130,14000,업무시설,10대 이하,100
48,경남,48310,17000,공장,100대 이상,345724
43,충북,43800,04000,제2종근린생활시설,100대 이상,126
45,전북,45113,08000,운수시설,51-100대,66
30,대전,30170,13000,운동시설,11-20대,46
43,충북,43770,19000,위험물저장및처리시설,11-20대,20
51,강원,51720,Z5000,문화및집회시설,51-100대,62
43,충북,43770,21000,동물및식물관련시설,11-20대,35
48,경남,48240,26000,묘지관련시설,100대 이상,681
51,강원,51170,04000,제2종근린생활시설,51-100대,125
46,전남,46170,10000,교육연구시설,51-100대,825
48,경남,48860,30000,자원순환관련시설,11-20대,65
27,대구,27170,11000,노유자시설,21-50대,83
46,전남,46130,11000,노유자시설,21-50대,191
27,대구,27110,04000,제2종근린생활시설,51-100대,124
44,충남,44800,02000,공동주택,11-20대,595
41,경기,41650,01000,단독주택,11-20대,1042
26,부산,26500,02000,공동주택,11-20대,3666
48,경남,48310,23000,교정및군사시설,10대 이하,0
45,전북,45190,07000,판매시설,11-20대,76
45,전북,45113,15000,숙박시설,21-50대,191
45,전북,45140,13000,운동시설,100대 이상,4581
47,경북,47130,09000,의료시설,10대 이하,21
46,전남,46150,03000,제1종근린생활시설,10대 이하,2744
48,경남,48270,05000,문화및집회시설,100대 이상,754
26,부산,26200,20000,자동차관련시설,100대 이상,212
31,울산,31170,03000,제1종근린생활시설,11-20대,293
46,전남,46880,,,11-20대,12
45,전북,45800,13000,운동시설,11-20대,20
51,강원,51210,07000,판매시설,21-50대,93
41,경기,41463,01000,단독주택,11-20대,1045
41,경기,41250,07000,판매시설,10대 이하,10
47,경북,47150,05000,문화및집회시설,21-50대,238
27,대구,27290,06000,종교시설,11-20대,214
45,전북,45210,12000,수련시설,10대 이하,4
41,경기,41115,08000,운수시설,10대 이하,0
48,경남,48730,05000,문화및집회시설,11-20대,29
47,경북,47230,20000,자동차관련시설,21-50대,46
26,부산,26170,09000,의료시설,11-20대,24
41,경기,41150,15000,숙박시설,21-50대,314
51,강원,51210,16000,위락시설,10대 이하,15
41,경기,41173,02000,공동주택,100대 이상,526894
45,전북,45750,02000,공동주택,100대 이상,1076
41,경기,41410,05000,문화및집회시설,11-20대,35
44,충남,44131,09000,의료시설,51-100대,381
41,경기,41111,19000,위험물저장및처리시설,11-20대,12
31,울산,31170,20000,자동차관련시설,10대 이하,28
41,경기,41430,14000,업무시설,11-20대,174
41,경기,41820,03000,제1종근린생활시설,51-100대,115
11,서울,11260,03000,제1종근린생활시설,10대 이하,1663
31,울산,31710,13000,운동시설,10대 이하,39
29,광주,29140,10000,교육연구시설,100대 이상,940
41,경기,41360,10000,교육연구시설,11-20대,448
30,대전,30110,04000,제2종근린생활시설,51-100대,223
26,부산,26230,03000,제1종근린생활시설,11-20대,654
41,경기,41131,33000,"국방,군사시설",10대 이하,0
41,경기,41281,,,11-20대,13
26,부산,26530,14000,업무시설,51-100대,940
41,경기,41450,03000,제1종근린생활시설,10대 이하,3707
44,충남,44230,22000,분뇨.쓰레기처리시설,51-100대,96
41,경기,41430,11000,노유자시설,10대 이하,138
11,서울,11440,20000,자동차관련시설,10대 이하,40
47,경북,47850,07000,판매시설,11-20대,11
41,경기,41370,10000,교육연구시설,10대 이하,157
44,충남,44810,30000,자원순환관련시설,21-50대,74
45,전북,45180,12000,수련시설,10대 이하,6
51,강원,51110,Z6000,판매및영업시설,21-50대,47
48,경남,48270,31000,야영장시설,21-50대,53
41,경기,41220,12000,수련시설,10대 이하,5
41,경기,41500,13000,운동시설,11-20대,31
27,대구,27290,05000,문화및집회시설,21-50대,179
28,인천,28200,25000,발전시설,100대 이상,140
44,충남,44210,04000,제2종근린생활시설,51-100대,319
47,경북,47230,14000,업무시설,100대 이상,1289
51,강원,51770,11000,노유자시설,51-100대,55
46,전남,46900,01000,단독주택,21-50대,65
51,강원,51110,23000,교정및군사시설,21-50대,190
11,서울,11260,18000,창고시설,11-20대,13
45,전북,45800,18000,창고시설,51-100대,62
26,부산,26320,03000,제1종근린생활시설,11-20대,391
29,광주,29170,18000,창고시설,21-50대,102
28,인천,28110,19000,위험물저장및처리시설,10대 이하,138
11,서울,11620,01000,단독주택,11-20대,78
27,대구,27710,02000,공동주택,11-20대,250
47,경북,47113,18000,창고시설,10대 이하,338
41,경기,41131,13000,운동시설,11-20대,35
11,서울,11440,08000,운수시설,10대 이하,0
11,서울,11290,02000,공동주택,51-100대,3685
26,부산,26500,01000,단독주택,21-50대,58
26,부산,26230,19000,위험물저장및처리시설,11-20대,20
48,경남,48250,09000,의료시설,10대 이하,40
48,경남,48250,07000,판매시설,51-100대,421
47,경북,47840,27000,관광휴게시설,21-50대,46
47,경북,47130,12000,수련시설,100대 이상,4623
47,경북,47113,31000,야영장시설,10대 이하,0
30,대전,30110,08000,운수시설,10대 이하,0
51,강원,51230,15000,숙박시설,21-50대,64
51,강원,51830,30000,자원순환관련시설,10대 이하,2
46,전남,46880,18000,창고시설,10대 이하,309
44,충남,44133,23000,교정및군사시설,21-50대,132
11,서울,11545,01000,단독주택,10대 이하,5731
51,강원,51770,,,10대 이하,142
11,서울,11260,06000,종교시설,21-50대,519
27,대구,27140,06000,종교시설,21-50대,616
26,부산,26110,15000,숙박시설,11-20대,103
51,강원,51130,24000,방송통신시설,100대 이상,139
51,강원,51770,24000,방송통신시설,21-50대,21
51,강원,51770,13000,운동시설,100대 이상,6283
48,경남,48840,12000,수련시설,51-100대,54
41,경기,41550,25000,발전시설,10대 이하,4
46,전남,46790,13000,운동시설,10대 이하,32
44,충남,44150,02000,공동주택,21-50대,544
43,충북,43112,30000,자원순환관련시설,11-20대,15
41,경기,41133,02000,공동주택,21-50대,1275
46,전남,46770,05000,문화및집회시설,10대 이하,26
43,충북,43112,15000,숙박시설,10대 이하,222
46,전남,46890,10000,교육연구시설,11-20대,73
45,전북,45740,27000,관광휴게시설,10대 이하,0
44,충남,44131,24000,방송통신시설,21-50대,50
46,전남,46830,11000,노유자시설,10대 이하,135
30,대전,30230,03000,제1종근린생활시설,21-50대,463
41,경기,41190,09000,의료시설,100대 이상,3576
45,전북,45770,18000,창고시설,21-50대,70
31,울산,31110,JY,,10대 이하,5
11,서울,11560,09000,의료시설,11-20대,114
48,경남,48240,06000,종교시설,10대 이하,103
26,부산,26110,14000,업무시설,51-100대,1449
47,경북,47830,30000,자원순환관련시설,10대 이하,31
44,충남,44200,01001,단독주택,11-20대,14
29,광주,29200,27000,관광휴게시설,21-50대,36
41,경기,41461,31000,야영장시설,11-20대,17
11,서울,11545,09000,의료시설,21-50대,105
43,충북,43150,24000,방송통신시설,10대 이하,0
46,전남,46230,15000,숙박시설,10대 이하,352
41,경기,41650,19000,위험물저장및처리시설,11-20대,63
27,대구,27720,30000,자원순환관련시설,10대 이하,7
28,인천,28200,09000,의료시설,100대 이상,2074
28,인천,28177,,,51-100대,76
45,전북,45740,05000,문화및집회시설,10대 이하,15
51,강원,51720,20000,자동차관련시설,100대 이상,782
47,경북,47170,04000,제2종근린생활시설,10대 이하,2339
46,전남,46830,12000,수련시설,21-50대,39
41,경기,41550,Z8000,교육연구및복지시설,10대 이하,9
45,전북,45140,20000,자동차관련시설,11-20대,128
26,부산,26110,03000,제1종근린생활시설,10대 이하,177
44,충남,44770,15000,숙박시설,51-100대,74
11,서울,11260,15000,숙박시설,21-50대,100
45,전북,45190,29000,장례시설,21-50대,21
48,경남,48250,10000,교육연구시설,10대 이하,360
46,전남,46770,20000,자동차관련시설,11-20대,12
11,서울,11305,06000,종교시설,51-100대,262
29,광주,29155,07000,판매시설,10대 이하,3
41,경기,41465,30000,자원순환관련시설,100대 이상,490
47,경북,47113,15000,숙박시설,51-100대,60
11,서울,11350,05000,문화및집회시설,21-50대,53
41,경기,41610,07000,판매시설,10대 이하,12
26,부산,26200,Z6000,판매및영업시설,10대 이하,0
47,경북,47250,10000,교육연구시설,11-20대,96
28,인천,28177,Z3000,근린생활시설,10대 이하,24
48,경남,48310,21000,동물및식물관련시설,100대 이상,131
